indiv.ID,Omy_Ch05_10_57417407_haplotype.1,Omy_Ch05_10_57417407_haplotype.2,Omy_Ch05_6_56087112_haplotype.1,Omy_Ch05_6_56087112_haplotype.2,Omy_Ch05_7_76786553_haplotype.1,Omy_Ch05_7_76786553_haplotype.2,Omy_Ch05_8_28133607_haplotype.1,Omy_Ch05_8_28133607_haplotype.2,Omy_Ch05_9_54854574_haplotype.1,Omy_Ch05_9_54854574_haplotype.2,Omy_Ch22_VGLL3-1_haplotype.1,Omy_Ch22_VGLL3-1_haplotype.2,Omy_Ch22_VGLL3-6_snp1_haplotype.1,Omy_Ch22_VGLL3-6_snp1_haplotype.2,Omy_Ch22_VGLL3-6_snp2_haplotype.1,Omy_Ch22_VGLL3-6_snp2_haplotype.2,Omy_Ch25_Six6_61285646_haplotype.1,Omy_Ch25_Six6_61285646_haplotype.2,Omy_Ch25_Six6_61287415_haplotype.1,Omy_Ch25_Six6_61287415_haplotype.2,Omy_Ch25_Six6_61316270_haplotype.1,Omy_Ch25_Six6_61316270_haplotype.2,Omy_Ch25_Six6_61317685_haplotype.1,Omy_Ch25_Six6_61317685_haplotype.2,Omy_Ch25_Six6_61317777_haplotype.1,Omy_Ch25_Six6_61317777_haplotype.2,Omy_Ch25_Six6_61318852_haplotype.1,Omy_Ch25_Six6_61318852_haplotype.2,Omy_Ch25_Six6_61322413_haplotype.1,Omy_Ch25_Six6_61322413_haplotype.2,Omy_Ch25_Six6-2_haplotype.1,Omy_Ch25_Six6-2_haplotype.2,Omy_Ch25_Six6-3_haplotype.1,Omy_Ch25_Six6-3_haplotype.2,Omy_Ch25_Six6-6_snp1_haplotype.1,Omy_Ch25_Six6-6_snp1_haplotype.2,Omy_Ch25_Six6-6_snp2_haplotype.1,Omy_Ch25_Six6-6_snp2_haplotype.2,Omy_Ch28_11622532_B_haplotype.1,Omy_Ch28_11622532_B_haplotype.2,Omy_Ch28_11623412_B_haplotype.1,Omy_Ch28_11623412_B_haplotype.2,Omy_Ch28_11625241_C_haplotype.1,Omy_Ch28_11625241_C_haplotype.2,Omy_Ch28_11629294_D_haplotype.1,Omy_Ch28_11629294_D_haplotype.2,Omy_Ch28_11641623_D_haplotype.1,Omy_Ch28_11641623_D_haplotype.2,Omy_Ch28_11658853_F_haplotype.1,Omy_Ch28_11658853_F_haplotype.2,Omy_Ch28_11667578_F_haplotype.1,Omy_Ch28_11667578_F_haplotype.2,Omy_Ch28_11676622_G_haplotype.1,Omy_Ch28_11676622_G_haplotype.2,Omy_Ch28_11678603_G_haplotype.1,Omy_Ch28_11678603_G_haplotype.2,Omy_Ch28_11683310_H_haplotype.1,Omy_Ch28_11683310_H_haplotype.2,Omy_Ch28_11684744_H_haplotype.1,Omy_Ch28_11684744_H_haplotype.2,Omy_Ch28_greb1_mhap1_haplotype.1,Omy_Ch28_greb1_mhap1_haplotype.2,Omy_Ch28_greb1_mhap10_haplotype.1,Omy_Ch28_greb1_mhap10_haplotype.2,Omy_Ch28_greb1_mhap2_haplotype.1,Omy_Ch28_greb1_mhap2_haplotype.2,Omy_Ch28_greb1_mhap6_haplotype.1,Omy_Ch28_greb1_mhap6_haplotype.2,Omy_Ch28_greb1_mhap8_haplotype.1,Omy_Ch28_greb1_mhap8_haplotype.2
M145489,GG,TA,C,T,A,G,C,T,CTC,TGT,AT,AT,A,T,A,A,A,A,C,C,G,G,A,A,A,A,A,A,C,C,A,A,TC,TC,C,C,T,T,G,G,T,T,A,G,T,T,G,G,C,C,C,T,G,G,C,T,AT,TC,AGGG,TCTA,C,C,GC,TT,GGC,GGC,A,T,AG,GA
M145490,GG,GG,C,C,A,A,C,C,CTC,CTC,AT,AT,A,A,A,A,C,C,T,T,T,T,G,G,A,A,G,G,C,C,C,C,AT,AT,T,T,T,T,G,G,T,T,G,G,T,T,G,G,C,C,C,C,G,G,T,T,AT,AT,TCTA,TCTA,C,C,GC,TC,ATC,ATC,T,T,GA,GA
M145491,GG,TA,C,T,A,G,C,T,CTC,TGT,TG,TG,A,A,A,A,A,A,C,C,G,G,A,A,A,A,A,A,C,C,A,A,TC,TC,C,C,T,T,G,G,T,T,G,G,T,T,G,G,C,C,C,C,G,G,T,T,AT,AT,TCTA,TCTA,C,C,TT,TT,ATC,GGC,T,T,GA,GA
M145492,GG,GG,C,C,A,A,C,C,CTC,CTC,AT,AT,A,A,A,A,A,C,C,T,G,T,A,G,A,A,A,G,C,C,A,C,AT,TC,C,T,T,T,G,G,T,T,G,G,T,T,G,G,C,C,C,C,G,G,T,T,AT,AT,TCTA,TCTA,C,C,GC,TC,GGC,GGC,T,T,GA,GA
M145493,GG,GG,C,C,A,A,C,C,CTC,CTC,AT,AT,A,A,A,A,C,C,C,T,G,G,A,A,A,A,A,A,C,C,A,A,TC,TC,C,C,T,T,G,G,T,T,G,G,T,T,G,G,C,C,C,C,G,G,T,T,AT,AT,TCTA,TCTA,C,C,TC,TT,ATC,GGC,T,T,GA,GA
M145494,GG,GG,C,C,A,A,C,C,CTC,CTC,AT,AT,A,A,A,A,A,C,C,T,G,G,A,A,A,A,A,A,C,C,A,C,TC,TC,C,C,T,T,G,G,T,T,G,G,T,T,G,G,C,C,C,C,G,G,T,T,AT,AT,TCTA,TCTA,C,C,TC,TT,ATC,GGC,T,T,GA,GA
M145495,GG,GG,C,C,A,A,C,C,CTC,CTC,AT,AT,A,A,A,A,C,C,C,C,G,G,A,A,A,A,A,A,C,C,A,A,TC,TC,C,C,T,T,G,G,T,T,G,G,T,T,G,G,C,C,C,C,G,G,T,T,AT,AT,TCTA,TCTA,C,C,GC,GT,GGC,GGC,T,T,GA,GA
M145496,GG,TA,C,T,A,G,C,T,CTC,TGT,AT,TG,A,A,A,A,A,C,C,T,G,T,A,G,A,A,A,G,C,C,A,C,AT,TC,C,T,T,T,G,G,T,T,A,G,T,T,G,G,C,C,C,T,G,T,C,T,AC,AT,AGGG,TCTA,C,C,GC,GC,GGC,GGC,A,T,AG,GA
M145497,GG,TA,C,T,A,G,C,T,CTC,TGT,TG,TG,A,A,A,A,C,C,C,T,G,T,A,G,A,A,A,G,C,C,A,C,AT,TC,C,T,T,T,G,G,T,T,G,G,T,T,G,G,C,C,C,C,G,G,T,T,AT,AT,TCTA,TCTA,C,C,GC,TT,ATC,GGC,T,T,GA,GA
M145498,GG,TA,C,T,A,G,C,T,CTC,TGT,AT,TG,A,A,A,A,A,A,C,C,G,T,A,G,A,A,A,G,C,C,A,C,AT,TC,C,T,T,T,G,G,T,T,G,G,T,T,G,G,C,C,C,C,G,G,T,T,AT,AT,TCTA,TCTA,C,C,TT,TT,GGC,GGC,T,T,GA,GA
M145499,GG,GG,C,C,A,A,C,C,CTC,CTC,AT,AT,A,A,A,A,C,C,C,C,G,G,A,A,A,A,A,A,C,C,A,A,TC,TC,C,C,T,T,G,G,T,T,G,G,T,T,G,G,C,C,C,C,G,G,T,T,AT,AT,TCTA,TCTA,C,C,GC,GT,GGC,GGC,T,T,GA,GA
M145500,GG,TA,C,T,A,G,C,T,CTC,TGT,AT,TG,A,A,A,A,C,C,C,T,G,T,A,G,A,A,A,G,C,C,A,C,AT,TC,C,T,T,T,G,G,T,T,G,G,T,T,G,G,C,C,C,C,G,G,T,T,AT,AT,TCTA,TCTA,C,C,GC,TT,GGC,GGC,T,T,GA,GA
M145501,GG,GG,C,C,A,A,C,C,CTC,CTC,AT,AT,A,A,A,A,C,C,C,T,G,T,A,G,A,A,A,G,C,C,A,C,AT,TC,C,T,T,T,G,G,T,T,G,G,T,T,G,G,C,C,C,C,G,G,T,T,AT,AT,TCTA,TCTA,C,C,GC,GT,GGC,GGC,T,T,GA,GA
M145502,GG,GG,C,C,A,A,C,C,CTC,CTC,AT,AT,A,A,A,A,C,C,C,C,G,G,A,A,A,A,A,A,C,C,A,A,TC,TC,C,C,T,T,G,G,T,T,G,G,T,T,G,G,C,C,C,C,G,G,T,T,AT,AT,TCTA,TCTA,C,C,TC,TC,ATC,ATC,T,T,GA,GA
M145503,GG,GG,C,C,A,A,C,C,CTC,CTC,AT,AT,A,A,A,A,A,A,C,C,T,T,G,G,A,A,G,G,C,C,C,C,AT,AT,T,T,T,T,G,G,T,T,G,G,T,T,G,G,C,C,C,C,G,G,T,T,AT,AT,TCTA,TCTA,C,C,GC,GC,GGC,GGC,T,T,GA,GA
M145504,GG,GG,C,C,A,A,C,T,CTC,CTC,AT,AT,A,A,A,A,A,C,C,T,T,T,G,G,A,A,G,G,C,C,C,C,AT,AT,T,T,T,T,G,G,T,T,G,G,T,T,G,G,C,C,C,C,G,G,T,T,AT,AT,TCTA,TCTA,C,C,GC,GT,GGC,GGC,T,T,GA,GA
M145505,GG,GG,C,C,A,A,C,T,CTC,CTC,AT,AT,A,A,A,A,C,C,T,T,T,T,G,G,A,A,G,G,C,C,C,C,AT,AT,T,T,T,T,G,G,T,T,G,G,T,T,G,G,C,C,C,C,G,G,T,T,AT,AT,TCTA,TCTA,C,C,TT,TT,ATC,GGC,T,T,GA,GA
M145506,GG,GG,C,C,A,A,C,C,CTC,CTC,AT,TG,A,T,A,A,A,A,C,C,G,G,A,A,A,A,A,A,C,C,A,C,TC,TC,C,C,T,T,G,G,T,T,G,G,T,T,G,G,C,C,C,C,G,G,T,T,AT,AT,TCTA,TCTA,C,T,TT,TT,ATC,GGC,T,T,GA,GA
M145507,GG,GG,C,C,A,A,C,C,CTC,CTC,AT,AT,A,T,A,A,A,C,C,C,G,G,A,A,A,A,A,A,C,C,A,C,TC,TC,C,C,T,T,G,G,T,T,G,G,T,T,G,G,C,C,C,C,G,G,T,T,AT,AT,TCTA,TCTA,C,C,GC,TT,ATC,GGC,T,T,GA,GA
M145508,GG,GG,C,C,A,A,C,C,CTC,CTC,AT,AT,A,T,A,A,A,C,C,C,G,G,A,A,A,A,A,A,C,C,A,A,TC,TC,C,C,T,T,G,G,T,T,G,G,T,T,G,G,C,C,C,C,G,G,T,T,AT,AT,TCTA,TCTA,C,C,GC,TT,GGC,GGC,T,T,GA,GA
M145509,GG,GG,C,C,A,A,C,C,CTC,CTC,AT,AT,A,A,A,A,C,C,C,C,G,G,A,A,A,A,A,A,C,C,A,A,TC,TC,C,C,T,T,G,G,T,T,G,G,T,T,G,G,C,C,C,C,G,G,T,T,AT,AT,TCTA,TCTA,C,C,GC,TC,ATC,GGC,T,T,GA,GA
M145510,GG,GG,C,C,A,A,C,C,CTC,CTC,AT,TG,A,T,A,A,A,C,C,C,G,G,A,A,A,A,A,A,C,C,A,C,TC,TC,C,C,T,T,G,G,T,T,G,G,T,T,G,G,C,C,C,C,G,G,T,T,AT,AT,TCTA,TCTA,C,C,GC,GC,ATC,GGC,T,T,GA,GA
M145511,GG,GG,C,C,A,A,C,C,CTC,CTC,AT,AT,T,T,A,A,A,C,C,C,G,G,A,A,A,A,A,A,C,C,A,C,TC,TC,C,C,T,T,G,G,T,T,G,G,T,T,G,G,C,C,C,C,G,G,T,T,AT,AT,TCTA,TCTA,C,C,GT,TT,GGC,GGC,T,T,GA,GA
M145512,GG,GG,C,C,A,A,C,C,CTC,CTC,AT,AT,A,T,A,A,A,C,C,T,G,G,A,A,A,A,A,A,C,C,A,A,TC,TC,C,C,T,T,G,G,T,T,G,G,T,T,G,G,C,C,C,C,G,G,T,T,AT,AT,TCTA,TCTA,C,C,TT,TT,ATC,GGC,T,T,GA,GA
M145513,GG,GG,C,C,A,A,C,C,CTC,CTC,AT,AT,A,A,A,A,C,C,C,T,G,G,A,A,A,A,A,A,C,C,A,A,TC,TC,C,C,T,T,G,G,T,T,G,G,T,T,G,G,C,C,C,C,G,G,T,T,AT,AT,TCTA,TCTA,C,C,TT,TT,ATC,GGC,T,T,GA,GA
M145514,GG,GG,C,C,A,A,C,C,CTC,CTC,AT,AT,A,A,A,A,A,C,C,C,G,G,A,A,A,A,A,A,C,C,A,C,TC,TC,C,C,T,T,G,G,T,T,G,G,T,T,G,G,C,C,C,C,G,G,T,T,AT,AT,TCTA,TCTA,C,C,GC,TT,ATC,GGC,T,T,GA,GA
M145515,GG,GG,C,C,A,A,C,C,CTC,CTC,AT,AT,A,A,A,A,C,C,C,T,G,T,A,G,A,A,A,G,C,C,A,C,AT,TC,T,T,T,T,G,G,T,T,G,G,T,T,G,G,C,C,C,C,G,G,T,T,AT,AT,TCTA,TCTA,C,C,TC,TT,GGC,GGC,T,T,GA,GA
M145516,GG,GG,C,C,A,A,C,C,CTC,CTC,AT,AT,A,T,A,A,C,C,T,T,T,T,G,G,A,A,G,G,C,C,C,C,AT,AT,T,T,T,T,G,G,T,T,G,G,T,T,G,G,C,C,C,C,G,G,T,T,AT,AT,TCTA,TCTA,C,C,TC,TT,GGC,GGC,T,T,GA,GA
M145517,GG,GG,C,C,A,A,C,C,CTC,CTC,AT,AT,A,A,A,A,C,C,T,T,T,T,G,G,A,A,G,G,C,C,C,C,AT,AT,T,T,T,T,G,G,T,T,G,G,T,T,G,G,C,C,C,C,G,G,T,T,AT,AT,TCTA,TCTA,C,C,GC,TT,ATC,GGC,T,T,GA,GA
M145518,GG,TA,C,T,A,G,C,T,CTC,TGT,AT,AT,A,T,A,A,C,C,C,T,G,G,A,A,A,A,A,A,C,C,A,A,TC,TC,C,C,T,T,G,G,T,T,A,G,T,T,G,G,C,C,C,T,G,T,C,T,AC,AT,AGGG,TCTA,C,C,GC,TT,GGC,GGC,A,T,AG,GA
M145519,GG,TA,C,T,A,G,C,T,CTC,TGT,TG,TG,A,A,A,A,A,C,C,C,G,T,A,G,A,A,G,G,C,C,A,C,AT,TC,C,T,T,T,G,G,T,T,G,G,T,T,G,G,C,C,C,C,G,G,T,T,AT,AT,TCTA,TCTA,C,C,GT,TC,ATC,GGC,T,T,GA,GA
M145520,GG,TA,C,T,A,G,C,T,CTC,TGT,AT,AT,A,A,A,A,A,A,C,C,G,T,A,G,A,A,A,G,C,C,C,C,AT,TC,C,T,T,T,G,G,T,T,G,G,T,T,G,G,C,C,C,C,G,G,T,T,AT,AT,TCTA,TCTA,C,C,TT,TT,ATC,GGC,T,T,GA,GA
M145521,GG,GG,C,C,A,A,C,C,CTC,CTC,AT,TG,A,A,A,A,A,C,C,T,G,T,A,G,A,A,A,G,C,C,A,C,AT,TC,C,T,T,T,G,G,T,T,G,G,T,T,G,G,C,C,C,C,G,G,T,T,AT,AT,TCTA,TCTA,C,C,TT,TT,ATC,GGC,T,T,GA,GA
M145522,GG,GG,C,C,A,A,C,C,CTC,CTC,AT,AT,A,A,A,A,C,C,T,T,T,T,G,G,A,A,G,G,C,C,C,C,AT,AT,T,T,T,T,G,G,T,T,G,G,T,T,G,G,C,C,C,C,G,G,T,T,AT,AT,TCTA,TCTA,C,C,TC,TT,GGC,GGC,T,T,GA,GA
M145523,GG,TA,C,T,A,G,C,T,CTC,TGT,AT,AT,A,A,A,A,C,C,T,T,G,T,A,G,A,A,A,G,C,C,C,C,AT,TC,C,T,T,T,G,G,T,T,A,G,T,T,G,G,C,C,C,T,G,T,C,T,AC,AT,AGGG,TCTA,C,C,GC,TT,GGC,GGC,A,T,AG,GA
M145524,GG,GG,C,C,A,A,C,C,CTC,CTC,AT,AT,A,A,A,A,A,C,C,T,G,G,A,A,A,A,A,A,C,C,A,C,TC,TC,C,C,T,T,G,G,T,T,G,G,T,T,G,G,C,C,C,C,G,G,T,T,AT,AT,TCTA,TCTA,C,C,TT,TT,ATC,GGC,T,T,GA,GA
M145525,GG,GG,C,C,A,A,C,C,CTC,CTC,AT,AT,T,T,A,A,A,C,C,C,G,G,A,A,A,A,A,A,C,C,A,C,TC,TC,C,C,T,T,G,G,T,T,G,G,T,T,G,G,C,C,C,C,G,G,T,T,AT,AT,TCTA,TCTA,0,0,TT,TT,GGC,GGC,T,T,GA,GA
M145526,GG,GG,C,C,A,A,C,C,CTC,CTC,AT,TG,A,T,A,A,A,C,C,T,G,T,A,G,A,A,A,G,C,C,A,C,AT,TC,C,T,T,T,G,G,T,T,G,G,T,T,G,G,C,C,C,C,G,G,T,T,AT,AT,TCTA,TCTA,C,C,GC,TT,ATC,GGC,T,T,GA,GA
M145527,GG,TA,C,T,A,G,C,T,CTC,TGT,AT,TG,A,A,A,A,C,C,C,T,G,G,A,A,A,A,A,A,C,C,A,C,TC,TC,C,C,T,T,G,G,T,T,G,G,T,T,G,G,C,C,C,C,G,G,T,T,AT,AT,TCTA,TCTA,C,C,TT,TT,ATC,ATC,T,T,GA,GA
M145528,GG,GG,C,C,A,A,C,C,CTC,CTC,AT,AT,A,A,A,A,A,C,0,0,G,G,A,A,A,A,A,A,C,C,A,A,TC,TC,C,C,T,T,G,G,T,T,G,G,T,T,G,G,C,C,C,C,G,G,T,T,AT,AT,TCTA,TCTA,C,C,GC,TC,GGC,GGC,T,T,GA,GA
M145529,TA,TA,T,T,G,G,T,T,TGT,TGT,AT,TG,A,A,A,A,C,C,T,T,G,T,G,G,A,A,A,G,C,C,A,C,AT,TC,C,T,T,T,G,G,T,T,G,G,T,T,G,G,C,C,C,C,G,G,T,T,AT,AT,TCTA,TCTA,C,C,GC,TT,ATC,GGC,T,T,GA,GA
M145530,TA,TA,T,T,G,G,T,T,TGT,TGT,AT,TG,A,A,A,A,A,C,C,T,T,T,G,G,A,A,G,G,C,C,C,C,AT,AT,T,T,T,T,G,G,T,T,G,G,T,T,G,G,C,C,C,C,G,T,C,T,AC,AT,AGGG,TCTA,C,C,GC,TT,ATC,GGC,T,T,AG,GA
M145531,GG,GG,C,C,A,A,C,C,CTC,CTC,AT,AT,A,A,A,A,A,C,C,T,T,T,G,G,A,A,G,G,C,C,C,C,AT,AT,T,T,T,T,G,G,T,T,G,G,T,T,G,G,C,C,C,C,G,G,T,T,AT,AT,TCTA,TCTA,C,C,GC,GT,GGC,GGC,T,T,GA,GA
M145532,GG,TA,C,T,A,G,C,T,CTC,TGT,TG,TG,A,A,A,A,A,C,T,T,T,T,G,G,A,A,G,G,C,C,C,C,AT,AT,T,T,T,T,G,G,T,T,G,G,T,T,G,G,C,C,C,C,G,G,T,T,AT,AT,TCTA,TCTA,C,C,GT,TC,ATC,GGC,T,T,GA,GA
M145533,GG,TA,C,T,A,G,C,T,CTC,TGT,AT,AT,A,T,A,A,C,C,C,T,G,G,A,A,A,A,A,A,C,C,A,A,TC,TC,C,C,T,T,G,G,T,T,A,G,T,T,G,G,C,C,C,T,G,T,C,T,AC,AT,AGGG,TCTA,C,C,GC,TT,GGC,GGC,A,T,AG,GA
M145534,GG,GG,C,C,A,A,C,C,CTC,CTC,AT,AT,A,A,A,A,A,C,C,C,G,T,A,G,A,A,G,G,C,C,A,C,AT,TC,C,T,T,T,G,G,T,T,G,G,T,T,G,G,C,C,C,C,G,G,T,T,AT,AT,TCTA,TCTA,C,C,TT,TT,ATC,ATC,T,T,GA,GA
M145535,GG,TA,C,T,A,G,T,T,CTC,TGT,AT,TG,A,A,A,A,C,C,C,T,G,T,A,G,A,A,A,G,C,C,A,C,AT,TC,C,T,T,T,G,G,T,T,G,G,T,T,G,G,C,C,C,C,G,G,T,T,AT,AT,TCTA,TCTA,C,C,GC,TT,ATC,GGC,T,T,GA,GA
M145536,GG,GG,C,C,A,A,C,C,CTC,CTC,AT,AT,A,T,A,A,C,C,C,T,G,T,A,G,A,A,A,G,C,C,A,C,AT,TC,C,T,T,T,G,G,T,T,G,G,T,T,G,G,C,C,C,C,G,G,T,T,AT,AT,TCTA,TCTA,C,C,TC,TT,GGC,GGC,T,T,GA,GA
M145537,GG,TA,C,T,A,G,C,T,CTC,TGT,AT,TG,A,T,A,A,A,C,C,C,G,G,A,A,A,A,A,A,C,C,A,A,TC,TC,C,C,T,T,G,G,T,T,G,G,T,T,G,G,C,C,C,C,G,T,C,T,AT,TC,ACGG,TCTA,C,C,GT,TC,ATC,GGC,T,T,GA,GA
M145538,GG,GG,C,C,A,A,C,C,CTC,CTC,AT,AT,A,T,A,A,A,C,C,C,G,G,A,A,A,A,A,A,C,C,A,C,TC,TC,C,C,T,T,G,G,T,T,G,G,T,T,G,G,C,C,C,C,G,G,T,T,AT,AT,TCTA,TCTA,C,C,TT,TT,ATC,GGC,T,T,GA,GA
M145539,GG,GG,C,C,A,A,C,C,CTC,CTC,AT,AT,A,T,A,A,C,C,C,C,G,G,A,A,A,A,A,A,C,C,A,A,TC,TC,C,C,T,T,G,G,T,T,G,G,T,T,G,G,C,C,C,C,G,G,T,T,AT,AT,TCTA,TCTA,C,C,GC,TC,ATC,ATC,T,T,GA,GA
M145540,GG,GG,C,C,A,A,C,C,CTC,CTC,AT,TG,A,T,A,A,A,C,C,T,G,T,A,G,A,A,A,G,C,C,C,C,AT,TC,C,T,T,T,G,G,T,T,G,G,T,T,G,G,C,C,C,C,G,G,T,T,AT,AT,TCTA,TCTA,C,C,GC,TC,ATC,GGC,T,T,GA,GA
M145541,GG,GG,C,C,A,A,C,C,CTC,CTC,AT,AT,T,T,A,A,C,C,T,T,T,T,G,G,A,A,G,G,C,C,C,C,AT,AT,T,T,T,T,G,G,T,T,G,G,T,T,G,G,C,C,C,C,G,G,T,T,AT,AT,TCTA,TCTA,C,C,TC,TT,GGC,GGC,T,T,GA,GA
M145542,GG,GG,C,C,A,A,C,C,CTC,CTC,AT,AT,A,A,A,A,C,C,C,C,G,G,A,A,A,A,A,A,C,C,A,A,TC,TC,C,C,T,T,G,G,T,T,G,G,T,T,G,G,C,C,C,C,G,G,T,T,AT,AT,TCTA,TCTA,C,C,TC,TC,ATC,ATC,T,T,GA,GA
M145543,GG,TA,C,T,A,G,C,T,CTC,TGT,AT,AT,A,A,A,A,C,C,C,C,G,G,A,A,A,A,A,A,C,C,A,A,TC,TC,C,C,T,T,G,G,T,T,G,G,T,T,G,G,C,C,C,C,G,G,T,T,AT,AT,TCTA,TCTA,C,C,TC,TT,ATC,ATC,T,T,GA,GA
M145544,GG,GG,C,C,A,A,C,C,CTC,CTC,AT,AT,A,T,A,A,A,C,C,C,G,T,A,G,A,A,A,G,C,C,A,C,AT,TC,C,T,T,T,G,G,T,T,G,G,T,T,G,G,C,C,C,C,G,T,C,T,AT,TC,ACGG,TCTA,C,C,GC,GT,ATC,GGC,T,T,GA,GA
M145545,GG,TA,C,T,A,G,C,T,CTC,TGT,AT,TG,A,A,A,A,A,A,C,C,G,T,A,G,A,A,A,G,C,C,A,C,AT,TC,C,T,T,T,G,G,T,T,A,G,T,T,G,G,C,C,C,C,G,G,T,T,AT,AT,TCTA,TCTA,C,C,GC,TT,GGC,GGC,T,T,GA,GA
M145546,GG,GG,C,C,A,A,C,C,CTC,CTC,AT,AT,A,A,A,A,A,C,C,C,G,T,A,G,A,A,A,G,C,C,A,C,AT,TC,C,T,T,T,G,G,T,T,G,G,T,T,G,G,C,C,C,C,G,G,T,T,AT,AT,TCTA,TCTA,C,C,TC,TT,ATC,ATC,T,T,GA,GA
M145547,GG,GG,C,C,A,A,C,C,CTC,CTC,AT,AT,A,T,A,A,A,C,C,C,G,G,A,A,A,A,A,A,C,C,A,A,TC,TC,C,C,T,T,G,G,T,T,G,G,T,T,G,G,C,C,C,C,G,G,T,T,AT,AT,TCTA,TCTA,C,C,TT,TT,GGC,GGC,T,T,GA,GA
M145548,GG,TA,C,T,A,G,C,T,CTC,TGT,AT,TG,A,T,A,A,C,C,C,T,G,T,A,G,A,A,A,G,C,C,A,C,AT,TC,C,T,T,T,G,G,T,T,G,G,T,T,G,G,C,C,C,C,G,G,T,T,AT,AT,TCTA,TCTA,C,C,TT,TT,GGC,GGC,T,T,GA,GA
M145549,GG,GG,C,C,A,A,C,C,CTC,CTC,AT,AT,A,T,A,A,A,C,C,C,G,G,A,A,A,A,A,A,C,C,A,A,TC,TC,C,C,T,T,G,G,T,T,G,G,T,T,G,G,C,C,C,C,G,G,T,T,AT,AT,TCTA,TCTA,C,C,GT,TT,GGC,GGC,T,T,GA,GA
M145550,GG,GG,C,C,A,A,C,C,CTC,CTC,AT,AT,A,A,A,A,C,C,C,C,G,G,A,A,A,A,A,A,C,C,A,A,TC,TC,C,C,T,T,G,G,T,T,G,G,T,T,G,G,C,C,C,C,G,G,T,T,AT,AT,TCTA,TCTA,C,C,TC,TC,ATC,ATC,T,T,GA,GA
M145551,GG,GG,C,C,A,A,C,T,CTC,CTC,AT,AT,A,A,A,A,A,C,C,C,G,T,A,G,A,A,A,G,C,C,C,C,AT,TC,C,T,T,T,G,G,T,T,G,G,T,T,G,G,C,C,C,C,G,G,T,T,AT,AT,TCTA,TCTA,C,C,TT,TT,GGC,GGC,T,T,GA,GA
M145552,GG,TA,C,T,A,G,C,T,CTC,TGT,AT,TG,A,T,A,A,A,A,C,C,G,G,A,A,A,A,A,A,C,C,A,A,TC,TC,C,C,T,T,G,G,T,T,A,G,T,T,G,G,C,C,C,T,G,T,C,T,AT,TC,ACGG,TCTA,C,C,GC,TC,GGC,GGC,A,T,AG,GA
M145553,GG,TA,C,T,A,G,C,T,CTC,TGT,AT,TG,A,T,A,A,A,A,C,C,G,T,A,G,A,A,A,G,C,C,C,C,AT,TC,C,T,T,T,G,G,T,T,G,G,T,T,G,G,C,C,C,C,G,G,T,T,AT,AT,TCTA,TCTA,C,C,GC,TT,ATC,GGC,T,T,GA,GA
M145554,GG,TA,C,T,A,G,C,T,CTC,TGT,AT,TG,A,T,A,A,A,A,C,C,G,T,A,G,A,A,A,G,C,C,A,C,AT,TC,C,T,T,T,G,G,T,T,G,G,T,T,G,G,C,C,C,C,G,G,T,T,AT,AT,TCTA,TCTA,C,C,GC,TT,ATC,GGC,T,T,GA,GA
M145555,GG,GG,C,C,A,A,C,C,CTC,CTC,AT,AT,A,T,A,A,C,C,C,C,G,G,A,A,A,A,A,A,C,C,A,A,TC,TC,C,C,T,T,G,G,T,T,G,G,T,T,G,G,C,C,C,C,G,G,T,T,AT,AT,TCTA,TCTA,C,C,TC,TT,GGC,GGC,T,T,GA,GA
M145556,TA,TA,T,T,G,G,T,T,TGT,TGT,AT,TG,A,A,A,A,C,C,T,T,G,T,A,G,A,A,A,G,C,C,C,C,AT,TC,C,T,T,T,G,G,T,T,A,A,T,T,G,G,C,C,T,T,T,T,C,C,AC,AC,AGGG,AGGG,C,C,GC,TT,GGC,GGC,A,A,AG,AG
M145557,GG,GG,C,C,A,A,C,T,CTC,CTC,AT,TG,A,A,A,A,A,C,C,T,G,G,A,A,A,A,A,A,C,C,C,C,TC,TC,C,C,T,T,G,G,T,T,G,G,T,T,G,G,C,C,C,C,G,G,T,T,AT,AT,TCTA,TCTA,C,C,GC,TT,GGC,GGC,T,T,GA,GA
M145558,GG,GG,C,C,A,A,C,C,CTC,CTC,AT,AT,A,A,A,A,C,C,C,C,G,G,A,A,A,A,A,A,C,C,A,A,TC,TC,C,C,T,T,G,G,T,T,G,G,T,T,G,G,C,C,C,C,G,G,T,T,AT,AT,TCTA,TCTA,C,C,GC,TC,ATC,GGC,T,T,GA,GA
M145559,GG,TA,C,T,A,G,C,T,CTC,TGT,AT,AT,A,T,A,A,A,A,C,C,G,T,G,G,A,A,A,G,C,C,A,C,AT,TC,C,T,T,T,G,G,T,T,G,G,T,T,G,G,C,C,C,C,G,G,T,T,AT,AT,TCTA,TCTA,C,C,GC,GC,GGC,GGC,T,T,GA,GA
M145560,GG,GG,C,C,A,A,C,C,CTC,CTC,AT,AT,A,T,A,A,A,C,C,T,G,G,A,A,A,A,A,A,C,C,A,C,TC,TC,C,C,T,T,G,G,T,T,G,G,T,T,G,G,C,C,C,C,G,G,T,T,AT,AT,TCTA,TCTA,C,C,GC,TT,ATC,GGC,T,T,GA,GA
M145561,GG,GG,C,C,A,A,C,C,CTC,CTC,AT,AT,A,A,A,A,A,C,C,T,G,T,A,G,A,A,A,G,C,C,A,C,AT,TC,C,T,T,T,G,G,T,T,G,G,T,T,G,G,C,C,C,C,G,G,T,T,AT,AT,TCTA,TCTA,C,C,TT,TT,ATC,GGC,T,T,GA,GA
M145562,GG,GG,C,C,A,A,C,C,CTC,CTC,AT,AT,A,A,A,A,A,C,C,C,G,T,A,G,A,A,A,G,C,C,A,C,AT,TC,C,T,T,T,G,G,T,T,A,G,T,T,G,G,C,C,C,T,G,T,C,T,AC,AT,AGGG,TCTA,C,C,GC,GC,GGC,GGC,A,T,AG,GA
M145563,GG,GG,C,C,A,A,C,C,CTC,CTC,AT,AT,A,A,A,A,A,A,C,C,T,T,G,G,A,A,G,G,C,C,C,C,AT,AT,T,T,T,T,G,G,T,T,G,G,T,T,G,G,C,C,C,C,G,G,T,T,AT,AT,TCTA,TCTA,C,C,GC,GC,GGC,GGC,T,T,GA,GA
M145564,GG,TA,C,T,A,G,C,T,CTC,TGT,AT,TG,A,A,A,A,A,A,T,T,T,T,G,G,A,A,G,G,C,C,C,C,AT,AT,T,T,T,T,G,G,T,T,G,G,T,T,G,G,C,C,C,C,G,G,T,T,AT,AT,TCTA,TCTA,C,C,GT,TC,ATC,ATC,T,T,GA,GA
M145565,GG,GG,C,C,A,A,C,C,CTC,CTC,AT,AT,A,T,A,A,A,C,C,C,G,G,A,A,A,A,A,A,C,C,A,A,TC,TC,C,C,T,T,G,G,T,T,G,G,T,T,G,G,C,C,C,C,G,G,T,T,AT,AT,TCTA,TCTA,C,C,GT,TT,GGC,GGC,T,T,GA,GA
M145566,GG,TA,C,T,A,G,C,T,CTC,TGT,AT,AT,A,T,A,A,A,C,C,T,G,T,A,G,A,A,A,G,C,C,C,C,AT,TC,C,T,T,T,G,G,T,T,G,G,T,T,G,G,C,C,C,C,G,G,T,T,AT,AT,TCTA,TCTA,C,C,TC,TT,GGC,GGC,T,T,GA,GA
M145567,GG,GG,C,C,A,A,C,C,CTC,CTC,AT,AT,A,A,A,A,C,C,C,C,G,G,A,A,A,A,A,A,C,C,A,A,TC,TC,C,C,T,T,G,G,T,T,A,G,T,T,G,G,C,C,C,C,G,G,T,T,AT,AT,TCTA,TCTA,C,C,TT,TT,ATC,GGC,T,T,GA,GA
M145568,GG,GG,C,C,A,A,C,C,CTC,CTC,AT,AT,A,A,A,A,C,C,C,C,G,G,A,A,A,A,A,A,C,C,A,A,TC,TC,C,C,T,T,G,G,T,T,G,G,T,T,G,G,C,C,C,C,G,G,T,T,AT,AT,TCTA,TCTA,C,C,GT,TC,GGC,GGC,T,T,GA,GA
M145569,TA,TA,T,T,G,G,T,T,TGT,TGT,AT,AT,A,A,A,A,A,A,C,C,G,T,A,G,A,A,A,G,C,C,A,C,AT,TC,C,T,T,T,G,G,T,T,G,G,T,T,G,G,C,C,C,C,G,G,T,T,AT,AT,TCTA,TCTA,C,C,TT,TT,GGC,GGC,T,T,GA,GA
M145570,GG,TA,C,T,A,G,C,T,CTC,TGT,AT,AT,A,A,A,A,A,C,T,T,G,T,A,G,A,A,A,G,C,C,A,C,AT,TC,C,T,T,T,G,G,T,T,G,G,T,T,G,G,C,C,C,C,G,G,T,T,AT,AT,TCTA,TCTA,C,C,TC,TT,ATC,GGC,T,T,GA,GA
M145571,GG,GG,C,C,A,A,C,T,CTC,CTC,AT,AT,A,T,A,A,A,C,C,C,G,G,A,A,A,A,A,A,C,C,A,C,TC,TC,C,C,T,T,G,G,T,T,G,G,T,T,G,G,C,C,C,C,G,G,T,T,AT,AT,TCTA,TCTA,C,C,GC,GT,GGC,GGC,T,T,GA,GA
M145572,GG,GG,C,C,A,A,C,C,CTC,CTC,AT,AT,T,T,A,A,A,C,C,C,G,G,A,A,A,A,A,A,C,C,A,C,TC,TC,C,C,T,T,G,G,T,T,G,G,T,T,G,G,C,C,C,C,G,G,T,T,AT,AT,TCTA,TCTA,C,C,TT,TT,GGC,GGC,T,T,GA,GA
M145573,TA,TA,T,T,G,G,T,T,TGT,TGT,AT,AT,A,A,A,A,A,C,C,C,G,T,A,G,A,A,A,G,C,C,A,C,AT,TC,C,T,T,T,G,G,T,T,A,G,T,T,G,G,C,C,C,T,G,T,C,T,AC,AT,AGGG,TCTA,C,C,GC,GC,GGC,GGC,A,T,AG,GA
M145574,GG,TA,C,T,A,G,C,T,CTC,TGT,AT,TG,A,A,A,A,A,A,C,C,G,T,A,G,A,A,A,G,C,C,C,C,AT,TC,C,T,T,T,G,G,T,T,G,G,T,T,G,G,C,C,C,C,G,G,T,T,AT,AT,TCTA,TCTA,C,C,GC,TC,ATC,GGC,T,T,GA,GA
M145575,GG,GG,C,C,A,A,C,C,CTC,CTC,AT,AT,A,A,A,A,C,C,C,T,G,T,A,G,A,A,A,G,C,C,A,C,AT,TC,C,T,T,T,G,G,T,T,G,G,T,T,G,G,C,C,C,C,G,G,T,T,AT,AT,TCTA,TCTA,C,C,TC,TT,ATC,GGC,T,T,GA,GA
M145576,GG,GG,C,C,A,A,C,C,CTC,CTC,AT,AT,A,A,A,A,C,C,T,T,G,T,G,G,A,A,A,G,C,C,A,C,AT,TC,C,T,T,T,G,G,T,T,G,G,T,T,G,G,C,C,C,C,G,G,T,T,AT,AT,TCTA,TCTA,C,C,TC,TT,ATC,ATC,T,T,GA,GA
M145577,0,0,0,0,0,0,0,0,0,0,0,0,A,A,0,0,A,C,C,T,0,0,A,A,A,A,A,G,C,C,A,A,0,0,C,C,T,T,G,G,0,0,G,G,0,0,0,0,0,0,0,0,0,0,T,T,0,0,0,0,C,C,0,0,GGC,GGC,T,T,0,0
M145578,GG,GG,C,C,A,A,C,T,CTC,CTC,AT,AT,A,T,A,A,A,C,C,C,G,T,A,G,A,A,A,G,C,C,C,C,AT,TC,C,T,T,T,G,G,T,T,G,G,T,T,G,G,C,C,C,C,G,G,T,T,AT,AT,TCTA,TCTA,C,C,GT,TT,GGC,GGC,T,T,GA,GA
M145579,GG,GG,C,C,A,A,C,T,CTC,CTC,AT,TG,A,A,A,A,A,C,C,T,G,G,A,A,A,A,A,A,C,C,A,A,TC,TC,C,C,T,T,G,G,T,T,G,G,T,T,G,G,C,C,C,C,G,G,T,T,AT,AT,TCTA,TCTA,C,C,TT,TT,ATC,ATC,T,T,GA,GA
M145580,GG,GG,C,C,A,A,C,T,CTC,CTC,AT,TG,A,A,A,A,A,C,C,T,G,G,A,A,A,A,A,A,C,C,A,C,TC,TC,C,C,T,T,G,G,T,T,G,G,T,T,G,G,C,C,C,C,G,G,T,T,AT,AT,TCTA,TCTA,C,C,TT,TT,ATC,GGC,T,T,GA,GA
M145581,GG,TA,C,T,A,G,C,T,CTC,TGT,AT,TG,A,T,A,A,A,A,C,C,G,T,A,G,A,A,A,G,C,C,C,C,AT,TC,C,T,T,T,G,G,T,T,G,G,T,T,G,G,C,C,C,C,G,G,T,T,AT,AT,TCTA,TCTA,C,C,GC,TC,ATC,GGC,T,T,GA,GA
M145582,GG,GG,C,C,A,A,C,T,CTC,CTC,AT,AT,A,T,A,A,A,C,C,C,G,G,A,A,A,A,A,A,C,C,A,C,TC,TC,C,C,T,T,G,G,T,T,G,G,T,T,G,G,C,C,C,C,G,G,T,T,AT,AT,TCTA,TCTA,C,C,GC,GT,GGC,GGC,T,T,GA,GA
M145583,GG,GG,C,C,A,A,C,C,CTC,CTC,AT,AT,A,T,A,A,C,C,C,C,G,G,A,A,A,A,A,A,C,C,A,A,TC,TC,C,C,T,T,G,G,T,T,G,G,T,T,G,G,C,C,C,C,G,G,T,T,AT,AT,TCTA,TCTA,C,C,TC,TT,ATC,GGC,T,T,GA,GA
M145584,GG,GG,C,C,A,A,C,C,CTC,CTC,AT,AT,A,A,A,A,A,C,C,C,G,T,A,G,A,A,A,G,C,C,A,C,AT,TC,C,T,T,T,G,G,T,T,G,G,T,T,G,G,C,C,C,C,G,G,T,T,AT,AT,TCTA,TCTA,C,C,GT,TT,GGC,GGC,T,T,GA,GA
M145585,GG,GG,C,C,A,A,C,C,CTC,CTC,AT,TG,A,A,A,A,A,A,C,C,G,T,A,G,A,A,A,G,C,C,A,C,AT,TC,C,T,T,T,G,G,T,T,G,G,T,T,G,G,C,C,C,C,G,G,T,T,AT,AT,TCTA,TCTA,C,C,TC,TT,ATC,GGC,T,T,GA,GA
M145586,GG,GG,C,C,A,A,C,C,CTC,CTC,AT,AT,A,A,A,A,A,C,C,T,G,T,A,G,A,A,A,G,C,C,C,C,AT,TC,C,T,T,T,G,G,T,T,G,G,T,T,G,G,C,C,C,C,G,G,T,T,AT,AT,TCTA,TCTA,C,C,TC,TT,ATC,GGC,T,T,GA,GA
M145587,GG,TA,C,T,A,G,C,T,CTC,TGT,AT,TG,A,A,A,A,A,C,C,T,G,G,A,A,A,A,A,A,C,C,A,C,TC,TC,C,C,T,T,G,G,T,T,G,G,T,T,G,G,C,C,C,C,G,G,T,T,AT,AT,TCTA,TCTA,C,C,TC,TC,ATC,ATC,T,T,GA,GA
M145588,GG,GG,C,C,A,A,C,C,CTC,CTC,AT,AT,A,A,A,A,A,C,C,C,G,T,A,G,A,A,A,G,C,C,A,C,AT,TC,C,T,T,T,G,G,T,T,G,G,T,T,G,G,C,C,C,C,G,G,T,T,AT,AT,TCTA,TCTA,C,C,TT,TT,ATC,ATC,T,T,GA,GA
M145589,GG,GG,C,C,A,A,C,C,CTC,CTC,AT,AT,A,A,A,A,C,C,T,T,G,G,A,A,A,A,A,A,C,C,A,A,TC,TC,C,C,T,T,G,G,T,T,A,G,T,T,G,G,C,C,C,C,G,G,T,T,AT,AT,TCTA,TCTA,C,C,TT,TT,ATC,GGC,T,T,GA,GA
M145590,GG,GG,C,C,A,A,C,C,CTC,CTC,AT,TG,A,T,A,A,C,C,C,C,G,G,A,A,A,A,A,A,C,C,A,A,TC,TC,C,C,T,T,G,G,T,T,G,G,T,T,G,G,C,C,C,C,G,G,T,T,AT,AT,TCTA,TCTA,C,C,TC,TC,ATC,GGC,T,T,GA,GA
M145591,GG,GG,C,C,A,A,C,C,CTC,CTC,AT,AT,A,A,A,A,A,C,C,C,G,T,A,G,A,A,A,G,C,C,A,C,AT,TC,C,T,T,T,G,G,T,T,G,G,T,T,G,G,C,C,C,C,G,G,T,T,AT,AT,TCTA,TCTA,C,C,TC,TT,ATC,GGC,T,T,GA,GA
M145592,GG,GG,C,C,A,A,C,T,CTC,CTC,AT,TG,A,A,A,A,A,A,C,C,G,T,A,G,A,A,A,G,C,C,A,C,TC,TC,C,T,T,T,G,G,T,T,A,G,T,T,G,G,C,C,C,C,G,G,T,T,AT,AT,TCTA,TCTA,C,C,GC,TT,GGC,GGC,T,T,GA,GA
M145593,GG,TA,C,T,A,G,C,T,CTC,TGT,AT,AT,A,A,A,A,C,C,T,T,T,T,G,G,A,A,G,G,C,C,C,C,AT,AT,T,T,T,T,G,G,T,T,G,G,T,T,G,G,C,C,C,C,G,G,T,T,AT,AT,TCTA,TCTA,C,C,TC,TT,ATC,GGC,T,T,GA,GA
M145594,GG,GG,C,C,A,A,C,C,CTC,CTC,AT,TG,A,T,A,A,A,C,T,T,T,T,G,G,A,A,G,G,C,C,C,C,AT,AT,T,T,T,T,G,G,T,T,G,G,T,T,G,G,C,C,C,C,G,G,T,T,AT,AT,TCTA,TCTA,C,C,GC,TT,ATC,GGC,T,T,GA,GA
M145595,GG,GG,C,C,A,A,C,T,CTC,CTC,AT,TG,A,A,A,A,A,C,C,T,G,T,G,G,A,A,A,G,C,C,A,C,AT,TC,C,T,T,T,G,G,T,T,G,G,T,T,G,G,C,C,C,C,G,G,T,T,AT,AT,TCTA,TCTA,C,C,TT,TT,ATC,ATC,T,T,GA,GA
M145596,GG,GG,C,C,A,A,C,C,CTC,CTC,AT,AT,A,A,A,A,A,C,C,C,T,T,G,G,A,A,G,G,C,C,C,C,AT,AT,T,T,T,T,G,G,T,T,G,G,T,T,G,G,C,C,C,C,G,G,T,T,AT,AT,TCTA,TCTA,C,C,TT,TT,ATC,ATC,T,T,GA,GA
M145597,GG,GG,C,C,A,A,C,C,CTC,CTC,AT,TG,A,T,A,A,A,A,C,C,T,T,G,G,A,A,G,G,C,C,C,C,AT,AT,T,T,T,T,G,G,T,T,A,G,T,T,G,G,C,C,C,C,G,G,T,T,AT,AT,TCTA,TCTA,C,C,GC,TT,ATC,GGC,T,T,GA,GA
M145598,GG,GG,C,C,A,A,C,C,CTC,CTC,AT,AT,A,T,A,A,C,C,T,T,G,T,G,G,A,A,A,G,C,C,A,C,AT,TC,C,T,T,T,G,G,T,T,G,G,T,T,G,G,C,C,C,C,G,G,T,T,AT,AT,TCTA,TCTA,C,C,TC,TT,ATC,GGC,T,T,GA,GA
M145599,GG,GG,C,C,A,A,C,C,CTC,CTC,AT,AT,A,T,A,A,C,C,C,T,G,G,A,A,A,A,A,A,C,C,A,C,TC,TC,C,C,T,T,G,G,T,T,A,G,T,T,G,G,C,C,C,T,G,T,C,T,AC,AT,AGGG,TCTA,C,C,TC,TT,GGC,GGC,A,T,AG,GA
M145600,GG,GG,C,C,A,A,C,T,CTC,CTC,TG,TG,A,T,A,A,A,C,C,T,G,G,A,A,A,A,A,A,C,C,A,A,TC,TC,C,C,T,T,G,G,T,T,A,G,T,T,G,G,C,C,C,C,G,G,T,T,AT,AT,TCTA,TCTA,C,C,TC,TT,GGC,GGC,T,T,GA,GA
M145601,0,0,0,0,0,0,0,0,0,0,0,0,0,0,0,0,0,0,0,0,0,0,A,A,0,0,0,0,0,0,0,0,0,0,0,0,0,0,0,0,0,0,G,G,0,0,0,0,0,0,0,0,0,0,0,0,0,0,0,0,0,0,0,0,0,0,0,0,0,0
M145602,GG,GG,C,C,A,A,C,C,CTC,CTC,AT,AT,A,A,A,A,A,A,C,C,G,T,A,G,A,A,A,G,C,C,A,C,AT,TC,C,T,T,T,G,G,T,T,G,G,T,T,G,G,C,C,C,C,G,G,T,T,AT,AT,TCTA,TCTA,C,C,TT,TT,ATC,ATC,T,T,GA,GA
M145603,GG,GG,C,C,A,A,C,T,CTC,CTC,AT,TG,A,T,A,A,C,C,T,T,G,T,G,G,A,A,A,G,C,C,A,C,AT,TC,C,T,T,T,G,G,T,T,G,G,T,T,G,G,C,C,C,C,G,G,T,T,AT,AT,TCTA,TCTA,T,T,TC,TT,ATC,GGC,T,T,GA,GA
M145604,GG,GG,C,C,A,A,C,C,CTC,CTC,AT,AT,A,T,A,A,A,A,C,C,T,T,G,G,A,A,G,G,C,C,C,C,AT,AT,T,T,T,T,G,G,T,T,G,G,T,T,G,G,C,C,C,C,G,G,T,T,AT,AT,TCTA,TCTA,C,C,TT,TT,ATC,GGC,T,T,GA,GA
M145605,GG,GG,C,C,A,A,C,T,CTC,CTC,AT,TG,T,T,A,A,A,A,T,T,T,T,G,G,A,A,G,G,C,C,C,C,AT,AT,T,T,T,T,G,G,T,T,G,G,T,T,G,G,C,C,C,C,G,G,T,T,AT,AT,TCTA,TCTA,C,C,TT,TT,GGC,GGC,T,T,GA,GA
M145606,GG,TA,C,T,A,G,T,T,CTC,TGT,AT,TG,A,T,A,A,C,C,C,C,G,G,A,A,A,A,A,A,C,C,A,A,TC,TC,C,C,T,T,G,G,T,T,A,G,T,T,G,G,C,C,C,T,G,T,C,T,AC,AT,AGGG,TCTA,C,C,GC,TC,ATC,GGC,A,T,AG,GA
M145607,GG,GG,C,C,A,A,C,T,CTC,CTC,AT,TG,A,A,A,A,A,C,C,C,G,G,A,A,A,A,A,A,C,C,A,A,TC,TC,C,C,T,T,G,G,T,T,G,G,T,T,G,G,C,C,C,C,G,G,T,T,AT,AT,TCTA,TCTA,C,C,TT,TT,ATC,GGC,T,T,GA,GA
M145608,GG,GG,C,C,A,A,C,C,CTC,CTC,AT,TG,A,A,A,A,A,A,C,C,G,T,A,G,A,A,A,G,C,C,A,C,AT,TC,C,T,T,T,G,G,T,T,G,G,T,T,G,G,C,C,C,C,G,G,T,T,AT,AT,TCTA,TCTA,C,C,GC,TT,ATC,GGC,T,T,GA,GA
M145609,GG,GG,C,C,A,A,C,C,CTC,CTC,AT,TG,A,A,A,A,A,A,C,T,T,T,A,G,A,A,A,G,C,C,C,C,AT,TC,C,T,T,T,G,G,T,T,G,G,T,T,G,G,C,C,C,C,G,G,T,T,AT,AT,TCTA,TCTA,C,C,TT,TT,ATC,GGC,T,T,GA,GA
M145610,GG,GG,C,C,A,A,C,T,CTC,CTC,AT,TG,T,T,A,A,C,C,C,C,G,T,A,G,A,A,G,G,C,C,A,C,AT,TC,C,T,T,T,G,G,T,T,G,G,T,T,G,G,C,C,C,C,G,G,T,T,AT,AT,TCTA,TCTA,C,C,TT,TT,ATC,GGC,T,T,GA,GA
M145611,GG,GG,C,C,A,A,C,C,CTC,CTC,AT,AT,A,A,A,A,A,C,C,T,G,T,A,G,A,A,A,G,C,C,A,C,AT,TC,C,T,T,T,G,G,T,T,G,G,T,T,G,G,C,C,C,C,G,G,T,T,AT,AT,TCTA,TCTA,C,C,TC,TT,ATC,GGC,T,T,GA,GA
M145612,GG,GG,C,C,A,A,C,C,CTC,CTC,AT,AT,A,T,A,A,C,C,C,T,G,T,A,G,A,A,A,G,C,C,A,C,AT,TC,C,T,T,T,G,G,T,T,A,G,T,T,G,G,C,C,C,C,G,G,T,T,AT,AT,TCTA,TCTA,C,C,TT,TT,ATC,GGC,T,T,GA,GA
M145613,GG,GG,C,C,A,A,C,C,CTC,CTC,AT,AT,A,A,A,A,C,C,C,C,G,G,A,A,A,A,A,A,C,C,A,A,TC,TC,C,C,T,T,G,G,T,T,G,G,T,T,G,G,C,C,C,C,G,G,T,T,AT,AT,TCTA,TCTA,C,C,TT,TT,ATC,ATC,T,T,GA,GA
M145614,GG,GG,C,C,A,A,C,T,CTC,CTC,AT,TG,A,T,A,A,A,C,C,C,G,G,A,A,A,A,A,A,C,C,A,A,TC,TC,C,C,T,T,G,G,T,T,G,G,T,T,G,G,C,C,C,C,G,G,T,T,AT,AT,TCTA,TCTA,C,C,TC,TT,ATC,ATC,T,T,GA,GA
M145615,GG,GG,C,C,A,A,C,C,CTC,CTC,AT,TG,A,T,A,A,A,C,C,T,G,G,A,A,A,A,A,A,C,C,A,A,TC,TC,C,C,T,T,G,G,T,T,A,G,T,T,G,G,C,C,C,C,G,G,T,T,AT,AT,TCTA,TCTA,C,C,TC,TT,GGC,GGC,T,T,GA,GA
M145616,GG,GG,C,C,A,A,C,C,CTC,CTC,AT,AT,A,A,A,A,A,A,C,C,G,T,A,G,A,A,A,G,C,C,A,C,AT,TC,C,T,T,T,G,G,T,T,G,G,T,T,G,G,C,C,C,C,G,G,T,T,AT,AT,TCTA,TCTA,C,T,TC,TT,GGC,GGC,T,T,GA,GA
M145617,GG,GG,C,C,A,A,C,C,CTC,CTC,AT,AT,A,A,A,A,A,A,C,C,G,T,A,G,A,A,A,G,C,C,A,C,AT,TC,C,T,T,T,G,G,T,T,G,G,T,T,G,G,C,C,C,C,G,G,T,T,AT,AT,TCTA,TCTA,C,C,TC,TT,ATC,ATC,T,T,GA,GA
M145618,GG,GG,C,C,A,A,C,C,CTC,CTC,AT,AT,A,T,A,A,A,C,0,0,G,T,G,G,A,A,A,G,C,C,A,C,AT,TC,C,T,T,T,G,G,T,T,G,G,T,T,G,G,C,C,C,C,G,G,T,T,AT,AT,TCTA,TCTA,C,C,TT,TT,ATC,ATC,T,T,GA,GA
M145619,GG,GG,C,C,A,A,C,C,CTC,CTC,AT,TG,A,T,A,A,C,C,C,T,G,T,A,G,A,A,A,G,C,C,A,C,AT,TC,C,T,T,T,G,G,T,T,G,G,T,T,G,G,C,C,C,C,G,G,T,T,AT,AT,TCTA,TCTA,C,C,GC,TC,ATC,GGC,T,T,GA,GA
M145620,GG,GG,C,C,A,A,C,C,CTC,CTC,AT,AT,A,A,A,A,A,C,C,T,T,T,G,G,A,A,G,G,C,C,C,C,AT,AT,T,T,T,T,G,G,T,T,G,G,T,T,G,G,C,C,C,C,G,G,T,T,AT,AT,TCTA,TCTA,C,T,TT,TT,ATC,GGC,T,T,GA,GA
M145621,GG,GG,C,C,A,A,C,T,CTC,CTC,AT,AT,A,A,A,A,C,C,T,T,G,T,G,G,A,A,A,G,C,C,A,C,AT,TC,C,T,T,T,G,G,T,T,G,G,T,T,G,G,C,C,C,C,G,G,T,T,AT,AT,TCTA,TCTA,C,C,TT,TT,ATC,GGC,T,T,GA,GA
M145622,GG,GG,C,C,A,A,C,T,CTC,CTC,AT,AT,A,A,A,A,A,C,C,T,T,T,G,G,A,A,G,G,C,C,C,C,AT,AT,T,T,T,T,G,G,T,T,A,G,T,T,G,G,C,C,C,C,G,G,T,T,AT,AT,TCTA,TCTA,C,C,TT,TT,ATC,GGC,T,T,GA,GA
M145623,GG,GG,C,C,A,A,C,T,CTC,CTC,AT,AT,A,T,A,A,C,C,T,T,T,T,G,G,A,A,G,G,C,C,C,C,AT,AT,T,T,T,T,G,G,T,T,G,G,T,T,G,G,C,C,C,C,G,G,T,T,AT,AT,TCTA,TCTA,C,C,TT,TT,ATC,GGC,T,T,GA,GA
M145624,GG,GG,C,C,A,A,C,C,CTC,CTC,AT,AT,A,A,A,A,A,C,C,T,G,T,G,G,A,A,A,G,C,C,A,C,AT,TC,C,T,T,T,G,G,T,T,G,G,T,T,G,G,C,C,C,C,G,G,T,T,AT,AT,TCTA,TCTA,C,C,TC,TT,ATC,GGC,T,T,GA,GA
M145625,GG,GG,C,C,A,A,C,C,CTC,CTC,AT,TG,A,T,A,A,C,C,T,T,G,T,G,G,A,A,A,G,C,C,A,C,AT,TC,C,T,T,T,G,G,T,T,G,G,T,T,G,G,C,C,C,C,G,G,T,T,AT,AT,TCTA,TCTA,C,C,TC,TT,ATC,ATC,T,T,GA,GA
M145626,GG,GG,C,C,A,A,C,T,CTC,CTC,AT,TG,A,T,A,A,A,C,C,C,G,G,A,A,A,A,A,A,C,C,A,A,TC,TC,C,C,T,T,G,G,T,T,A,G,T,T,G,G,C,C,C,C,G,G,T,T,AT,AT,TCTA,TCTA,C,C,GC,TT,GGC,GGC,T,T,GA,GA
M145627,GG,GG,C,C,A,A,C,T,CTC,CTC,AT,AT,A,A,A,A,A,C,C,C,G,T,A,G,A,A,A,G,C,C,A,C,AT,TC,C,T,T,T,G,G,T,T,G,G,T,T,G,G,C,C,C,C,G,G,T,T,AT,AT,TCTA,TCTA,C,C,GC,TT,ATC,ATC,T,T,GA,GA
M145628,GG,GG,C,C,A,A,C,C,CTC,CTC,AT,TG,A,T,A,A,C,C,0,0,G,G,A,A,A,A,A,A,C,C,A,A,TC,TC,C,C,T,T,G,G,T,T,G,G,T,T,G,G,C,C,C,C,G,G,T,T,AT,AT,TCTA,TCTA,C,C,TC,TC,ATC,GGC,T,T,GA,GA
M145629,GG,GG,C,C,A,A,C,C,CTC,CTC,AT,TG,A,A,A,A,A,C,C,C,G,T,A,G,A,A,A,G,C,C,A,C,AT,TC,C,T,T,T,G,G,T,T,G,G,T,T,G,G,C,C,C,C,G,G,T,T,AT,AT,TCTA,TCTA,C,T,TC,TC,GGC,GGC,T,T,GA,GA
M145630,GG,GG,C,C,A,A,C,T,CTC,CTC,AT,AT,A,T,A,A,A,A,C,C,T,T,G,G,A,A,G,G,C,C,C,C,AT,AT,T,T,T,T,G,G,T,T,G,G,T,T,G,G,C,C,C,C,G,G,T,T,AT,AT,TCTA,TCTA,C,C,TC,TT,ATC,GGC,T,T,GA,GA
M145631,GG,GG,C,C,A,A,C,C,CTC,CTC,AT,AT,A,T,A,A,C,C,C,T,G,T,A,G,A,A,A,G,C,C,A,C,AT,TC,C,T,T,T,G,G,T,T,G,G,T,T,G,G,C,C,C,C,G,G,T,T,AT,AT,TCTA,TCTA,C,C,GC,TT,ATC,ATC,T,T,GA,GA
M145632,GG,GG,C,C,A,A,C,T,CTC,CTC,AT,TG,A,A,A,A,C,C,T,T,G,T,A,G,A,A,A,G,C,C,A,C,AT,TC,C,T,T,T,G,G,T,T,G,G,T,T,G,G,C,C,C,C,G,G,T,T,AT,AT,TCTA,TCTA,C,T,TC,TT,ATC,GGC,T,T,GA,GA
M145633,GG,GG,C,C,A,A,C,T,CTC,CTC,AT,AT,A,A,A,A,A,A,T,T,T,T,G,G,A,A,G,G,C,C,C,C,AT,AT,T,T,T,T,G,G,T,T,A,G,T,T,G,G,C,C,C,C,G,G,T,T,AT,AT,TCTA,TCTA,C,C,GC,TC,ATC,GGC,T,T,GA,GA
M145634,GG,GG,C,C,A,A,C,T,CTC,CTC,AT,TG,A,A,A,A,A,C,0,0,G,T,A,A,A,A,A,A,C,C,A,C,TC,TC,C,C,T,T,G,G,T,T,G,G,T,T,G,G,C,C,C,C,G,G,T,T,AT,AT,TCTA,TCTA,C,T,0,0,ATC,GGC,T,T,GA,GA
M145635,GG,GG,C,C,A,A,C,C,CTC,CTC,AT,AT,A,A,A,A,A,C,C,C,T,T,G,G,A,A,G,G,C,C,C,C,AT,AT,T,T,T,T,G,G,T,T,G,G,T,T,G,G,C,C,C,C,G,G,T,T,AT,AT,TCTA,TCTA,C,C,TT,TT,ATC,GGC,T,T,GA,GA
M145636,GG,TA,C,T,A,G,C,T,CTC,TGT,AT,AT,A,A,A,A,C,C,C,T,G,T,G,G,A,A,A,G,C,C,A,C,AT,TC,C,T,T,T,G,G,T,T,G,G,T,T,G,G,C,C,C,C,G,G,T,T,AT,AT,TCTA,TCTA,C,T,TT,TT,ATC,ATC,T,T,GA,GA
M145637,GG,GG,C,C,A,A,C,T,CTC,CTC,AT,TG,T,T,A,A,A,C,C,T,T,T,G,G,A,A,G,G,C,C,C,C,AT,AT,T,T,T,T,G,G,T,T,G,G,T,T,G,G,C,C,C,C,G,G,T,T,AT,AT,TCTA,TCTA,C,C,TT,TT,ATC,GGC,T,T,GA,GA
M145638,GG,GG,C,C,A,A,C,T,CTC,CTC,AT,TG,A,A,A,A,C,C,C,T,G,G,A,A,A,A,A,A,C,C,A,A,TC,TC,C,C,T,T,G,G,T,T,G,G,T,T,G,G,C,C,C,C,G,G,T,T,AT,AT,TCTA,TCTA,C,C,GT,TC,ATC,GGC,T,T,GA,GA
M145639,GG,GG,C,C,A,A,C,C,CTC,CTC,AT,TG,A,T,A,A,C,C,C,T,G,T,A,G,A,A,A,G,C,C,A,C,AT,TC,C,T,T,T,G,G,T,T,G,G,T,T,G,G,C,C,C,C,G,G,T,T,AT,AT,TCTA,TCTA,C,C,TT,TT,ATC,GGC,T,T,GA,GA
M145640,GG,GG,C,C,A,A,C,C,CTC,CTC,TG,TG,A,A,A,A,A,C,C,T,G,T,A,G,A,A,A,G,C,C,A,C,AT,TC,C,T,T,T,G,G,T,T,G,G,T,T,G,G,C,C,C,C,G,G,T,T,AT,AT,TCTA,TCTA,C,C,GC,TT,ATC,ATC,T,T,GA,GA
M145641,GG,GG,C,C,A,A,T,T,CTC,CTC,AT,TG,A,T,A,A,A,C,C,T,T,T,G,G,A,A,G,G,C,C,C,C,AT,AT,T,T,T,T,G,G,T,T,A,G,T,T,G,G,C,C,C,C,G,G,T,T,AT,AT,TCTA,TCTA,C,C,TC,TT,GGC,GGC,T,T,GA,GA
M145642,GG,GG,C,C,A,A,C,T,CTC,CTC,AT,AT,A,T,A,A,C,C,T,T,T,T,G,G,A,A,G,G,C,C,C,C,AT,AT,T,T,T,T,G,G,T,T,G,G,T,T,G,G,C,C,C,C,G,G,T,T,AT,AT,TCTA,TCTA,C,C,TC,TT,ATC,ATC,T,T,GA,GA
M145643,GG,GG,C,C,A,A,C,C,CTC,CTC,AT,AT,A,A,A,A,A,C,C,C,G,T,A,G,A,A,A,G,C,C,A,C,AT,TC,C,T,T,T,G,G,T,T,G,G,T,T,G,G,C,C,C,C,0,0,T,T,AT,AT,TCTA,TCTA,C,C,TC,TT,ATC,GGC,T,T,GA,GA
M145644,GG,GG,C,C,A,A,C,C,CTC,CTC,TG,TG,T,T,A,A,C,C,T,T,T,T,G,G,A,A,G,G,C,C,C,C,AT,AT,T,T,T,T,G,G,T,T,G,G,T,T,G,G,C,C,C,C,G,G,T,T,AT,AT,TCTA,TCTA,C,C,TT,TT,GGC,GGC,T,T,GA,GA
M145645,GG,GG,C,C,A,A,C,C,CTC,CTC,AT,TG,A,T,A,A,C,C,T,T,T,T,G,G,A,A,G,G,C,C,C,C,AT,AT,T,T,T,T,G,G,T,T,G,G,T,T,G,G,C,C,C,C,G,G,T,T,AT,AT,TCTA,TCTA,C,C,GC,TT,ATC,ATC,T,T,GA,GA
M145646,GG,GG,C,C,A,A,C,C,CTC,CTC,AT,TG,A,A,A,A,C,C,T,T,G,T,A,G,A,A,A,G,C,C,C,C,AT,TC,C,T,T,T,G,G,T,T,G,G,T,T,G,G,C,C,C,C,G,G,T,T,AT,AT,TCTA,TCTA,C,C,GC,TC,GGC,GGC,T,T,GA,GA
M145647,GG,GG,C,C,A,A,C,C,CTC,CTC,AT,TG,A,A,A,A,A,A,C,C,T,T,G,G,A,A,G,G,C,C,C,C,AT,AT,T,T,T,T,G,G,T,T,G,G,T,T,G,G,C,C,C,C,G,G,T,T,AT,AT,TCTA,TCTA,C,C,TC,TC,ATC,ATC,T,T,GA,GA
M145648,GG,GG,C,C,A,A,C,T,CTC,CTC,AT,AT,A,A,A,A,C,C,C,T,G,T,A,G,A,A,A,G,C,C,A,C,AT,TC,C,T,T,T,G,G,T,T,G,G,T,T,G,G,C,C,C,C,G,G,T,T,AT,AT,TCTA,TCTA,C,C,TT,TT,ATC,GGC,T,T,GA,GA
M145649,GG,GG,C,C,A,A,C,C,CTC,CTC,AT,TG,A,T,A,A,C,C,C,T,G,T,A,G,A,A,A,G,C,C,A,C,AT,TC,C,T,T,T,G,G,T,T,G,G,T,T,G,G,C,C,C,C,G,G,T,T,AT,AT,TCTA,TCTA,C,C,GC,TT,ATC,ATC,T,T,GA,GA
M145650,GG,GG,C,C,A,A,C,C,CTC,CTC,AT,AT,A,A,A,A,A,A,C,T,T,T,A,G,A,A,A,G,C,C,C,C,AT,TC,C,T,T,T,G,G,T,T,G,G,T,T,G,G,C,C,C,C,G,G,T,T,AT,AT,TCTA,TCTA,C,C,GC,TT,GGC,GGC,T,T,GA,GA
M145651,GG,TA,C,T,A,G,C,T,CTC,TGT,AT,AT,A,A,A,A,A,C,C,C,G,T,A,G,A,A,A,G,C,C,A,C,AT,TC,C,T,T,T,G,G,T,T,A,G,T,T,G,G,C,C,C,C,G,G,T,T,AT,AT,TCTA,TCTA,C,C,TC,TT,GGC,GGC,T,T,GA,GA
M145652,GG,TA,C,T,A,G,T,T,CTC,TGT,TG,TG,A,T,A,A,A,C,T,T,G,G,A,A,A,A,A,A,C,C,C,C,TC,TC,C,C,T,T,G,G,T,T,G,G,T,T,G,G,C,C,C,C,G,G,T,T,AT,AT,TCTA,TCTA,C,C,TC,TT,ATC,GGC,T,T,GA,GA
M145653,GG,TA,C,T,A,G,C,T,CTC,TGT,AT,TG,A,T,A,A,A,C,C,C,G,T,A,G,A,A,A,G,C,C,A,C,AT,TC,C,T,T,T,G,G,T,T,G,G,T,T,G,G,C,C,C,C,G,G,T,T,AT,AT,TCTA,TCTA,C,C,GC,TT,GGC,GGC,T,T,GA,GA
M145654,GG,GG,C,C,A,A,T,T,CTC,CTC,AT,AT,A,T,A,A,C,C,C,T,G,T,A,G,A,A,A,G,C,C,A,C,AT,TC,C,T,T,T,G,G,T,T,G,G,T,T,G,G,C,C,C,C,G,G,T,T,AT,AT,TCTA,TCTA,C,C,TT,TT,ATC,GGC,T,T,GA,GA
M145655,GG,GG,C,C,A,A,C,C,CTC,CTC,AT,AT,A,T,A,A,A,A,C,C,T,T,G,G,A,A,G,G,C,C,C,C,AT,AT,T,T,T,T,G,G,T,T,A,G,T,T,G,G,C,C,C,C,G,G,T,T,AT,AT,TCTA,TCTA,C,T,TT,TT,GGC,GGC,T,T,GA,GA
M145656,GG,GG,C,C,A,A,T,T,CTC,CTC,AT,TG,A,T,A,A,A,A,C,C,G,T,A,G,A,A,A,G,C,C,A,C,AT,TC,C,T,T,T,G,G,T,T,G,G,T,T,G,G,C,C,C,C,G,G,T,T,AT,AT,TCTA,TCTA,C,T,TC,TT,ATC,GGC,T,T,GA,GA
M145657,GG,GG,C,C,A,A,C,C,CTC,CTC,AT,AT,A,T,A,A,C,C,T,T,T,T,G,G,A,A,G,G,C,C,C,C,AT,AT,T,T,T,T,G,G,T,T,G,G,T,T,G,G,C,C,C,C,G,G,T,T,AT,AT,TCTA,TCTA,C,T,TC,TT,GGC,GGC,T,T,GA,GA
M145658,GG,GG,C,C,A,A,C,T,CTC,CTC,AT,AT,A,A,A,A,A,C,C,T,T,T,G,G,A,A,G,G,C,C,C,C,AT,AT,T,T,T,T,G,G,T,T,G,G,T,T,G,G,C,C,C,C,G,G,T,T,AT,AT,TCTA,TCTA,C,C,TT,TT,ATC,GGC,T,T,GA,GA
M145659,GG,TA,C,T,A,G,C,T,CTC,TGT,AT,TG,T,T,A,A,A,A,C,C,G,T,A,G,A,A,A,G,C,C,A,C,AT,TC,C,T,T,T,G,G,T,T,G,G,T,T,G,G,C,C,C,C,G,G,T,T,AT,AT,TCTA,TCTA,C,C,GT,TC,GGC,GGC,T,T,GA,GA
M145660,GG,GG,C,C,A,A,C,T,CTC,CTC,AT,AT,A,T,A,A,C,C,C,T,G,T,A,G,A,A,A,G,C,C,A,C,AT,TC,C,T,T,T,G,G,T,T,A,G,T,T,G,G,C,C,C,C,G,G,T,T,AT,AT,TCTA,TCTA,C,C,TC,TT,GGC,GGC,T,T,GA,GA
M145661,GG,GG,C,C,A,A,C,T,CTC,CTC,AT,TG,A,A,A,A,A,C,C,T,G,T,A,G,A,A,A,G,C,C,A,C,AT,TC,C,T,T,T,G,G,T,T,G,G,T,T,G,G,C,C,C,C,G,G,T,T,AT,AT,TCTA,TCTA,C,T,TT,TT,ATC,GGC,T,T,GA,GA
M145662,GG,GG,C,C,A,A,C,C,CTC,CTC,AT,TG,A,T,A,A,C,C,T,T,G,T,G,G,A,A,A,G,C,C,A,C,AT,TC,C,T,T,T,G,G,T,T,G,G,T,T,G,G,C,C,C,C,G,G,T,T,AT,AT,TCTA,TCTA,C,C,TT,TT,GGC,GGC,T,T,GA,GA
M145663,GG,TA,C,T,A,G,C,T,CTC,TGT,AT,AT,A,A,A,A,A,A,C,C,T,T,G,G,A,A,G,G,C,C,C,C,AT,AT,T,T,T,T,G,G,T,T,G,G,T,T,G,G,C,C,C,C,G,G,T,T,AT,AT,TCTA,TCTA,C,T,GT,GT,GGC,GGC,T,T,GA,GA
M145664,GG,GG,C,C,A,A,C,C,CTC,CTC,AT,AT,A,T,A,A,A,C,C,T,T,T,G,G,A,A,G,G,C,C,C,C,AT,AT,T,T,T,T,G,G,T,T,G,G,T,T,G,G,C,C,C,C,G,G,T,T,AT,AT,TCTA,TCTA,C,C,TC,TT,ATC,GGC,T,T,GA,GA
M145665,GG,GG,C,C,A,A,T,T,CTC,CTC,AT,TG,A,A,A,A,A,C,C,T,G,T,A,G,A,A,A,G,C,C,A,C,AT,TC,C,T,T,T,G,G,T,T,A,G,T,T,G,G,C,C,C,C,G,G,T,T,AT,AT,TCTA,TCTA,C,C,TC,TT,ATC,GGC,T,T,GA,GA
M145666,GG,GG,C,C,A,A,C,C,CTC,CTC,TG,TG,A,A,A,A,C,C,T,T,T,T,G,G,A,A,G,G,C,C,C,C,AT,AT,T,T,T,T,G,G,T,T,A,G,T,T,G,G,C,C,C,C,G,G,T,T,AT,AT,TCTA,TCTA,C,C,TC,TT,GGC,GGC,T,T,GA,GA
M145667,GG,GG,C,C,A,A,C,T,CTC,CTC,AT,AT,A,A,A,A,A,C,C,T,G,T,G,G,A,A,A,G,C,C,A,C,AT,TC,C,T,T,T,G,G,T,T,G,G,T,T,G,G,C,C,C,C,G,G,T,T,AT,AT,TCTA,TCTA,C,T,TC,TT,ATC,GGC,T,T,GA,GA
M145668,GG,GG,C,C,A,A,C,C,CTC,CTC,AT,AT,A,T,A,A,A,A,C,C,G,T,G,G,A,A,A,G,C,C,A,C,AT,TC,C,T,T,T,G,G,T,T,G,G,T,T,G,G,C,C,C,C,G,G,T,T,AT,AT,TCTA,TCTA,C,C,TT,TT,ATC,ATC,T,T,GA,GA
M145669,GG,GG,C,C,A,A,C,C,CTC,CTC,AT,AT,A,A,A,A,A,A,C,C,G,T,A,G,A,A,A,G,C,C,A,C,AT,TC,C,T,T,T,G,G,T,T,G,G,T,T,G,G,C,C,C,C,G,G,T,T,AT,AT,TCTA,TCTA,C,C,TT,TT,ATC,GGC,T,T,GA,GA
M145670,GG,GG,C,C,A,A,C,C,CTC,CTC,AT,AT,A,A,A,A,A,C,C,T,G,T,G,G,A,A,A,G,C,C,A,C,AT,TC,C,T,T,T,G,G,T,T,G,G,T,T,G,G,C,C,C,C,G,G,T,T,AT,AT,TCTA,TCTA,C,C,TT,TT,ATC,ATC,T,T,GA,GA
M145671,GG,GG,C,C,A,A,C,T,CTC,CTC,AT,AT,A,A,A,A,A,C,C,T,G,T,G,G,A,A,A,G,C,C,A,C,AT,TC,C,T,T,T,G,G,T,T,G,G,T,T,G,G,C,C,C,C,G,G,T,T,AT,AT,TCTA,TCTA,C,C,TT,TT,ATC,GGC,T,T,GA,GA
M145672,GG,GG,C,C,A,A,C,C,CTC,CTC,TG,TG,A,T,A,A,A,A,C,T,T,T,G,G,A,A,G,G,C,C,C,C,AT,AT,T,T,T,T,G,G,T,T,G,G,T,T,G,G,C,C,C,C,G,G,T,T,AT,AT,TCTA,TCTA,C,C,TT,TT,ATC,ATC,T,T,GA,GA
M145673,GG,GG,C,C,A,A,C,T,CTC,CTC,AT,TG,A,A,A,A,C,C,T,T,G,G,A,A,A,A,A,A,C,C,A,A,TC,TC,C,C,T,T,G,G,T,T,G,G,T,T,G,G,C,C,C,C,G,G,T,T,AT,AT,TCTA,TCTA,C,T,TT,TT,ATC,GGC,T,T,GA,GA
M145674,GG,GG,C,C,A,A,C,C,CTC,CTC,AT,TG,A,A,A,A,C,C,C,T,G,T,A,G,A,A,A,G,C,C,A,C,AT,TC,C,T,T,T,G,G,T,T,G,G,T,T,G,G,C,C,C,C,G,G,T,T,AT,AT,TCTA,TCTA,C,C,TT,TT,ATC,GGC,T,T,GA,GA
M145675,GG,GG,C,C,A,A,C,T,CTC,CTC,AT,TG,T,T,A,A,A,C,C,T,T,T,G,G,A,A,G,G,C,C,C,C,AT,AT,T,T,T,T,G,G,T,T,G,G,T,T,G,G,C,C,C,C,G,G,T,T,AT,AT,TCTA,TCTA,C,C,TT,TT,ATC,GGC,T,T,GA,GA
M145676,GG,GG,C,C,A,A,C,C,CTC,CTC,AT,TG,A,A,A,A,A,C,C,C,G,T,A,G,A,A,A,G,C,C,A,C,AT,TC,C,T,T,T,G,G,T,T,G,G,T,T,G,G,C,C,C,C,G,G,T,T,AT,AT,TCTA,TCTA,C,C,GC,TT,ATC,GGC,T,T,GA,GA
M145677,GG,GG,C,C,A,A,C,C,CTC,CTC,AT,TG,A,T,A,A,A,A,C,T,G,T,A,G,A,A,A,G,C,C,A,C,AT,TC,C,T,T,T,G,G,T,T,G,G,T,T,G,G,C,C,C,C,G,G,T,T,AT,AT,TCTA,TCTA,C,C,TT,TT,ATC,GGC,T,T,GA,GA
M145678,GG,GG,C,C,A,A,C,T,CTC,CTC,AT,TG,A,A,A,A,C,C,T,T,G,G,A,A,A,A,A,A,C,C,A,C,TC,TC,C,C,T,T,G,G,T,T,G,G,T,T,G,G,C,C,C,C,G,G,T,T,AT,AT,TCTA,TCTA,C,C,TT,TT,ATC,ATC,T,T,GA,GA
M145679,GG,GG,C,C,A,A,C,C,CTC,CTC,AT,AT,A,A,A,A,A,C,C,C,G,T,A,A,A,A,A,A,C,C,A,C,TC,TC,C,C,T,T,G,G,T,T,G,G,T,T,G,G,C,C,C,C,G,G,T,T,AT,AT,TCTA,TCTA,C,C,TT,TT,GGC,GGC,T,T,GA,GA
M145680,GG,GG,C,C,A,A,T,T,CTC,CTC,AT,AT,A,A,A,A,A,C,C,C,G,T,A,G,A,A,A,G,C,C,A,C,AT,TC,C,T,T,T,G,G,T,T,G,G,T,T,G,G,C,C,C,C,G,G,T,T,AT,AT,TCTA,TCTA,C,C,TT,TT,ATC,ATC,T,T,GA,GA
M145681,GG,GG,C,C,A,A,C,T,CTC,CTC,AT,TG,A,A,A,A,A,C,C,T,G,T,A,G,A,A,A,G,C,C,A,C,AT,TC,C,T,T,T,G,G,T,T,G,G,T,T,G,G,C,C,C,C,G,G,T,T,AT,AT,TCTA,TCTA,C,C,TT,TT,ATC,ATC,T,T,GA,GA
M145682,GG,GG,C,C,A,A,C,C,CTC,CTC,AT,TG,A,T,A,A,C,C,C,T,G,T,A,G,A,A,A,G,C,C,A,C,AT,TC,C,T,T,T,G,G,T,T,G,G,T,T,G,G,C,C,C,C,G,G,T,T,AT,AT,TCTA,TCTA,C,C,GC,TT,ATC,GGC,T,T,GA,GA
M145683,GG,TA,C,T,A,G,C,T,CTC,TGT,AT,TG,A,A,A,A,A,A,C,C,G,G,A,A,A,A,A,A,C,C,A,C,TC,TC,C,C,T,T,G,G,T,T,G,G,T,T,G,G,C,C,C,C,G,G,T,T,AT,AT,TCTA,TCTA,C,C,GC,TT,ATC,ATC,T,T,GA,GA
M145684,GG,GG,C,C,A,A,C,C,CTC,CTC,AT,TG,A,T,A,A,A,C,C,T,G,G,A,A,A,A,A,A,C,C,A,A,TC,TC,C,C,T,T,G,G,T,T,A,G,T,T,G,G,C,C,C,C,G,G,T,T,AT,AT,TCTA,TCTA,C,C,GC,TT,ATC,GGC,T,T,GA,GA
M145685,GG,GG,C,C,A,A,C,C,CTC,CTC,AT,TG,A,A,A,A,C,C,T,T,G,T,A,G,A,A,A,G,C,C,A,C,AT,TC,C,T,T,T,G,G,T,T,G,G,T,T,G,G,C,C,C,C,G,G,T,T,AT,AT,TCTA,TCTA,C,C,GC,GC,ATC,ATC,T,T,GA,GA
M145686,GG,GG,C,C,A,A,C,C,CTC,CTC,AT,AT,T,T,A,A,A,C,C,C,G,G,A,A,A,A,A,A,C,C,A,A,TC,TC,C,C,T,T,G,G,T,T,G,G,T,T,G,G,C,C,C,C,G,T,C,T,AT,TC,ACGG,TCTA,C,C,GC,TT,ATC,ATC,T,T,GA,GA
M145687,GG,GG,C,C,A,A,C,C,CTC,CTC,AT,AT,A,A,A,A,A,A,C,T,T,T,A,G,A,A,A,G,C,C,C,C,AT,TC,C,T,T,T,G,G,T,T,G,G,T,T,G,G,C,C,C,C,G,G,T,T,AT,AT,TCTA,TCTA,C,C,GC,TT,GGC,GGC,T,T,GA,GA
M145688,GG,GG,C,C,A,A,C,T,CTC,CTC,AT,TG,A,A,A,A,C,C,T,T,T,T,G,G,A,A,G,G,C,C,C,C,AT,AT,T,T,T,T,G,G,T,T,G,G,T,T,G,G,C,C,C,C,G,G,T,T,AT,AT,TCTA,TCTA,C,C,TT,TT,ATC,ATC,T,T,GA,GA
M145689,GG,GG,C,C,A,A,C,C,CTC,CTC,TG,TG,A,T,A,A,C,C,T,T,T,T,G,G,A,A,G,G,C,C,C,C,AT,AT,T,T,T,T,G,G,T,T,G,G,T,T,G,G,C,C,C,C,G,G,T,T,AT,AT,TCTA,TCTA,C,C,TT,TT,ATC,GGC,T,T,GA,GA
M145690,GG,GG,C,C,A,A,C,C,CTC,CTC,AT,TG,A,T,A,A,A,C,C,C,G,T,A,G,A,A,A,G,C,C,A,C,AT,TC,C,T,T,T,G,G,T,T,A,G,T,T,G,G,C,C,C,C,G,G,T,T,AT,AT,TCTA,TCTA,C,C,TC,TT,ATC,GGC,T,T,GA,GA
M145691,GG,GG,C,C,A,A,C,T,CTC,CTC,AT,TG,A,T,A,A,C,C,C,T,G,T,A,G,A,A,A,G,C,C,A,C,AT,TC,C,T,T,T,G,G,T,T,G,G,T,T,G,G,C,C,C,C,G,G,T,T,AT,AT,TCTA,TCTA,C,C,GC,GC,GGC,GGC,T,T,GA,GA
M145692,GG,GG,C,C,A,A,C,T,CTC,CTC,AT,TG,A,A,A,A,A,C,C,T,G,T,G,G,A,A,A,G,C,C,A,C,AT,TC,C,T,T,T,G,G,T,T,G,G,T,T,G,G,C,C,C,C,G,G,T,T,AT,AT,TCTA,TCTA,C,C,TT,TT,ATC,ATC,T,T,GA,GA
M145693,GG,GG,C,C,A,A,C,C,CTC,CTC,AT,AT,A,A,A,A,A,C,C,T,G,T,A,G,A,A,A,G,C,C,A,C,AT,TC,C,T,T,T,G,G,T,T,G,G,T,T,G,G,C,C,C,C,G,G,T,T,AT,AT,TCTA,TCTA,C,C,TC,TT,GGC,GGC,T,T,GA,GA
M145694,GG,GG,C,C,A,A,C,T,CTC,CTC,TG,TG,A,A,A,A,A,C,C,C,G,G,A,A,A,A,A,A,C,C,A,A,TC,TC,C,C,T,T,G,G,T,T,G,G,T,T,G,G,C,C,C,C,G,G,T,T,AT,AT,TCTA,TCTA,C,C,TC,TT,ATC,GGC,T,T,GA,GA
M145695,GG,GG,C,C,A,A,C,T,CTC,CTC,AT,AT,A,A,A,A,A,C,C,T,G,G,A,A,A,A,A,A,C,C,C,C,TC,TC,C,C,T,T,G,G,T,T,G,G,T,T,G,G,C,C,C,C,G,G,T,T,AT,AT,TCTA,TCTA,C,C,TT,TT,ATC,GGC,T,T,GA,GA
M145696,GG,TA,C,T,A,G,C,T,CTC,TGT,TG,TG,A,A,A,A,A,C,C,T,G,G,A,A,A,A,A,A,C,C,A,C,TC,TC,C,C,T,T,G,G,T,T,G,G,T,T,G,G,C,C,C,C,G,G,T,T,AT,AT,TCTA,TCTA,C,T,GT,TT,ATC,GGC,T,T,GA,GA
M145697,GG,TA,C,T,A,G,C,T,CTC,TGT,AT,TG,A,A,A,A,C,C,T,T,G,T,A,G,A,A,A,G,C,C,C,C,AT,TC,C,T,T,T,G,G,T,T,G,G,T,T,G,G,C,C,C,C,G,G,T,T,AT,AT,TCTA,TCTA,C,C,TT,TT,ATC,GGC,T,T,GA,GA
M145698,GG,GG,C,C,A,A,C,C,CTC,CTC,TG,TG,A,A,A,A,A,A,C,C,G,G,A,A,A,A,A,A,C,C,A,A,TC,TC,C,C,T,T,G,G,T,T,G,G,T,T,G,G,C,C,C,C,G,G,T,T,AT,AT,TCTA,TCTA,C,C,TT,TT,GGC,GGC,T,T,GA,GA
M145699,GG,GG,C,C,A,A,C,C,CTC,CTC,TG,TG,A,A,A,A,A,C,C,T,T,T,G,G,A,A,G,G,C,C,C,C,AT,AT,T,T,T,T,G,G,T,T,G,G,T,T,G,G,C,C,C,C,G,G,T,T,AT,AT,TCTA,TCTA,C,C,TT,TT,ATC,GGC,T,T,GA,GA
M145700,GG,GG,C,C,A,A,C,T,CTC,CTC,AT,TG,A,A,A,A,A,A,C,C,G,T,A,G,A,A,A,G,C,C,A,C,AT,TC,C,T,T,T,G,G,T,T,G,G,T,T,G,G,C,C,C,C,G,G,T,T,AT,AT,TCTA,TCTA,C,C,TT,TT,ATC,GGC,T,T,GA,GA
M145701,GG,TA,C,T,A,G,C,T,CTC,TGT,AT,TG,A,A,A,A,A,C,C,T,G,G,A,A,A,A,A,A,C,C,A,C,TC,TC,C,C,T,T,G,G,T,T,A,G,T,T,G,G,C,C,C,C,G,G,T,T,AT,AT,TCTA,TCTA,C,C,TT,TT,ATC,GGC,T,T,GA,GA
M145702,GG,TA,C,T,A,G,C,T,CTC,TGT,AT,TG,A,A,A,A,A,C,C,C,G,T,A,G,A,A,A,G,C,C,A,C,AT,TC,C,T,T,T,G,G,T,T,G,G,T,T,G,G,C,C,C,C,G,G,T,T,AT,AT,TCTA,TCTA,C,C,GT,TT,ATC,GGC,T,T,GA,GA
M145703,GG,GG,C,C,A,A,C,C,CTC,CTC,AT,TG,A,A,A,A,A,A,C,C,G,G,A,A,A,A,A,A,C,C,A,A,TC,TC,C,C,T,T,G,G,T,T,G,G,T,T,G,G,C,C,C,C,G,G,T,T,AT,AT,TCTA,TCTA,C,C,GT,TC,ATC,GGC,T,T,GA,GA
M145704,GG,GG,C,C,A,A,C,C,CTC,CTC,AT,AT,A,A,A,A,C,C,T,T,T,T,G,G,A,A,G,G,C,C,C,C,AT,AT,T,T,T,T,G,G,T,T,G,G,T,T,G,G,C,C,C,C,G,G,T,T,AT,AT,TCTA,TCTA,C,C,TT,TT,ATC,ATC,T,T,GA,GA
M145705,GG,TA,C,T,A,G,C,T,CTC,TGT,AT,TG,A,A,A,A,A,A,C,C,G,G,A,A,A,A,A,A,C,C,A,A,TC,TC,C,C,T,T,G,G,T,T,G,G,T,T,G,G,C,C,C,C,G,G,T,T,AT,AT,TCTA,TCTA,C,C,TT,TT,GGC,GGC,T,T,GA,GA
M145706,GG,TA,C,T,A,G,C,T,CTC,TGT,AT,TG,A,A,A,A,A,C,C,C,G,T,A,G,A,A,A,G,C,C,A,C,AT,TC,C,T,T,T,G,G,T,T,G,G,T,T,G,G,C,C,C,C,G,G,T,T,AT,AT,TCTA,TCTA,C,C,GT,TT,ATC,GGC,T,T,GA,GA
M145707,GG,GG,C,C,A,A,C,T,CTC,CTC,AT,TG,A,A,A,A,A,C,C,T,G,G,A,A,A,A,A,A,C,C,A,C,TC,TC,C,C,T,T,G,G,T,T,G,G,T,T,G,G,C,C,C,C,G,G,T,T,AT,AT,TCTA,TCTA,C,C,TT,TT,ATC,GGC,T,T,GA,GA
M145708,GG,GG,C,C,A,A,C,C,CTC,CTC,AT,AT,A,A,A,A,A,C,C,C,G,G,A,A,A,A,A,A,C,C,A,A,TC,TC,C,C,T,T,G,G,T,T,G,G,T,T,G,G,C,C,C,C,G,G,T,T,AT,AT,TCTA,TCTA,C,C,TC,TT,ATC,GGC,T,T,GA,GA
M145709,GG,TA,C,T,A,G,T,T,CTC,TGT,AT,AT,A,A,A,A,A,C,C,C,G,G,A,A,A,A,A,A,C,C,A,A,TC,TC,C,C,T,T,G,G,T,T,G,G,T,T,G,G,C,C,C,C,G,G,T,T,AT,AT,TCTA,TCTA,C,C,GT,TT,ATC,GGC,T,T,GA,GA
M145710,GG,GG,C,C,A,A,C,C,CTC,CTC,AT,TG,A,A,A,A,A,A,C,C,G,T,A,G,A,A,A,G,C,C,A,C,AT,TC,C,T,T,T,G,G,T,T,G,G,T,T,G,G,C,C,C,C,G,G,T,T,AT,AT,TCTA,TCTA,C,C,TT,TT,GGC,GGC,T,T,GA,GA
M145711,GG,TA,C,T,A,G,C,T,CTC,TGT,TG,TG,A,A,A,A,A,A,C,C,G,T,A,G,A,A,A,G,C,C,A,C,AT,TC,C,T,T,T,G,G,T,T,G,G,T,T,G,G,C,C,C,C,G,G,T,T,AT,AT,TCTA,TCTA,C,C,GT,TT,ATC,GGC,T,T,GA,GA
M145712,GG,GG,C,C,A,A,C,C,CTC,CTC,AT,AT,A,T,A,A,A,C,C,C,G,T,A,G,A,A,A,G,C,C,A,C,AT,TC,C,T,T,T,G,G,T,T,G,G,T,T,G,G,C,C,C,C,G,G,T,T,AT,AT,TCTA,TCTA,C,C,GC,TT,ATC,GGC,T,T,GA,GA
M145713,GG,GG,C,C,A,A,C,C,CTC,CTC,AT,TG,A,A,A,A,A,C,C,T,G,G,A,A,A,A,A,A,C,C,A,C,TC,TC,C,C,T,T,G,G,T,T,G,G,T,T,G,G,C,C,C,C,G,G,T,T,AT,AT,TCTA,TCTA,C,C,GT,TC,ATC,GGC,T,T,GA,GA
M145714,GG,GG,C,C,A,A,C,C,CTC,CTC,TG,TG,A,A,A,A,A,A,C,C,G,G,A,A,A,A,A,A,C,C,A,A,TC,TC,C,C,T,T,G,G,T,T,G,G,T,T,G,G,C,C,C,C,G,G,T,T,AT,AT,TCTA,TCTA,C,C,GT,TT,ATC,ATC,T,T,GA,GA
M145715,GG,GG,C,C,A,A,C,C,CTC,CTC,AT,TG,A,A,A,A,A,C,C,T,G,G,A,A,A,A,A,A,C,C,C,C,TC,TC,C,C,T,T,G,G,T,T,G,G,T,T,G,G,C,C,C,C,G,G,T,T,AT,AT,TCTA,TCTA,C,C,GT,TT,ATC,ATC,T,T,GA,GA
M145716,GG,TA,C,T,A,G,C,T,CTC,TGT,AT,AT,A,A,A,A,A,A,C,C,G,G,A,A,A,A,A,A,C,C,A,A,TC,TC,C,C,T,T,G,G,T,T,G,G,T,T,G,G,C,C,C,C,G,G,T,T,AT,AT,TCTA,TCTA,C,C,GT,TT,ATC,ATC,T,T,GA,GA
M145717,GG,GG,C,C,A,A,C,C,CTC,CTC,TG,TG,A,A,A,A,C,C,C,T,G,T,A,G,A,A,A,G,C,C,A,C,AT,TC,C,T,T,T,G,G,T,T,G,G,T,T,G,G,C,C,C,C,G,G,T,T,AT,AT,TCTA,TCTA,C,C,TC,TC,ATC,ATC,T,T,GA,GA
M145718,GG,TA,C,T,A,G,C,T,CTC,TGT,AT,TG,A,A,A,A,A,C,C,C,G,T,A,G,A,A,A,G,C,C,A,C,AT,TC,C,T,T,T,G,G,T,T,G,G,T,T,G,G,C,C,C,C,G,G,T,T,AT,AT,TCTA,TCTA,C,C,GT,TT,ATC,GGC,T,T,GA,GA
M145719,GG,GG,C,C,A,A,C,C,CTC,CTC,AT,AT,A,A,A,A,A,A,C,C,G,T,A,G,A,A,G,G,C,C,A,C,AT,TC,C,T,T,T,G,G,T,T,G,G,T,T,G,G,C,C,C,C,G,G,T,T,AT,AT,TCTA,TCTA,C,C,GT,TT,ATC,GGC,T,T,GA,GA
M145720,GG,GG,C,C,A,A,C,C,CTC,CTC,AT,TG,A,A,A,A,A,C,C,T,T,T,G,G,A,A,G,G,C,C,C,C,AT,AT,T,T,T,T,G,G,T,T,G,G,T,T,G,G,C,C,C,C,G,G,T,T,AT,AT,TCTA,TCTA,C,C,GC,TT,ATC,GGC,T,T,GA,GA
M145721,GG,GG,C,C,A,A,C,C,CTC,CTC,AT,AT,A,T,A,A,A,A,C,C,G,G,A,A,A,A,A,A,C,C,A,C,TC,TC,C,C,T,T,G,G,T,T,G,G,T,T,G,G,C,C,C,C,G,G,T,T,AT,AT,TCTA,TCTA,C,C,GC,TT,ATC,ATC,T,T,GA,GA
M145722,GG,GG,C,C,A,A,C,C,CTC,CTC,AT,AT,A,A,A,A,A,C,C,T,G,G,A,A,A,A,A,A,C,C,C,C,TC,TC,C,C,T,T,G,G,T,T,G,G,T,T,G,G,C,C,C,C,G,G,T,T,AT,AT,TCTA,TCTA,C,C,TT,TT,GGC,GGC,T,T,GA,GA
M145723,GG,GG,C,C,A,A,C,C,CTC,CTC,AT,AT,A,A,A,A,A,C,0,0,G,G,A,A,A,A,A,A,C,C,A,C,TC,TC,C,C,T,T,G,G,T,T,G,G,T,T,G,G,C,C,C,C,G,G,T,T,AT,AT,TCTA,TCTA,0,0,TT,TT,GGC,GGC,T,T,GA,GA
M145724,GG,GG,C,C,A,A,C,C,CTC,CTC,AT,AT,A,A,A,A,A,C,C,C,G,G,A,A,A,A,A,A,C,C,A,A,TC,TC,C,C,T,T,G,G,T,T,G,G,T,T,G,G,C,C,C,C,G,G,T,T,AT,AT,TCTA,TCTA,C,C,TT,TT,ATC,GGC,T,T,GA,GA
M145725,GG,GG,C,C,A,A,C,C,CTC,CTC,TG,TG,A,A,A,A,A,A,C,C,G,G,A,A,A,A,A,A,C,C,A,A,TC,TC,C,C,T,T,G,G,T,T,G,G,T,T,G,G,C,C,C,C,G,G,T,T,AT,AT,TCTA,TCTA,C,C,TC,TT,ATC,GGC,T,T,GA,GA
M145726,GG,GG,C,C,A,A,C,C,CTC,CTC,AT,TG,A,A,A,A,A,A,C,C,G,G,A,A,A,A,A,A,C,C,A,C,TC,TC,C,C,T,T,G,G,T,T,G,G,T,T,G,G,C,C,C,C,G,G,T,T,AT,AT,TCTA,TCTA,C,C,GT,TT,ATC,GGC,T,T,GA,GA
M145727,GG,GG,C,C,A,A,C,C,CTC,CTC,AT,AT,A,A,A,A,C,C,T,T,G,T,A,G,A,A,G,G,C,C,C,C,AT,TC,C,T,T,T,G,G,T,T,G,G,T,T,G,G,C,C,C,C,G,G,T,T,AT,AT,TCTA,TCTA,C,C,TT,TT,ATC,ATC,T,T,GA,GA
M145728,GG,TA,C,T,A,G,C,T,CTC,TGT,AT,TG,A,T,A,A,A,C,C,C,G,G,A,A,A,A,A,A,C,C,A,A,TC,TC,C,C,T,T,G,G,T,T,G,G,T,T,G,G,C,C,C,C,G,G,T,T,AT,AT,TCTA,TCTA,C,T,GT,TT,ATC,ATC,T,T,GA,GA
M145729,GG,GG,C,C,A,A,C,C,CTC,CTC,AT,TG,A,A,A,A,A,C,C,C,G,T,A,G,A,A,A,G,C,C,C,C,AT,TC,C,T,T,T,G,G,T,T,G,G,T,T,G,G,C,C,C,C,G,G,T,T,AT,AT,TCTA,TCTA,C,C,GT,GT,ATC,ATC,T,T,GA,GA
M145730,GG,GG,C,C,A,A,C,C,CTC,CTC,AT,TG,A,A,A,A,A,A,C,C,G,T,A,G,A,A,A,G,C,C,C,C,AT,TC,C,T,T,T,G,G,T,T,G,G,T,T,G,G,C,C,C,C,G,G,T,T,AT,AT,TCTA,TCTA,C,C,TC,TT,ATC,ATC,T,T,GA,GA
M145731,GG,TA,C,T,A,G,C,T,CTC,TGT,AT,TG,A,A,A,A,A,A,C,C,G,T,A,G,A,A,A,G,C,C,A,C,AT,TC,C,T,T,T,G,G,T,T,G,G,T,T,G,G,C,C,C,C,G,G,T,T,AT,AT,TCTA,TCTA,C,C,TT,TT,GGC,GGC,T,T,GA,GA
M145732,GG,GG,C,C,A,A,C,C,CTC,CTC,AT,AT,A,A,A,A,A,C,C,T,G,G,A,A,A,A,A,A,C,C,C,C,TC,TC,C,C,T,T,G,G,T,T,G,G,T,T,G,G,C,C,C,C,G,G,T,T,AT,AT,TCTA,TCTA,C,C,TT,TT,ATC,GGC,T,T,GA,GA
M145733,GG,GG,C,C,A,A,C,C,CTC,CTC,AT,TG,A,A,A,A,A,C,C,C,G,T,A,G,A,A,A,G,C,C,A,C,AT,TC,C,T,T,T,G,G,T,T,G,G,T,T,G,G,C,C,C,C,G,G,T,T,AT,AT,TCTA,TCTA,C,C,TT,TT,ATC,GGC,T,T,GA,GA
M145734,GG,GG,C,C,A,A,C,C,CTC,CTC,AT,TG,A,A,A,A,A,A,C,C,G,G,A,A,A,A,A,A,C,C,A,A,TC,TC,C,C,T,T,G,G,T,T,G,G,T,T,G,G,C,C,C,C,G,G,T,T,AT,AT,TCTA,TCTA,C,C,TT,TT,ATC,GGC,T,T,GA,GA
M145735,GG,GG,C,C,A,A,C,C,CTC,CTC,AT,TG,A,A,A,A,A,C,C,T,G,G,A,A,A,A,A,A,C,C,A,C,TC,TC,C,C,T,T,G,G,T,T,G,G,T,T,G,G,C,C,C,C,G,G,T,T,AT,AT,TCTA,TCTA,C,C,TC,TT,ATC,ATC,T,T,GA,GA
M145736,GG,TA,C,T,A,G,C,T,CTC,TGT,TG,TG,A,A,A,A,A,C,C,C,T,T,G,G,A,A,G,G,C,C,C,C,AT,AT,T,T,T,T,G,G,T,T,G,G,T,T,G,G,C,C,C,C,G,G,T,T,AT,AT,TCTA,TCTA,C,C,GT,TT,ATC,GGC,T,T,GA,GA
M145737,GG,GG,C,C,A,A,C,C,CTC,CTC,AT,TG,A,A,A,A,A,C,C,C,G,T,A,G,A,A,A,G,C,C,A,C,AT,TC,C,T,T,T,G,G,T,T,G,G,T,T,G,G,C,C,C,C,G,G,T,T,AT,AT,TCTA,TCTA,C,C,TT,TT,GGC,GGC,T,T,GA,GA
M145738,GG,TA,C,T,A,G,C,T,CTC,TGT,AT,TG,A,A,A,A,A,C,C,C,G,T,A,G,A,A,A,G,C,C,A,C,AT,TC,C,T,T,T,G,G,T,T,G,G,T,T,G,G,C,C,C,C,G,G,T,T,AT,AT,TCTA,TCTA,C,C,TT,TT,GGC,GGC,T,T,GA,GA
M145739,GG,GG,C,C,A,A,C,C,CTC,CTC,AT,TG,A,T,A,A,A,C,C,C,T,T,G,G,A,A,G,G,C,C,C,C,AT,AT,T,T,T,T,G,G,T,T,G,G,T,T,G,G,C,C,C,C,G,G,T,T,AT,AT,TCTA,TCTA,C,T,GT,TT,ATC,ATC,T,T,GA,GA
M145740,GG,GG,C,C,A,A,C,C,CTC,CTC,AT,AT,A,A,A,A,A,C,C,T,G,G,A,A,A,A,A,A,C,C,A,C,TC,TC,C,C,T,T,G,G,T,T,G,G,T,T,G,G,C,C,C,C,G,G,T,T,AT,AT,TCTA,TCTA,C,C,TT,TT,ATC,GGC,T,T,GA,GA
M145741,GG,GG,C,C,A,A,C,T,CTC,CTC,AT,AT,A,A,A,A,A,C,C,T,G,G,A,A,A,A,A,A,C,C,A,C,TC,TC,C,C,T,T,G,G,T,T,G,G,T,T,G,G,C,C,C,C,G,G,T,T,AT,AT,TCTA,TCTA,C,C,GT,TT,ATC,GGC,T,T,GA,GA
M145742,GG,TA,C,T,A,G,C,T,CTC,TGT,AT,TG,A,A,A,A,A,A,C,C,G,T,A,G,A,A,A,G,C,C,A,C,AT,TC,C,T,T,T,G,G,T,T,G,G,T,T,G,G,C,C,C,C,G,G,T,T,AT,AT,TCTA,TCTA,C,C,TT,TT,ATC,GGC,T,T,GA,GA
M145743,GG,GG,C,C,A,A,C,C,CTC,CTC,AT,TG,A,A,A,A,C,C,T,T,G,G,A,A,A,A,A,A,C,C,C,C,TC,TC,C,C,T,T,G,G,T,T,G,G,T,T,G,G,C,C,C,C,G,G,T,T,AT,AT,TCTA,TCTA,C,C,TC,TT,ATC,GGC,T,T,GA,GA
M145744,GG,TA,C,T,A,G,C,T,CTC,TGT,AT,TG,A,A,A,A,A,A,C,C,G,T,A,G,A,A,A,G,C,C,A,C,AT,TC,C,T,T,T,G,G,T,T,G,G,T,T,G,G,C,C,C,C,G,G,T,T,AT,AT,TCTA,TCTA,C,C,GT,TT,ATC,GGC,T,T,GA,GA
M145745,GG,TA,C,T,A,G,C,T,CTC,TGT,AT,TG,A,A,A,A,A,A,C,C,G,G,A,A,A,A,A,A,C,C,A,C,TC,TC,C,C,T,T,G,G,T,T,G,G,T,T,G,G,C,C,C,C,G,G,T,T,AT,AT,TCTA,TCTA,C,C,GT,GT,ATC,ATC,T,T,GA,GA
M145746,GG,TA,C,T,A,G,C,T,CTC,TGT,AT,TG,A,A,A,A,A,C,C,C,G,G,A,A,A,A,A,A,C,C,A,C,TC,TC,C,C,T,T,G,G,T,T,G,G,T,T,G,G,C,C,C,C,G,G,T,T,AT,AT,TCTA,TCTA,C,C,TT,TT,ATC,GGC,T,T,GA,GA
M145747,GG,TA,C,T,A,G,C,T,CTC,TGT,AT,AT,A,A,A,A,A,C,T,T,G,G,A,A,A,A,A,A,C,C,A,C,TC,TC,C,C,T,T,G,G,T,T,G,G,T,T,G,G,C,C,C,C,G,G,T,T,AT,AT,TCTA,TCTA,C,C,GT,TC,ATC,GGC,T,T,GA,GA
M145748,GG,TA,C,T,A,G,C,T,CTC,TGT,AT,AT,A,A,A,A,A,A,C,C,G,G,A,A,A,A,A,A,C,C,A,A,TC,TC,C,C,T,T,G,G,T,T,G,G,0,0,G,G,C,C,C,C,0,0,T,T,AT,AT,TCTA,TCTA,C,C,TT,TT,ATC,ATC,T,T,GA,GA
M145749,GG,GG,C,C,A,A,C,C,CTC,CTC,AT,AT,A,A,A,A,A,A,C,C,G,T,A,G,A,A,A,G,C,C,C,C,AT,TC,C,T,T,T,G,G,T,T,G,G,T,T,G,G,C,C,C,C,G,G,T,T,AT,AT,TCTA,TCTA,C,C,GT,TT,ATC,GGC,T,T,GA,GA
M145750,GG,TA,C,T,A,G,C,T,CTC,TGT,AT,AT,A,A,A,A,A,C,C,C,T,T,G,G,A,A,G,G,C,C,C,C,AT,AT,T,T,T,T,G,G,T,T,G,G,T,T,G,G,C,C,C,C,G,G,T,T,AT,AT,TCTA,TCTA,C,C,TT,TT,ATC,GGC,T,T,GA,GA
M145751,GG,TA,C,T,A,G,C,T,CTC,TGT,AT,TG,A,A,A,A,A,A,C,C,G,G,A,A,A,A,A,A,C,C,A,A,TC,TC,C,C,T,T,G,G,T,T,G,G,T,T,G,G,C,C,C,C,G,T,C,T,AT,TC,ACGG,TCTA,C,C,GT,TT,ATC,GGC,T,T,GA,GA
M145752,GG,GG,C,C,A,A,C,C,CTC,CTC,AT,AT,A,A,A,A,A,A,C,C,G,G,A,A,A,A,A,A,C,C,A,A,TC,TC,C,C,T,T,G,G,T,T,G,G,T,T,G,G,C,C,C,C,G,G,T,T,AT,AT,TCTA,TCTA,C,C,GT,TT,ATC,GGC,T,T,GA,GA
M145753,GG,GG,C,C,A,A,C,C,CTC,CTC,AT,AT,A,A,A,A,A,C,C,T,G,G,A,A,A,A,A,A,C,C,A,C,TC,TC,C,C,T,T,G,G,T,T,G,G,T,T,G,G,C,C,C,C,G,G,T,T,AT,AT,TCTA,TCTA,C,C,TT,TT,GGC,GGC,T,T,GA,GA
M145754,GG,GG,C,C,A,A,C,C,CTC,CTC,AT,AT,A,T,A,A,A,C,C,T,G,T,A,G,A,A,G,G,C,C,C,C,AT,TC,C,T,T,T,G,G,T,T,G,G,T,T,G,G,C,C,C,C,G,G,T,T,AT,AT,TCTA,TCTA,C,C,TC,TC,ATC,GGC,T,T,GA,GA
M145755,GG,GG,C,C,A,A,C,C,CTC,CTC,TG,TG,A,A,A,A,A,A,C,C,G,G,A,A,A,A,A,A,C,C,A,A,TC,TC,C,C,T,T,G,G,T,T,G,G,T,T,G,G,C,C,C,C,G,G,T,T,AT,AT,TCTA,TCTA,C,C,GT,TT,ATC,ATC,T,T,GA,GA
M145756,GG,TA,C,T,A,G,C,T,CTC,TGT,AT,TG,A,A,A,A,A,A,C,C,G,G,A,A,A,A,A,A,C,C,A,A,TC,TC,C,C,T,T,G,G,T,T,G,G,T,T,G,G,C,C,C,C,G,G,T,T,AT,AT,TCTA,TCTA,C,C,TT,TT,ATC,GGC,T,T,GA,GA
M145757,GG,GG,C,C,A,A,C,C,CTC,CTC,TG,TG,A,A,A,A,A,C,C,T,T,T,G,G,A,A,G,G,C,C,C,C,AT,AT,T,T,T,T,G,G,T,T,G,G,T,T,G,G,C,C,C,C,G,G,T,T,AT,AT,TCTA,TCTA,C,C,TT,TT,ATC,ATC,T,T,GA,GA
M145758,GG,GG,C,C,A,A,C,C,CTC,CTC,TG,TG,A,A,A,A,A,A,C,C,G,T,A,G,A,A,A,G,C,C,A,C,AT,TC,C,T,T,T,G,G,T,T,G,G,T,T,G,G,C,C,C,C,G,G,T,T,AT,AT,TCTA,TCTA,C,C,TT,TT,ATC,GGC,T,T,GA,GA
M145759,GG,GG,C,C,A,A,C,T,CTC,CTC,AT,AT,A,A,A,A,A,A,C,C,G,T,A,G,A,A,A,G,C,C,A,C,AT,TC,C,T,T,T,G,G,T,T,G,G,T,T,G,G,C,C,C,C,G,G,T,T,AT,AT,TCTA,TCTA,C,C,GT,TT,ATC,ATC,T,T,GA,GA
M145760,GG,GG,C,C,A,A,C,C,CTC,CTC,TG,TG,A,A,A,A,A,C,0,0,T,T,G,G,A,A,G,G,C,C,C,C,AT,AT,T,T,T,T,G,G,T,T,G,G,T,T,G,G,C,C,C,C,G,G,T,T,AT,AT,TCTA,TCTA,C,C,TT,TT,0,0,T,T,GA,GA
M145761,GG,TA,C,T,A,G,C,T,CTC,TGT,AT,AT,A,A,A,A,C,C,T,T,G,T,A,G,A,A,A,G,C,C,C,C,AT,TC,C,T,T,T,G,G,T,T,G,G,T,T,G,G,C,C,C,C,G,G,T,T,AT,AT,TCTA,TCTA,C,C,TT,TT,ATC,GGC,T,T,GA,GA
M145762,GG,GG,C,C,A,A,C,C,CTC,CTC,AT,TG,A,A,A,A,A,C,C,T,G,T,A,G,A,A,A,G,C,C,C,C,AT,TC,C,T,T,T,G,G,T,T,G,G,T,T,G,G,C,C,C,C,G,G,T,T,AT,AT,TCTA,TCTA,C,C,TT,TT,GGC,GGC,T,T,GA,GA
M145763,GG,TA,C,T,A,G,C,T,CTC,TGT,AT,AT,A,A,A,A,A,C,C,C,G,T,A,G,A,A,A,G,C,C,A,C,AT,TC,C,T,T,T,G,G,T,T,G,G,T,T,G,G,C,C,C,C,G,G,T,T,AT,AT,TCTA,TCTA,C,C,GT,TT,ATC,GGC,T,T,GA,GA
M145764,GG,TA,C,T,A,G,C,T,CTC,TGT,AT,TG,A,A,A,A,A,A,C,C,G,G,A,A,A,A,A,A,C,C,A,A,TC,TC,C,C,T,T,G,G,T,T,G,G,T,T,G,G,C,C,C,C,G,G,T,T,AT,AT,TCTA,TCTA,C,C,GT,GT,ATC,ATC,T,T,GA,GA
M145765,GG,GG,C,C,A,A,C,C,CTC,CTC,AT,AT,A,A,A,A,A,C,C,C,G,G,A,A,A,A,A,A,C,C,A,A,TC,TC,C,C,T,T,G,G,T,T,G,G,T,T,G,G,C,C,C,C,G,G,T,T,AT,AT,TCTA,TCTA,C,C,GT,TT,ATC,GGC,T,T,GA,GA
M145766,GG,GG,C,C,A,A,C,T,CTC,CTC,AT,TG,A,A,A,A,C,C,C,T,G,T,A,G,A,A,A,G,C,C,A,C,AT,TC,C,T,T,T,G,G,T,T,G,G,T,T,G,G,C,C,C,C,G,G,T,T,AT,AT,TCTA,TCTA,C,C,TT,TT,GGC,GGC,T,T,GA,GA
M145767,GG,GG,C,C,A,A,C,C,CTC,CTC,AT,AT,A,A,A,A,C,C,C,C,G,G,A,A,A,A,A,A,C,C,A,A,TC,TC,C,C,T,T,G,G,T,T,G,G,T,T,G,G,C,C,C,C,G,G,T,T,AT,AT,TCTA,TCTA,C,C,TC,TC,ATC,ATC,T,T,GA,GA
M145768,GG,GG,C,C,A,A,C,C,CTC,CTC,AT,AT,A,A,A,A,A,A,C,C,G,G,A,A,A,A,A,A,C,C,A,A,TC,TC,C,C,T,T,G,G,T,T,G,G,T,T,G,G,C,C,C,C,G,G,T,T,AT,AT,TCTA,TCTA,C,C,GT,TT,ATC,GGC,T,T,GA,GA
M145769,GG,GG,C,C,A,A,C,C,CTC,CTC,AT,TG,A,A,A,A,C,C,C,T,G,G,A,A,A,A,A,A,C,C,A,C,TC,TC,C,C,T,T,G,G,T,T,G,G,T,T,G,G,C,C,C,C,G,G,T,T,AT,AT,TCTA,TCTA,C,C,GT,TT,ATC,ATC,T,T,GA,GA
M145770,GG,GG,C,C,A,A,C,C,CTC,CTC,AT,TG,A,A,A,A,A,A,C,C,G,T,A,G,A,A,A,G,C,C,A,C,AT,TC,C,T,T,T,G,G,T,T,G,G,T,T,G,G,C,C,C,C,G,G,T,T,AT,AT,TCTA,TCTA,C,C,TT,TT,GGC,GGC,T,T,GA,GA
M145771,GG,TA,C,T,A,G,C,T,CTC,TGT,AT,TG,A,A,A,A,A,C,C,C,G,G,A,A,A,A,A,A,C,C,A,A,TC,TC,C,C,T,T,G,G,T,T,G,G,T,T,G,G,C,C,C,C,G,G,T,T,AT,AT,TCTA,TCTA,C,C,TT,TT,ATC,GGC,T,T,GA,GA
M145772,GG,TA,C,C,A,A,C,T,CTC,CTC,AT,TG,A,A,A,A,A,C,C,C,G,T,A,G,A,A,A,G,C,C,A,C,AT,TC,C,T,T,T,G,G,T,T,G,G,T,T,G,G,C,C,C,C,G,G,T,T,AT,AT,TCTA,TCTA,C,C,GT,GT,ATC,ATC,T,T,GA,GA
M145773,GG,GG,C,C,A,A,C,T,CTC,CTC,AT,TG,A,A,A,A,A,C,C,C,G,T,A,G,A,A,A,G,C,C,A,C,AT,TC,C,T,T,T,G,G,T,T,G,G,T,T,G,G,C,C,C,C,G,G,T,T,AT,AT,TCTA,TCTA,C,C,TC,TT,ATC,GGC,T,T,GA,GA
M145774,GG,TA,C,T,A,G,C,T,CTC,TGT,AT,TG,A,A,A,A,A,A,C,C,G,G,A,A,A,A,A,A,C,C,A,A,TC,TC,C,C,T,T,G,G,T,T,G,G,T,T,G,G,C,C,C,C,G,G,T,T,AT,AT,TCTA,TCTA,C,C,TT,TT,GGC,GGC,T,T,GA,GA
M145775,GG,GG,C,C,A,A,C,C,CTC,CTC,AT,TG,A,A,A,A,C,C,C,T,T,T,G,G,A,A,G,G,C,C,C,C,AT,AT,T,T,T,T,G,G,T,T,G,G,T,T,G,G,C,C,C,C,G,G,T,T,AT,AT,TCTA,TCTA,C,C,TT,TT,ATC,GGC,T,T,GA,GA
M145776,GG,GG,C,C,A,A,C,C,CTC,CTC,AT,AT,A,A,A,A,A,C,C,C,T,T,G,G,A,A,G,G,C,C,C,C,AT,AT,T,T,T,T,G,G,T,T,G,G,T,T,G,G,C,C,C,C,G,G,T,T,AT,AT,TCTA,TCTA,C,C,TT,TT,GGC,GGC,T,T,GA,GA
M145777,GG,GG,C,C,A,A,C,C,CTC,CTC,AT,AT,A,A,A,A,A,C,C,T,G,T,A,G,A,A,A,G,C,C,C,C,AT,TC,C,T,T,T,G,G,T,T,G,G,T,T,G,G,C,C,C,C,G,G,T,T,AT,AT,TCTA,TCTA,C,C,TC,TT,ATC,GGC,T,T,GA,GA
M145778,GG,TA,C,T,A,G,C,T,CTC,TGT,AT,TG,A,A,A,A,A,C,C,T,T,T,G,G,A,A,G,G,C,C,C,C,AT,AT,T,T,T,T,G,G,T,T,G,G,T,T,G,G,C,C,C,C,G,G,T,T,AT,AT,TCTA,TCTA,C,C,TT,TT,ATC,GGC,T,T,GA,GA
M145779,GG,GG,C,C,A,A,C,C,CTC,CTC,AT,AT,A,A,A,A,A,A,C,C,G,T,A,G,A,A,A,G,C,C,A,C,AT,TC,C,T,T,T,G,G,T,T,G,G,T,T,G,G,C,C,C,C,G,G,T,T,AT,AT,TCTA,TCTA,C,C,TT,TT,ATC,GGC,T,T,GA,GA
M145780,GG,TA,C,T,A,G,C,T,CTC,TGT,AT,TG,A,A,A,A,A,A,C,C,G,T,A,G,A,A,A,G,C,C,A,C,AT,TC,C,T,T,T,G,G,T,T,G,G,T,T,G,G,C,C,C,C,G,G,T,T,AT,AT,TCTA,TCTA,C,C,TT,TT,ATC,GGC,T,T,GA,GA
M145781,GG,TA,C,T,A,G,C,T,CTC,TGT,AT,TG,A,A,A,A,A,A,C,C,G,T,A,G,A,A,A,G,C,C,A,C,AT,TC,C,T,T,T,G,G,T,T,G,G,T,T,G,G,C,C,C,C,G,G,T,T,AT,AT,TCTA,TCTA,C,C,TT,TT,GGC,GGC,T,T,GA,GA
M145782,GG,GG,C,C,A,A,C,C,CTC,CTC,AT,AT,A,A,A,A,A,C,C,T,G,G,A,A,A,A,A,A,C,C,C,C,TC,TC,C,C,T,T,G,G,T,T,G,G,T,T,G,G,C,C,C,C,G,G,T,T,AT,AT,TCTA,TCTA,C,C,TT,TT,GGC,GGC,T,T,GA,GA
M145783,GG,TA,C,T,A,G,C,T,CTC,TGT,AT,AT,A,A,A,A,A,A,C,C,G,T,A,G,A,A,A,G,C,C,A,C,AT,TC,C,T,T,T,G,G,T,T,G,G,T,T,G,G,C,C,C,C,G,G,T,T,AT,AT,TCTA,TCTA,C,C,TT,TT,GGC,GGC,T,T,GA,GA
M145784,GG,TA,C,T,A,G,C,T,CTC,TGT,AT,TG,A,A,A,A,C,C,C,T,G,T,A,G,A,A,A,G,C,C,C,C,AT,TC,C,T,T,T,G,G,T,T,G,G,T,T,G,G,C,C,C,C,G,G,T,T,AT,AT,TCTA,TCTA,C,C,TT,TT,ATC,GGC,T,T,GA,GA
M145785,GG,GG,C,C,A,A,C,C,CTC,CTC,AT,AT,A,T,A,A,A,C,C,C,G,G,A,A,A,A,A,A,C,C,A,A,TC,TC,C,C,T,T,G,G,T,T,G,G,T,T,G,G,C,C,C,C,G,G,T,T,AT,AT,TCTA,TCTA,C,C,TC,TT,ATC,GGC,T,T,GA,GA
M145786,GG,GG,C,C,A,A,C,C,CTC,CTC,AT,AT,A,A,A,A,A,A,C,C,G,G,A,A,A,A,A,A,C,C,A,A,TC,TC,C,C,T,T,G,G,T,T,G,G,T,T,G,G,C,C,C,C,G,G,T,T,AT,AT,TCTA,TCTA,C,C,TT,TT,ATC,GGC,T,T,GA,GA
M145787,GG,TA,C,T,A,G,C,T,CTC,TGT,AT,AT,A,A,A,A,A,A,C,C,T,T,G,G,A,A,G,G,C,C,C,C,AT,AT,T,T,T,T,G,G,T,T,G,G,T,T,G,G,C,C,C,C,G,G,T,T,AT,AT,TCTA,TCTA,C,C,TT,TT,GGC,GGC,T,T,GA,GA
M145788,GG,GG,C,C,A,A,C,C,CTC,CTC,AT,TG,A,A,A,A,A,C,T,T,G,T,A,A,A,A,A,G,C,C,C,C,AT,TC,C,T,T,T,G,G,T,T,G,G,T,T,G,G,C,C,C,C,G,G,T,T,AT,AT,TCTA,TCTA,0,0,TT,TT,GGC,GGC,T,T,GA,GA
M145789,GG,TA,C,T,A,G,C,T,CTC,TGT,AT,TG,A,T,A,A,A,C,C,C,G,G,A,G,A,A,A,G,C,C,A,C,AT,TC,C,T,T,T,G,G,T,T,G,G,T,T,G,G,C,C,C,C,G,G,T,T,AT,AT,TCTA,TCTA,C,T,TC,TT,ATC,GGC,T,T,GA,GA
M145790,GG,GG,C,C,A,A,C,C,CTC,CTC,AT,TG,A,A,A,A,A,C,C,T,G,G,A,A,A,A,A,A,C,C,A,C,TC,TC,C,C,T,T,G,G,T,T,G,G,T,T,G,G,C,C,C,C,G,G,T,T,AT,AT,TCTA,TCTA,C,C,TT,TT,ATC,GGC,T,T,GA,GA
M145791,GG,GG,C,C,A,A,C,C,CTC,CTC,AT,TG,A,A,A,A,A,C,C,C,G,T,A,G,A,A,A,G,C,C,A,C,AT,TC,C,T,T,T,G,G,T,T,G,G,T,T,G,G,C,C,C,C,G,G,T,T,AT,AT,TCTA,TCTA,C,C,TC,TT,ATC,ATC,T,T,GA,GA
M145792,GG,GG,C,C,A,A,C,C,CTC,CTC,AT,AT,T,T,A,A,A,C,T,T,G,T,A,A,A,A,A,G,C,C,C,C,AT,TC,C,T,T,T,G,G,T,T,G,G,T,T,G,G,C,C,C,C,G,G,T,T,AT,AT,TCTA,TCTA,C,C,TC,TT,ATC,GGC,T,T,GA,GA
M145793,GG,TA,C,T,A,G,C,T,CTC,TGT,AT,AT,A,T,A,A,A,C,T,T,G,G,A,A,A,A,A,A,C,C,A,C,TC,TC,C,C,T,T,G,G,T,T,G,G,T,T,G,G,C,C,C,C,G,G,T,T,AT,AT,TCTA,TCTA,C,C,TT,TT,ATC,ATC,T,T,GA,GA
M145794,GG,GG,C,C,A,A,C,C,CTC,CTC,AT,AT,T,T,A,A,A,A,T,T,G,G,A,A,A,A,A,A,C,C,C,C,TC,TC,C,C,T,T,G,G,T,T,G,G,T,T,G,G,C,C,C,C,G,G,T,T,AT,AT,TCTA,TCTA,C,C,TT,TT,ATC,ATC,T,T,GA,GA
M145795,GG,TA,C,T,A,G,C,T,CTC,TGT,AT,TG,A,T,A,A,A,C,C,C,G,G,A,A,A,A,A,A,C,C,A,A,TC,TC,C,C,T,T,G,G,T,T,G,G,T,T,G,G,C,C,C,C,G,G,T,T,AT,AT,TCTA,TCTA,C,C,TT,TT,ATC,ATC,T,T,GA,GA
M145796,GG,TA,C,T,A,G,C,T,CTC,TGT,AT,AT,A,A,A,A,A,C,0,0,G,T,A,G,A,A,A,G,C,C,A,C,AT,TC,C,T,T,T,G,G,T,T,G,G,T,T,G,G,C,C,C,C,G,G,T,T,AT,AT,TCTA,TCTA,C,C,TC,TT,ATC,ATC,T,T,GA,GA
M145797,GG,TA,C,T,A,G,C,T,CTC,TGT,AT,AT,A,A,A,A,A,C,C,T,G,T,G,G,A,A,A,G,C,C,A,C,AT,TC,C,T,T,T,G,G,T,T,G,G,T,T,G,G,C,C,C,C,G,G,T,T,AT,AT,TCTA,TCTA,C,C,TC,TT,GGC,GGC,T,T,GA,GA
M145798,TA,TA,T,T,G,G,T,T,TGT,TGT,AT,AT,A,T,A,A,A,A,C,T,G,G,A,A,A,A,A,A,C,C,A,C,TC,TC,C,C,T,T,G,G,T,T,G,G,T,T,G,G,C,C,C,C,G,G,T,T,AT,AT,TCTA,TCTA,C,C,TC,TT,ATC,GGC,T,T,GA,GA
M145799,GG,TA,C,T,A,G,C,T,CTC,TGT,AT,TG,A,A,A,A,A,A,C,T,G,G,A,A,A,A,A,A,C,C,A,C,TC,TC,C,C,T,T,G,G,T,T,G,G,T,T,G,G,C,C,C,C,G,G,T,T,AT,AT,TCTA,TCTA,C,C,GC,TT,ATC,GGC,T,T,GA,GA
M145800,TA,TA,T,T,G,G,T,T,TGT,TGT,AT,AT,A,T,A,A,C,C,T,T,G,G,G,G,A,A,G,G,C,C,A,C,AT,TC,C,T,T,T,G,G,T,T,G,G,T,T,G,G,C,C,C,C,G,G,T,T,AT,AT,TCTA,TCTA,C,C,TT,TT,ATC,GGC,T,T,GA,GA
M145801,GG,GG,C,C,A,A,C,C,CTC,CTC,AT,TG,A,A,A,A,C,C,T,T,G,T,G,G,A,A,A,G,C,C,A,C,AT,TC,C,T,T,T,G,G,T,T,G,G,T,T,G,G,C,C,C,C,G,G,T,T,AT,AT,TCTA,TCTA,C,C,TC,TT,ATC,GGC,T,T,GA,GA
M145802,GG,GG,C,C,A,A,C,C,CTC,CTC,AT,AT,A,A,A,A,A,C,0,0,G,G,A,A,A,A,A,A,C,C,A,C,TC,TC,C,C,T,T,G,G,T,T,G,G,T,T,G,G,C,C,C,C,G,G,T,T,AT,AT,TCTA,TCTA,C,C,GT,TT,GGC,GGC,T,T,GA,GA
M145803,GG,TA,C,T,A,G,C,T,CTC,TGT,AT,AT,A,T,A,A,A,C,C,C,G,T,G,G,A,A,A,G,C,C,A,C,AT,TC,C,T,T,T,G,G,T,T,G,G,T,T,G,G,C,C,C,C,G,G,T,T,AT,AT,TCTA,TCTA,C,C,TT,TT,ATC,GGC,T,T,GA,GA
M145804,TA,TA,T,T,G,G,T,T,TGT,TGT,AT,AT,A,A,A,A,A,C,C,T,G,G,A,A,A,A,A,A,C,C,A,A,TC,TC,C,C,T,T,G,G,T,T,G,G,T,T,G,G,C,C,C,C,G,G,T,T,AT,AT,TCTA,TCTA,C,C,TT,TT,GGC,GGC,T,T,GA,GA
M145805,GG,TA,C,T,A,G,C,T,CTC,TGT,AT,TG,A,A,A,A,A,A,C,T,G,T,A,G,A,A,A,G,C,C,C,C,AT,TC,C,T,T,T,G,G,T,T,G,G,T,T,G,G,C,C,C,C,G,G,T,T,AT,AT,TCTA,TCTA,C,C,TC,TT,GGC,GGC,T,T,GA,GA
M145806,GG,GG,C,C,A,A,C,C,CTC,CTC,AT,TG,A,A,A,A,A,C,C,T,G,T,A,A,A,A,A,G,C,C,A,C,AT,TC,C,T,T,T,G,G,T,T,G,G,T,T,G,G,C,C,C,C,G,G,T,T,AT,AT,TCTA,TCTA,C,C,TT,TT,GGC,GGC,T,T,GA,GA
M145807,GG,TA,C,T,A,G,C,T,CTC,TGT,AT,TG,A,T,A,A,A,C,0,0,G,T,A,G,A,A,A,G,C,C,A,C,AT,TC,C,T,T,T,G,G,T,T,G,G,T,T,G,G,C,C,C,C,G,G,T,T,AT,AT,TCTA,TCTA,C,C,GC,TC,ATC,GGC,T,T,GA,GA
M145808,GG,GG,C,C,A,A,C,C,CTC,CTC,AT,AT,A,A,A,A,A,C,0,0,G,G,A,A,A,A,A,A,C,C,A,C,TC,TC,C,C,T,T,G,G,T,T,G,G,T,T,G,G,C,C,C,C,G,G,T,T,AT,AT,TCTA,TCTA,C,C,TT,TT,ATC,GGC,T,T,GA,GA
M145809,GG,GG,C,C,A,A,C,C,CTC,CTC,AT,AT,A,A,A,A,A,C,C,T,G,G,A,A,A,A,A,A,C,C,A,C,TC,TC,C,C,T,T,G,G,T,T,G,G,T,T,G,G,C,C,C,C,G,G,T,T,AT,AT,TCTA,TCTA,C,C,TT,TT,ATC,GGC,T,T,GA,GA
M145810,GG,GG,C,C,A,A,C,C,CTC,CTC,AT,AT,A,A,A,A,A,C,C,T,G,G,A,A,A,A,A,A,C,C,A,A,TC,TC,C,C,T,T,G,G,T,T,G,G,T,T,G,G,C,C,C,C,G,G,T,T,AT,AT,TCTA,TCTA,C,C,TT,TT,ATC,ATC,T,T,GA,GA
M145811,GG,GG,C,C,A,A,C,C,CTC,CTC,AT,TG,A,A,A,A,C,C,C,T,G,G,A,A,A,A,A,A,C,C,A,C,TC,TC,C,C,T,T,G,G,T,T,G,G,T,T,G,G,C,C,C,C,G,G,T,T,AT,AT,TCTA,TCTA,C,C,GT,TT,GGC,GGC,T,T,GA,GA
M145812,TA,TA,T,T,G,G,T,T,TGT,TGT,AT,AT,T,T,A,A,A,C,T,T,G,G,A,G,A,A,A,G,C,C,C,C,AT,TC,C,T,T,T,G,G,T,T,G,G,T,T,G,G,C,C,C,C,G,G,T,T,AT,AT,TCTA,TCTA,C,C,TT,TT,ATC,GGC,T,T,GA,GA
M145813,GG,GG,C,C,A,A,C,C,CTC,CTC,AT,TG,A,A,A,A,A,C,T,T,G,G,A,A,A,A,A,A,C,C,A,C,TC,TC,C,C,T,T,G,G,T,T,G,G,T,T,G,G,C,C,C,C,G,G,T,T,AT,AT,TCTA,TCTA,C,C,TT,TT,ATC,GGC,T,T,GA,GA
M145814,GG,GG,C,C,A,A,C,C,CTC,CTC,AT,TG,A,A,A,A,C,C,C,C,G,G,A,A,A,A,A,A,C,C,A,C,TC,TC,C,C,T,T,G,G,T,T,G,G,T,T,G,G,C,C,C,C,G,G,T,T,AT,AT,TCTA,TCTA,C,C,TT,TT,ATC,GGC,T,T,GA,GA
M145815,GG,GG,C,C,A,A,C,C,CTC,CTC,AT,AT,A,A,A,A,C,C,T,T,G,G,A,A,A,A,A,A,C,C,A,C,TC,TC,C,C,T,T,G,G,T,T,G,G,T,T,G,G,C,C,C,C,G,G,T,T,AT,AT,TCTA,TCTA,C,C,GT,TT,GGC,GGC,T,T,GA,GA
M145816,GG,GG,C,C,A,A,C,C,CTC,CTC,AT,AT,A,A,A,A,A,C,0,0,G,G,A,A,A,A,A,A,C,C,A,C,TC,TC,C,C,T,T,G,G,T,T,G,G,T,T,G,G,C,C,C,C,G,G,T,T,AT,AT,TCTA,TCTA,0,0,TT,TT,0,0,T,T,GA,GA
M145817,GG,TA,C,T,A,G,C,T,CTC,TGT,AT,TG,A,A,A,A,A,C,T,T,G,G,A,A,A,A,A,A,C,C,C,C,TC,TC,C,C,T,T,G,G,T,T,G,G,T,T,G,G,C,C,C,C,G,G,T,T,AT,AT,TCTA,TCTA,C,C,TT,TT,ATC,ATC,T,T,GA,GA
M145818,GG,GG,C,C,A,A,C,C,CTC,CTC,AT,AT,A,A,A,A,A,C,C,T,G,T,A,G,A,A,A,G,C,C,A,C,AT,TC,C,T,T,T,G,G,T,T,G,G,T,T,G,G,C,C,C,C,G,G,T,T,AT,AT,TCTA,TCTA,C,C,TC,TT,GGC,GGC,T,T,GA,GA
M145819,GG,GG,C,C,A,A,C,C,CTC,CTC,AT,TG,A,T,A,A,A,A,0,0,G,G,A,A,A,A,A,A,C,C,A,C,TC,TC,C,C,T,T,G,G,T,T,G,G,T,T,G,G,C,C,C,C,G,G,T,T,AT,AT,TCTA,TCTA,C,C,TC,TT,ATC,GGC,T,T,GA,GA
M145820,GG,TA,C,T,A,G,C,T,CTC,TGT,AT,AT,T,T,A,A,A,C,0,0,G,G,A,A,A,A,A,A,C,C,A,A,TC,TC,C,C,T,T,G,G,T,T,G,G,T,T,G,G,C,C,C,C,G,G,T,T,AT,AT,TCTA,TCTA,C,C,TT,TT,ATC,GGC,T,T,GA,GA
M145821,GG,GG,C,C,A,A,C,C,CTC,CTC,AT,TG,A,A,A,A,C,C,0,0,G,G,A,A,A,A,A,A,C,C,A,C,TC,TC,C,C,T,T,G,G,T,T,G,G,T,T,G,G,C,C,C,C,G,G,T,T,AT,AT,TCTA,TCTA,C,C,TT,TT,ATC,GGC,T,T,GA,GA
M145822,GG,GG,C,C,A,A,C,C,CTC,CTC,AT,AT,A,A,A,A,C,C,C,C,G,G,A,A,A,A,A,A,C,C,A,C,TC,TC,C,C,T,T,G,G,T,T,G,G,T,T,G,G,C,C,C,C,G,G,T,T,AT,AT,TCTA,TCTA,C,C,TT,TT,ATC,GGC,T,T,GA,GA
M145823,GG,GG,C,C,A,A,C,C,CTC,CTC,TG,TG,A,A,A,A,A,C,T,T,G,T,A,G,A,A,A,G,C,C,A,C,AT,TC,C,T,T,T,G,G,T,T,G,G,T,T,G,G,C,C,C,C,G,G,T,T,AT,AT,TCTA,TCTA,C,C,TC,TT,ATC,ATC,T,T,GA,GA
M145824,GG,GG,C,C,A,A,C,C,CTC,CTC,AT,AT,A,A,A,A,C,C,C,T,G,G,A,A,A,A,A,A,C,C,A,C,TC,TC,C,C,T,T,G,G,T,T,G,G,T,T,G,G,C,C,C,C,G,G,T,T,AT,AT,TCTA,TCTA,C,C,GT,TT,GGC,GGC,T,T,GA,GA
M145825,GG,GG,C,C,A,A,C,C,CTC,CTC,AT,AT,A,A,A,A,A,C,C,T,G,G,A,A,A,A,A,A,C,C,A,C,TC,TC,C,C,T,T,G,G,T,T,G,G,T,T,G,G,C,C,C,C,G,G,T,T,AT,AT,TCTA,TCTA,C,C,TT,TT,ATC,GGC,T,T,GA,GA
M145826,TA,TA,T,T,G,G,T,T,TGT,TGT,AT,AT,A,T,A,A,C,C,T,T,G,T,G,G,A,A,A,G,C,C,A,C,AT,TC,C,T,T,T,G,G,T,T,G,G,T,T,G,G,C,C,C,C,G,G,T,T,AT,AT,TCTA,TCTA,C,C,TT,TT,ATC,ATC,T,T,GA,GA
M145827,GG,GG,C,C,A,A,C,C,CTC,CTC,TG,TG,A,A,A,A,A,C,0,0,G,G,A,A,A,A,A,A,C,C,A,A,TC,TC,C,C,T,T,G,G,T,T,G,G,T,T,G,G,C,C,C,C,G,G,T,T,AT,AT,TCTA,TCTA,C,C,TT,TT,ATC,GGC,T,T,GA,GA
M145828,TA,TA,T,T,G,G,T,T,TGT,TGT,AT,TG,A,A,A,A,C,C,T,T,G,T,A,G,A,A,A,G,C,C,A,C,AT,TC,C,T,T,T,G,G,T,T,G,G,T,T,G,G,C,C,C,C,G,G,T,T,AT,AT,TCTA,TCTA,C,C,TT,TT,ATC,GGC,T,T,GA,GA
M145829,GG,GG,C,C,A,A,C,C,CTC,CTC,AT,AT,A,T,A,A,A,A,C,C,G,G,A,A,A,A,A,A,C,C,A,A,TC,TC,C,C,T,T,G,G,T,T,G,G,T,T,G,G,C,C,C,C,G,G,T,T,AT,AT,TCTA,TCTA,C,T,TC,TT,ATC,GGC,T,T,GA,GA
M145830,GG,GG,C,C,A,A,C,C,CTC,CTC,AT,AT,A,A,A,A,C,C,T,T,G,T,G,G,A,A,A,G,C,C,A,C,AT,TC,C,T,T,T,G,G,T,T,G,G,T,T,G,G,C,C,C,C,G,G,T,T,AT,AT,TCTA,TCTA,C,C,TC,TT,ATC,ATC,T,T,GA,GA
M145831,GG,GG,C,C,A,A,C,C,CTC,CTC,AT,AT,A,A,A,A,C,C,C,C,G,G,A,A,A,A,A,A,C,C,A,C,TC,TC,C,C,T,T,G,G,T,T,G,G,T,T,G,G,C,C,C,C,G,G,T,T,AT,AT,TCTA,TCTA,C,C,TT,TT,ATC,GGC,T,T,GA,GA
M145832,GG,TA,C,T,A,G,C,T,CTC,TGT,AT,AT,A,A,A,A,A,C,C,T,G,T,A,A,A,A,A,G,C,C,A,C,AT,TC,C,T,T,T,G,G,T,T,G,G,T,T,G,G,C,C,C,C,G,G,T,T,AT,AT,TCTA,TCTA,C,C,TT,TT,GGC,GGC,T,T,GA,GA
M145833,GG,GG,C,C,A,A,C,C,CTC,CTC,AT,TG,A,A,A,A,A,A,C,T,G,G,A,A,A,A,A,A,C,C,A,C,TC,TC,C,C,T,T,G,G,T,T,G,G,T,T,G,G,C,C,C,C,G,G,T,T,AT,AT,TCTA,TCTA,C,C,TT,TT,ATC,ATC,T,T,GA,GA
M145834,GG,TA,C,T,A,G,C,T,CTC,TGT,AT,AT,A,T,A,A,A,C,C,T,G,T,G,G,A,A,A,G,C,C,A,C,AT,TC,C,T,T,T,G,G,T,T,G,G,T,T,G,G,C,C,C,C,G,G,T,T,AT,AT,TCTA,TCTA,C,C,TT,TT,ATC,GGC,T,T,GA,GA
M145835,GG,GG,C,C,A,A,C,C,CTC,CTC,AT,TG,A,A,A,A,C,C,T,T,G,T,A,A,A,A,A,G,C,C,C,C,AT,TC,C,T,T,T,G,G,T,T,G,G,T,T,G,G,C,C,C,C,G,G,T,T,AT,AT,TCTA,TCTA,C,C,TT,TT,GGC,GGC,T,T,GA,GA
M145836,GG,TA,C,T,A,G,C,T,CTC,TGT,AT,AT,T,T,A,A,A,C,C,T,G,G,A,A,A,A,A,A,C,C,A,A,TC,TC,C,C,T,T,G,G,T,T,G,G,T,T,G,G,C,C,C,C,G,G,T,T,AT,AT,TCTA,TCTA,C,C,TT,TT,ATC,GGC,T,T,GA,GA
M145837,GG,TA,C,T,A,G,C,T,CTC,TGT,AT,TG,A,A,A,A,A,C,T,T,G,T,A,G,A,A,A,G,C,C,C,C,AT,TC,C,T,T,T,G,G,T,T,G,G,T,T,G,G,C,C,C,C,G,G,T,T,AT,AT,TCTA,TCTA,C,C,TT,TT,ATC,GGC,T,T,GA,GA
M145838,GA,GG,C,T,A,G,T,T,CTC,TGT,AT,TG,A,A,A,A,A,C,C,C,G,T,A,G,A,A,A,G,C,C,A,C,AT,TC,C,T,T,T,G,G,T,T,G,G,T,T,G,G,C,C,C,C,G,G,T,T,AT,AT,TCTA,TCTA,C,C,GT,TC,ATC,ATC,T,T,GA,GA
M145839,GG,TA,C,T,A,G,C,T,CTC,TGT,AT,TG,A,A,A,A,A,C,C,T,G,T,A,G,A,A,A,G,C,C,C,C,AT,TC,C,T,T,T,G,G,T,T,G,G,T,T,G,G,C,C,C,C,G,G,T,T,AT,AT,TCTA,TCTA,C,C,TT,TT,GGC,GGC,T,T,GA,GA
M145840,GA,GG,C,T,A,G,C,T,CTC,TGT,AT,AT,A,A,A,A,A,C,C,T,G,G,A,A,A,A,A,A,C,C,A,C,TC,TC,C,C,T,T,G,G,T,T,A,G,T,T,G,G,C,C,C,C,G,G,T,T,AT,AT,TCTA,TCTA,C,C,TT,TT,GGC,GGC,T,T,GA,GA
M145841,TA,TA,T,T,G,G,T,T,TGT,TGT,TG,TG,A,A,A,A,C,C,T,T,G,G,A,A,A,A,A,A,C,C,C,C,TC,TC,C,C,T,T,G,G,T,T,G,G,T,T,G,G,C,C,C,C,G,G,T,T,AT,AT,TCTA,TCTA,C,C,GT,TC,GGC,GGC,T,T,GA,GA
M145842,GG,GG,C,C,A,A,C,C,CTC,CTC,AT,AT,A,A,A,A,C,C,C,C,G,G,A,A,A,A,A,A,C,C,A,A,TC,TC,C,C,T,T,G,G,T,T,A,G,T,T,G,G,C,C,C,C,G,G,T,T,AT,AT,TCTA,TCTA,C,C,GC,TT,GGC,GGC,T,T,GA,GA
M145843,GG,TA,C,T,A,G,C,T,CTC,TGT,AT,TG,A,T,A,A,C,C,C,C,G,G,A,A,A,A,A,A,C,C,A,C,TC,TC,C,C,T,T,G,G,T,T,G,G,T,T,G,G,C,C,C,C,G,G,T,T,AT,AT,TCTA,TCTA,C,C,GC,GT,ATC,GGC,T,T,GA,GA
M145844,GG,TA,C,T,A,G,C,T,CTC,TGT,AT,AT,A,A,A,A,C,C,0,0,G,G,A,A,A,A,A,A,C,C,A,C,TC,TC,C,C,T,T,G,G,T,T,G,G,T,T,G,G,C,C,C,C,G,G,T,T,AT,AT,TCTA,TCTA,C,C,GC,GT,ATC,GGC,T,T,GA,GA
M145845,GG,GG,C,C,A,A,C,C,CTC,CTC,TG,TG,A,A,A,A,C,C,C,T,G,G,A,A,A,A,A,A,C,C,A,C,TC,TC,C,C,T,T,G,G,T,T,G,G,T,T,G,G,C,C,C,C,G,G,T,T,AT,AT,TCTA,TCTA,C,C,TT,TT,GGC,GGC,T,T,GA,GA
M145846,GG,TA,C,T,A,G,C,T,CTC,TGT,AT,AT,A,T,A,A,C,C,T,T,G,G,A,A,A,A,A,A,C,C,C,C,TC,TC,C,C,T,T,G,G,T,T,G,G,T,T,G,G,C,C,C,C,G,G,T,T,AT,AT,TCTA,TCTA,C,C,TC,TT,ATC,GGC,T,T,GA,GA
M145847,TA,TA,T,T,G,G,T,T,TGT,TGT,AT,AT,A,A,A,A,A,C,C,T,G,T,A,G,A,A,A,G,C,C,A,C,AT,TC,C,T,T,T,G,G,T,T,G,G,T,T,G,G,C,C,C,C,G,G,T,T,AT,AT,TCTA,TCTA,C,C,TT,TT,GGC,GGC,T,T,GA,GA
M145848,GG,TA,C,T,A,G,C,T,CTC,TGT,AT,AT,A,T,A,A,C,C,C,T,G,G,A,A,A,A,A,A,C,C,A,C,TC,TC,C,C,T,T,G,G,T,T,G,G,T,T,G,G,C,C,C,C,G,G,T,T,AT,AT,TCTA,TCTA,C,C,GC,GT,ATC,GGC,T,T,GA,GA
M145849,GG,TA,C,T,A,G,C,T,CTC,TGT,AT,AT,A,A,A,A,C,C,C,T,G,G,A,A,A,A,A,A,C,C,A,C,TC,TC,C,C,T,T,G,G,T,T,G,G,T,T,G,G,C,C,C,C,G,G,T,T,AT,AT,TCTA,TCTA,C,C,GC,GT,ATC,GGC,T,T,GA,GA
M145850,GG,GG,C,C,A,A,C,C,CTC,CTC,AT,AT,A,A,A,A,A,C,0,0,G,T,A,G,A,A,A,G,C,C,A,C,AT,TC,C,T,T,T,G,G,T,T,G,G,T,T,G,G,C,C,C,C,G,G,T,T,AT,AT,TCTA,TCTA,C,C,TT,TT,GGC,GGC,T,T,GA,GA
M145851,GG,TA,C,T,A,G,C,T,CTC,TGT,AT,AT,A,A,A,A,A,A,C,C,G,G,A,A,A,A,A,A,C,C,A,A,TC,TC,C,C,T,T,G,G,T,T,G,G,T,T,G,G,C,C,C,C,G,G,T,T,AT,AT,TCTA,TCTA,C,C,TT,TT,GGC,GGC,T,T,GA,GA
M145852,GG,GG,C,C,A,A,C,C,CTC,CTC,AT,AT,A,T,A,A,A,C,C,T,G,G,A,A,A,A,A,A,C,C,A,C,TC,TC,C,C,T,T,G,G,T,T,G,G,T,T,G,G,C,C,C,C,G,G,T,T,AT,AT,TCTA,TCTA,C,C,GC,TT,GGC,GGC,T,T,GA,GA
M145853,GG,GG,C,C,A,A,C,C,CTC,CTC,AT,TG,A,T,A,A,C,C,C,C,G,G,A,A,A,A,A,A,C,C,A,A,TC,TC,C,C,T,T,G,G,T,T,G,G,T,T,G,G,C,C,C,C,G,G,T,T,AT,AT,TCTA,TCTA,C,C,TT,TT,ATC,GGC,T,T,GA,GA
M145854,GG,TA,C,T,A,G,C,T,CTC,TGT,AT,TG,A,A,A,A,C,C,T,T,G,G,A,A,A,A,A,A,C,C,C,C,TC,TC,C,C,T,T,G,G,T,T,G,G,T,T,G,G,C,C,C,C,G,G,T,T,AT,AT,TCTA,TCTA,C,C,GC,TT,GGC,GGC,T,T,GA,GA
M145855,GG,GG,C,C,A,A,C,C,CTC,CTC,AT,TG,A,A,A,A,A,C,C,C,G,G,A,A,A,A,A,A,C,C,A,A,TC,TC,C,C,T,T,G,G,T,T,G,G,T,T,G,G,C,C,C,C,G,G,T,T,AT,AT,TCTA,TCTA,C,T,GT,TC,ATC,GGC,T,T,GA,GA
M145856,GG,GG,C,C,A,A,C,C,CTC,CTC,AT,TG,A,A,A,A,A,C,C,T,G,G,A,A,A,A,A,A,C,C,A,A,TC,TC,C,C,T,T,G,G,T,T,G,G,T,T,G,G,C,C,C,C,G,G,T,T,AT,AT,TCTA,TCTA,C,T,GT,TT,ATC,ATC,T,T,GA,GA
M145857,GG,TA,C,T,A,G,C,T,CTC,TGT,AT,AT,A,T,A,A,C,C,T,T,G,G,A,A,A,A,A,A,C,C,C,C,TC,TC,C,C,T,T,G,G,T,T,G,G,T,T,G,G,C,C,C,C,G,G,T,T,AT,AT,TCTA,TCTA,C,C,GC,TT,ATC,GGC,T,T,GA,GA
M145858,GG,TA,C,T,A,G,C,T,CTC,TGT,TG,TG,A,A,A,A,C,C,C,C,G,G,A,A,A,A,A,A,C,C,A,A,TC,TC,C,C,T,T,G,G,T,T,G,G,T,T,G,G,C,C,C,C,G,G,T,T,AT,AT,TCTA,TCTA,C,C,TT,TT,ATC,GGC,T,T,GA,GA
M145859,GA,GG,C,T,A,G,C,T,CTC,TGT,AT,AT,A,T,A,A,C,C,C,C,G,G,A,A,A,A,A,A,C,C,A,A,TC,TC,C,C,T,T,G,G,T,T,A,G,T,T,G,G,C,C,C,C,G,G,T,T,AT,AT,TCTA,TCTA,C,C,GC,TT,GGC,GGC,T,T,GA,GA
M145860,GG,GG,C,C,A,A,C,C,CTC,CTC,AT,AT,A,A,A,A,A,C,C,T,G,T,A,G,A,A,A,G,C,C,C,C,AT,TC,C,T,T,T,G,G,T,T,G,G,T,T,G,G,C,C,C,C,G,G,T,T,AT,AT,TCTA,TCTA,C,C,TT,TT,ATC,GGC,T,T,GA,GA
M145861,GG,TA,C,T,A,G,C,T,CTC,TGT,AT,TG,A,T,A,A,C,C,T,T,G,G,A,A,A,A,A,A,C,C,A,C,TC,TC,C,C,T,T,G,G,T,T,G,G,T,T,G,G,C,C,C,C,G,G,T,T,AT,AT,TCTA,TCTA,C,C,GC,GT,GGC,GGC,T,T,GA,GA
M145862,GG,TA,C,T,A,G,T,T,CTC,TGT,AT,AT,A,A,A,A,C,C,C,T,G,G,A,A,A,A,A,A,C,C,A,C,TC,TC,C,C,T,T,G,G,T,T,G,G,T,T,G,G,C,C,C,C,G,G,T,T,AT,AT,TCTA,TCTA,C,C,GT,TT,ATC,GGC,T,T,GA,GA
M145863,GG,GG,C,C,A,A,C,C,CTC,CTC,AT,AT,A,T,A,A,A,C,C,T,G,G,A,A,A,A,A,A,C,C,A,C,TC,TC,C,C,T,T,G,G,T,T,G,G,T,T,G,G,C,C,C,C,G,G,T,T,AT,AT,TCTA,TCTA,C,C,GC,GC,ATC,GGC,T,T,GA,GA
M145864,GG,TA,C,T,A,G,T,T,CTC,TGT,AT,AT,A,T,A,A,C,C,C,T,G,T,A,G,A,A,A,G,C,C,A,C,AT,TC,C,T,T,T,G,G,T,T,G,G,T,T,G,G,C,C,C,C,G,G,T,T,AT,AT,TCTA,TCTA,C,T,TT,TT,ATC,GGC,T,T,GA,GA
M145865,GG,GG,C,C,A,A,C,C,CTC,CTC,AT,TG,A,A,A,A,A,C,C,T,T,T,G,G,A,A,G,G,C,C,C,C,AT,AT,T,T,T,T,G,G,T,T,G,G,T,T,G,G,C,C,C,C,G,G,T,T,AT,AT,TCTA,TCTA,C,T,TT,TT,ATC,GGC,T,T,GA,GA
M145866,GG,TA,C,T,A,G,C,T,CTC,TGT,TG,TG,A,A,A,A,C,C,C,T,G,T,A,G,A,A,A,G,C,C,A,C,AT,TC,C,T,T,T,G,G,T,T,G,G,T,T,G,G,C,C,C,C,G,G,T,T,AT,AT,TCTA,TCTA,C,C,GC,GT,GGC,GGC,T,T,GA,GA
M145867,TA,TA,T,T,G,G,T,T,TGT,TGT,AT,AT,A,A,A,A,A,C,C,T,T,T,G,G,A,A,G,G,C,C,C,C,AT,AT,T,T,T,T,G,G,T,T,G,G,T,T,G,G,C,C,C,C,G,G,T,T,AT,AT,TCTA,TCTA,C,C,GC,TT,GGC,GGC,T,T,GA,GA
M145868,TA,TA,T,T,G,G,T,T,TGT,TGT,AT,AT,A,T,A,A,A,C,C,T,G,T,A,G,A,A,A,G,C,C,A,C,AT,TC,C,T,T,T,G,G,T,T,G,G,T,T,G,G,C,C,C,C,G,G,T,T,AT,AT,TCTA,TCTA,C,T,TC,TT,GGC,GGC,T,T,GA,GA
M145869,GG,GG,C,C,A,A,C,C,CTC,CTC,AT,AT,A,A,A,A,A,C,C,C,G,T,A,G,A,A,A,G,C,C,A,C,AT,TC,C,T,T,T,G,G,T,T,G,G,T,T,G,G,C,C,C,C,G,G,T,T,AT,AT,TCTA,TCTA,C,C,GC,TC,ATC,GGC,T,T,GA,GA
M145870,GG,TA,C,T,A,G,C,T,CTC,TGT,TG,TG,A,A,A,A,A,C,C,T,G,T,G,G,A,A,A,G,C,C,A,C,AT,TC,C,T,T,T,G,G,T,T,G,G,T,T,G,G,C,C,C,C,G,G,T,T,AT,AT,TCTA,TCTA,C,C,GT,TC,ATC,GGC,T,T,GA,GA
M145871,GG,TA,C,T,A,G,T,T,CTC,TGT,AT,AT,A,T,A,A,C,C,C,T,G,G,A,A,A,A,A,A,C,C,A,C,TC,TC,C,C,T,T,G,G,T,T,G,G,T,T,G,G,C,C,C,C,G,G,T,T,AT,AT,TCTA,TCTA,C,T,GC,TT,ATC,GGC,T,T,GA,GA
M145872,GG,TA,C,T,A,G,C,T,CTC,TGT,AT,AT,A,T,A,A,C,C,T,T,G,T,A,G,A,A,A,G,C,C,C,C,AT,TC,C,T,T,T,G,G,T,T,G,G,T,T,G,G,C,C,C,C,G,G,T,T,AT,AT,TCTA,TCTA,C,T,GC,TT,ATC,GGC,T,T,GA,GA
M145873,GG,GG,C,C,A,A,C,T,CTC,CTC,AT,AT,A,A,A,A,A,C,C,C,G,G,A,A,A,A,A,A,C,C,A,C,TC,TC,C,C,T,T,G,G,T,T,G,G,T,T,G,G,C,C,C,C,G,G,T,T,AT,AT,TCTA,TCTA,C,C,GT,TT,GGC,GGC,T,T,GA,GA
M145874,GG,TA,C,T,A,G,C,T,CTC,TGT,TG,TG,A,A,A,A,C,C,T,T,G,T,A,G,A,A,A,G,C,C,C,C,AT,TC,C,T,T,T,G,G,T,T,G,G,T,T,G,G,C,C,C,C,G,G,T,T,AT,AT,TCTA,TCTA,C,C,GC,TT,GGC,GGC,T,T,GA,GA
M145875,GA,GG,C,T,A,G,T,T,CTC,TGT,AT,TG,A,A,A,A,C,C,T,T,G,T,G,G,A,A,A,G,C,C,A,C,AT,TC,C,T,T,T,G,G,T,T,G,G,T,T,G,G,C,C,C,C,G,G,T,T,AT,AT,TCTA,TCTA,C,C,TT,TT,ATC,GGC,T,T,GA,GA
M145876,GG,TA,C,T,A,G,T,T,CTC,TGT,AT,AT,A,T,A,A,A,C,C,T,T,T,G,G,A,A,G,G,C,C,C,C,AT,AT,T,T,T,T,G,G,T,T,G,G,T,T,G,G,C,C,C,C,G,G,T,T,AT,AT,TCTA,TCTA,C,C,TC,TT,ATC,GGC,T,T,GA,GA
M145877,GG,GG,C,C,A,A,C,C,CTC,CTC,AT,TG,A,A,A,A,A,A,C,C,G,G,A,A,A,A,A,A,C,C,A,C,TC,TC,C,C,T,T,G,G,T,T,G,G,T,T,G,G,C,C,C,C,G,G,T,T,AT,AT,TCTA,TCTA,C,C,TT,TT,ATC,GGC,T,T,GA,GA
M145878,GG,GG,C,C,A,A,C,C,CTC,CTC,AT,TG,A,A,A,A,A,A,C,C,G,G,A,A,A,A,A,A,C,C,A,C,TC,TC,C,C,T,T,G,G,T,T,G,G,T,T,G,G,C,C,C,C,G,G,T,T,AT,AT,TCTA,TCTA,C,T,TT,TT,GGC,GGC,T,T,GA,GA
M145879,GG,GG,C,C,A,A,C,T,CTC,CTC,AT,AT,A,A,A,A,A,A,C,C,G,G,A,A,A,A,A,A,C,C,A,C,TC,TC,C,C,T,T,G,G,T,T,G,G,T,T,G,G,C,C,C,C,G,G,T,T,AT,AT,TCTA,TCTA,C,C,GT,TT,ATC,GGC,T,T,GA,GA
M145880,GG,GG,C,C,A,A,C,C,CTC,CTC,AT,TG,A,A,A,A,A,C,C,T,G,G,A,A,A,A,A,A,C,C,A,C,TC,TC,C,C,T,T,G,G,T,T,G,G,T,T,G,G,C,C,C,C,G,G,T,T,AT,AT,TCTA,TCTA,C,C,GC,GC,ATC,GGC,T,T,GA,GA
M145881,GG,TA,C,T,A,G,C,T,CTC,TGT,AT,TG,A,A,A,A,A,C,C,C,T,T,G,G,A,A,G,G,C,C,C,C,AT,AT,T,T,T,T,G,G,T,T,G,G,T,T,G,G,C,C,C,C,G,G,T,T,AT,AT,TCTA,TCTA,C,C,GC,TT,ATC,GGC,T,T,GA,GA
M145882,GG,TA,C,T,A,G,C,T,CTC,TGT,AT,TG,A,T,A,A,A,C,C,T,G,T,A,G,A,A,A,G,C,C,C,C,AT,TC,C,T,T,T,G,G,T,T,G,G,T,T,G,G,C,C,C,T,G,G,C,T,AC,AT,ACGG,TCTA,C,C,TC,TT,ATC,ATC,A,T,AG,GA
M145883,GG,GG,C,C,A,A,C,T,CTC,CTC,AT,TG,A,T,A,A,C,C,C,C,G,T,A,G,A,A,A,G,C,C,A,C,AT,TC,C,T,T,T,G,G,T,T,G,G,T,T,G,G,C,C,C,C,G,G,T,T,AT,AT,TCTA,TCTA,C,C,GC,TT,GGC,GGC,T,T,GA,GA
M145884,GG,GG,C,C,A,A,C,C,CTC,CTC,AT,AT,A,T,A,A,A,C,C,C,G,G,A,A,A,A,A,A,C,C,A,C,TC,TC,C,C,T,T,G,G,T,T,G,G,T,T,G,G,C,C,C,C,G,G,T,T,AT,AT,TCTA,TCTA,C,T,GC,TT,ATC,GGC,T,T,GA,GA
M145885,GG,TA,C,T,A,G,C,T,CTC,TGT,AT,TG,A,A,A,A,C,C,T,T,T,T,G,G,A,A,G,G,C,C,C,C,AT,AT,T,T,T,T,G,G,T,T,G,G,T,T,G,G,C,C,C,C,G,G,T,T,AT,AT,TCTA,TCTA,C,T,TT,TT,ATC,GGC,T,T,GA,GA
M145886,GG,TA,C,T,A,G,C,T,CTC,TGT,AT,AT,T,T,A,A,C,C,C,T,G,G,A,A,A,A,A,A,C,C,A,C,TC,TC,C,C,T,T,G,G,T,T,G,G,T,T,G,G,C,C,C,C,G,G,T,T,AT,AT,TCTA,TCTA,C,C,TT,TT,GGC,GGC,T,T,GA,GA
M145887,GG,TA,C,T,A,G,T,T,CTC,TGT,AT,AT,A,T,A,A,C,C,T,T,T,T,G,G,A,A,G,G,C,C,C,C,AT,AT,T,T,T,T,G,G,T,T,G,G,T,T,G,G,C,C,C,C,G,G,T,T,AT,AT,TCTA,TCTA,C,T,GC,TT,ATC,GGC,T,T,GA,GA
M145888,GG,GG,C,C,A,A,C,T,CTC,CTC,AT,TG,A,T,A,A,A,C,C,C,G,T,A,A,A,A,A,A,C,C,A,C,TC,TC,C,C,T,T,G,G,T,T,G,G,T,T,G,G,C,C,C,C,G,G,T,T,AT,AT,TCTA,TCTA,C,C,TC,TC,ATC,ATC,T,T,GA,GA
M145889,GG,GG,C,C,A,A,C,C,CTC,CTC,AT,TG,A,A,A,A,A,C,C,T,G,G,A,A,A,A,A,A,C,C,A,A,TC,TC,C,C,T,T,G,G,T,T,G,G,T,T,G,G,C,C,C,C,G,G,T,T,AT,AT,TCTA,TCTA,C,C,TT,TT,ATC,GGC,T,T,GA,GA
M145890,GG,GG,C,C,A,A,C,C,CTC,CTC,AT,AT,A,A,A,A,C,C,0,0,G,T,A,G,A,A,A,G,C,C,A,C,AT,TC,C,T,T,T,G,G,T,T,G,G,T,T,G,G,C,C,C,C,G,G,T,T,AT,AT,TCTA,TCTA,T,T,TC,TT,GGC,GGC,T,T,GA,GA
M145891,GG,GG,C,C,A,A,C,C,CTC,CTC,AT,AT,T,T,A,A,A,C,C,C,T,T,G,G,A,A,G,G,C,C,C,C,AT,AT,T,T,T,T,G,G,T,T,G,G,T,T,G,G,C,C,C,C,G,G,T,T,AT,AT,TCTA,TCTA,C,C,TT,TT,ATC,ATC,T,T,GA,GA
M145892,GG,GG,C,C,A,A,C,T,CTC,CTC,AT,TG,A,A,A,A,C,C,T,T,G,T,G,G,A,A,G,G,C,C,A,C,AT,TC,C,T,T,T,G,G,T,T,G,G,T,T,G,G,C,C,C,C,G,G,T,T,AT,AT,TCTA,TCTA,C,C,GC,TT,GGC,GGC,T,T,GA,GA
M145893,GG,GG,C,C,A,A,C,C,CTC,CTC,AT,AT,A,A,A,A,C,C,T,T,T,T,G,G,A,A,G,G,C,C,C,C,AT,AT,T,T,T,T,G,G,T,T,G,G,T,T,G,G,C,C,C,C,G,G,T,T,AT,AT,TCTA,TCTA,C,T,TT,TT,ATC,ATC,T,T,GA,GA
M145894,GG,TA,C,T,A,G,C,T,CTC,TGT,TG,TG,A,A,A,A,C,C,0,0,G,T,0,0,A,A,G,G,C,C,A,C,AT,TC,C,T,T,T,G,G,T,T,G,G,T,T,G,G,C,C,C,C,G,G,T,T,AT,AT,TCTA,TCTA,C,C,0,0,ATC,ATC,T,T,GA,GA
M145895,GG,GG,C,C,A,A,C,C,CTC,CTC,AT,AT,A,T,A,A,A,C,T,T,T,T,G,G,A,A,G,G,C,C,C,C,AT,AT,T,T,T,T,G,G,T,T,G,G,T,T,G,G,C,C,C,C,G,G,T,T,AT,AT,TCTA,TCTA,C,C,GC,TT,ATC,ATC,T,T,GA,GA
M145896,GG,GG,C,C,A,A,C,C,CTC,CTC,TG,TG,A,A,A,A,C,C,0,0,G,T,G,G,A,A,A,G,C,C,A,C,AT,TC,C,T,T,T,G,G,T,T,G,G,T,T,G,G,C,C,C,C,G,G,T,T,AT,AT,TCTA,TCTA,C,C,TT,TT,GGC,GGC,T,T,GA,GA
M145897,GG,TA,C,T,A,G,T,T,CTC,TGT,AT,TG,A,A,A,A,C,C,C,T,G,G,A,A,A,A,A,A,C,C,A,A,TC,TC,C,C,T,T,G,G,T,T,G,G,T,T,G,G,C,C,C,C,G,G,T,T,AT,AT,TCTA,TCTA,C,C,GC,TT,GGC,GGC,T,T,GA,GA
M145898,GG,GG,C,C,A,A,C,T,CTC,CTC,AT,AT,A,A,A,A,A,C,C,C,G,G,A,A,A,A,A,A,C,C,A,A,TC,TC,C,C,T,T,G,G,T,T,G,G,T,T,G,G,C,C,C,C,G,G,T,T,AT,AT,TCTA,TCTA,C,C,TC,TT,ATC,GGC,T,T,GA,GA
M145899,GG,GG,C,C,A,A,C,T,CTC,CTC,TG,TG,A,A,A,A,A,C,C,C,G,T,A,G,A,A,G,G,C,C,A,C,AT,TC,C,T,T,T,G,G,T,T,G,G,T,T,G,G,C,C,C,C,G,G,T,T,AT,AT,TCTA,TCTA,C,C,TT,TT,ATC,GGC,T,T,GA,GA
M145900,GG,GG,C,C,A,A,C,C,CTC,CTC,AT,TG,A,A,A,A,C,C,T,T,G,T,G,G,A,A,G,G,C,C,A,C,AT,TC,C,T,T,T,G,G,T,T,G,G,T,T,G,G,C,C,C,C,G,G,T,T,AT,AT,TCTA,TCTA,C,C,TC,TT,GGC,GGC,T,T,GA,GA
M145901,GG,GG,C,C,A,A,C,C,CTC,CTC,AT,TG,A,A,A,A,C,C,T,T,G,T,A,G,A,A,G,G,C,C,A,C,AT,TC,C,T,T,T,G,G,T,T,G,G,T,T,G,G,C,C,C,C,G,G,T,T,AT,AT,TCTA,TCTA,C,C,TT,TT,ATC,ATC,T,T,GA,GA
M145902,GG,GG,C,C,A,A,C,T,CTC,CTC,AT,TG,A,A,A,A,A,A,C,C,T,T,G,G,A,A,G,G,C,C,C,C,AT,AT,T,T,T,T,G,G,T,T,G,G,T,T,G,G,C,C,C,C,G,G,T,T,AT,AT,TCTA,TCTA,C,C,TT,TT,ATC,ATC,T,T,GA,GA
M145903,GG,GG,C,C,A,A,C,T,CTC,CTC,AT,TG,A,T,A,A,C,C,0,0,G,T,A,G,A,A,A,G,C,C,A,C,AT,TC,C,T,T,T,G,G,T,T,G,G,T,T,G,G,C,C,C,C,G,G,T,T,AT,AT,TCTA,TCTA,C,T,TT,TT,ATC,GGC,T,T,GA,GA
M145904,GG,TA,C,T,A,G,C,T,CTC,TGT,AT,AT,A,T,A,A,C,C,T,T,T,T,G,G,A,A,G,G,C,C,C,C,AT,AT,T,T,T,T,G,G,T,T,G,G,T,T,G,G,C,C,C,C,G,G,T,T,AT,AT,TCTA,TCTA,C,C,TT,TT,ATC,ATC,T,T,GA,GA
M145905,GG,GG,C,C,A,A,C,C,CTC,CTC,AT,TG,A,T,A,A,C,C,C,C,G,G,A,A,A,A,A,A,C,C,A,A,TC,TC,C,C,T,T,G,G,T,T,G,G,T,T,G,G,C,C,C,C,G,G,T,T,AT,AT,TCTA,TCTA,C,C,GC,TT,GGC,GGC,T,T,GA,GA
M145906,GG,GG,C,C,A,A,C,T,CTC,CTC,AT,TG,A,A,A,A,C,C,C,T,G,G,A,A,A,A,A,A,C,C,A,A,TC,TC,C,C,T,T,G,G,T,T,G,G,T,T,G,G,C,C,C,C,G,G,T,T,AT,AT,TCTA,TCTA,C,C,TT,TT,GGC,GGC,T,T,GA,GA
M145907,GG,GG,C,C,A,A,C,C,CTC,CTC,AT,TG,A,A,A,A,A,C,0,0,G,T,A,G,A,A,A,G,C,C,A,C,AT,TC,C,T,T,T,G,G,T,T,G,G,T,T,G,G,C,C,C,C,G,G,T,T,AT,AT,TCTA,TCTA,C,C,TC,TT,GGC,GGC,T,T,GA,GA
M145908,GG,GG,C,C,A,A,C,C,CTC,CTC,AT,AT,A,A,A,A,A,C,0,0,G,T,A,G,A,A,A,G,C,C,A,C,AT,TC,C,T,T,T,G,G,T,T,G,G,T,T,G,G,C,C,C,C,G,G,T,T,AT,AT,TCTA,TCTA,C,C,GC,TT,GGC,GGC,T,T,GA,GA
M145909,TA,TA,T,T,G,G,T,T,TGT,TGT,AT,AT,A,A,A,A,A,C,C,C,G,G,A,A,A,A,A,A,C,C,A,A,TC,TC,C,C,T,T,G,G,T,T,G,G,T,T,G,G,C,C,C,C,G,G,T,T,AT,AT,TCTA,TCTA,C,C,TC,TC,GGC,GGC,T,T,GA,GA
M145910,GG,GG,C,C,A,A,C,C,CTC,CTC,TG,TG,A,A,A,A,A,C,C,C,G,G,A,A,A,A,A,A,C,C,A,A,TC,TC,C,C,T,T,G,G,T,T,A,G,T,T,G,G,C,C,C,C,G,G,T,T,AT,AT,TCTA,TCTA,C,C,TC,TT,GGC,GGC,T,T,GA,GA
M145911,GG,TA,C,T,A,G,C,T,CTC,TGT,AT,TG,A,T,A,A,A,C,C,C,G,G,A,A,A,A,A,A,C,C,A,A,TC,TC,C,C,T,T,G,G,T,T,G,G,T,T,G,G,C,C,C,C,G,G,T,T,AT,AT,TCTA,TCTA,C,C,TC,TT,ATC,ATC,T,T,GA,GA
M145912,GG,GG,C,C,A,A,C,C,CTC,CTC,AT,AT,A,A,A,A,A,C,C,C,G,G,A,A,A,A,A,A,C,C,A,A,TC,TC,C,C,T,T,G,G,T,T,G,G,T,T,G,G,C,C,C,C,G,G,T,T,AT,AT,TCTA,TCTA,C,C,GC,TC,GGC,GGC,T,T,GA,GA
M145913,GG,GG,C,C,A,A,C,C,CTC,CTC,AT,AT,A,A,A,A,C,C,C,C,G,G,A,A,A,A,A,A,C,C,A,A,TC,TC,C,C,T,T,G,G,T,T,G,G,T,T,G,G,C,C,C,C,G,G,T,T,AT,AT,TCTA,TCTA,C,C,TC,TT,ATC,GGC,T,T,GA,GA
M145914,GG,TA,C,T,A,G,C,T,CTC,TGT,AT,AT,A,A,A,A,A,C,0,0,G,T,A,G,A,A,G,G,C,C,A,C,AT,TC,C,T,T,T,G,G,T,T,G,G,T,T,G,G,C,C,C,C,G,G,T,T,AT,AT,TCTA,TCTA,C,C,GC,TC,ATC,GGC,T,T,GA,GA
M145915,GG,GG,C,C,A,A,C,C,CTC,CTC,AT,AT,A,A,A,A,C,C,0,0,G,T,A,G,A,A,A,G,C,C,A,C,AT,TC,T,T,T,T,G,G,T,T,G,G,T,T,G,G,C,C,C,C,G,G,T,T,AT,AT,TCTA,TCTA,C,C,TC,TT,GGC,GGC,T,T,GA,GA
M145916,GG,GG,C,C,A,A,C,C,CTC,CTC,AT,TG,A,T,A,A,C,C,T,T,G,T,A,G,A,A,A,G,C,C,A,C,AT,TC,C,T,T,T,G,G,T,T,G,G,T,T,G,G,C,C,C,C,G,G,T,T,AT,AT,TCTA,TCTA,0,0,TT,TT,ATC,GGC,T,T,GA,GA
M145917,GG,TA,C,T,A,G,C,T,CTC,TGT,AT,AT,A,A,A,A,A,C,0,0,G,T,A,G,A,A,G,G,C,C,A,C,AT,TC,C,T,T,T,G,G,T,T,G,G,T,T,G,G,C,C,C,C,G,G,T,T,AT,AT,TCTA,TCTA,C,C,TC,TT,GGC,GGC,T,T,GA,GA
M145918,GG,GG,C,C,A,A,C,C,CTC,CTC,AT,AT,A,A,A,A,A,C,C,C,G,G,A,A,A,A,A,A,C,C,A,A,TC,TC,C,C,T,T,G,G,T,T,A,A,T,T,G,G,C,C,C,C,G,G,T,T,AT,AT,TCTA,TCTA,C,C,GC,TC,GGC,GGC,A,T,GA,GA
M145919,GG,GG,C,C,A,A,C,C,CTC,CTC,AT,AT,A,T,A,A,C,C,T,T,T,T,G,G,A,A,G,G,C,C,C,C,AT,AT,T,T,T,T,G,G,T,T,G,G,T,T,G,G,C,C,C,C,G,G,T,T,AT,AT,TCTA,TCTA,C,C,TC,TT,ATC,GGC,T,T,GA,GA
M145920,GG,GG,C,C,A,A,C,C,CTC,CTC,AT,AT,A,A,A,A,A,C,C,T,G,G,A,A,A,A,A,A,C,C,A,A,TC,TC,C,C,T,T,G,G,T,T,G,G,T,T,G,G,C,C,C,C,G,G,T,T,AT,AT,TCTA,TCTA,C,C,TC,TT,GGC,GGC,T,T,GA,GA
M145921,GG,GG,C,C,A,A,C,C,CTC,CTC,AT,AT,A,A,A,A,C,C,T,T,T,T,G,G,A,A,G,G,C,C,C,C,AT,AT,T,T,T,T,G,G,T,T,G,G,T,T,G,G,C,C,C,C,G,G,T,T,AT,AT,TCTA,TCTA,C,C,TC,TC,GGC,GGC,T,T,GA,GA
M145922,GG,GG,C,C,A,A,C,C,CTC,CTC,AT,AT,A,A,A,A,A,C,C,C,G,T,A,G,A,A,G,G,C,C,A,C,AT,TC,C,T,T,T,G,G,T,T,A,G,T,T,G,G,C,C,C,C,G,G,T,T,AT,AT,TCTA,TCTA,C,C,TC,TT,GGC,GGC,T,T,GA,GA
M145923,GG,GG,C,C,A,A,C,C,CTC,CTC,AT,AT,A,A,A,A,C,C,0,0,G,T,A,G,A,A,A,G,C,C,A,C,AT,TC,C,T,T,T,G,G,T,T,G,G,T,T,G,G,C,C,C,C,G,G,T,T,AT,AT,TCTA,TCTA,C,C,GC,TT,GGC,GGC,T,T,GA,GA
M145924,GG,GG,C,C,A,A,C,C,CTC,CTC,AT,AT,A,A,A,A,A,C,0,0,G,T,G,G,A,A,A,G,C,C,A,C,AT,TC,C,T,T,T,G,G,T,T,G,G,T,T,G,G,C,C,C,C,G,G,T,T,AT,AT,TCTA,TCTA,C,C,GC,TC,GGC,GGC,T,T,GA,GA
M145925,GG,GG,C,C,A,A,C,C,CTC,CTC,AT,AT,A,A,A,A,C,C,0,0,G,G,A,A,A,A,A,A,C,C,A,C,TC,TC,C,C,T,T,G,G,T,T,G,G,T,T,G,G,C,C,C,C,G,G,T,T,AT,AT,TCTA,TCTA,C,C,TC,TC,GGC,GGC,T,T,GA,GA
M145926,GG,GG,C,C,A,A,C,C,CTC,CTC,AT,AT,A,A,A,A,A,C,T,T,G,T,A,G,A,A,G,G,C,C,A,C,AT,TC,C,T,T,T,G,G,T,T,G,G,T,T,G,G,C,C,C,C,G,G,T,T,AT,AT,TCTA,TCTA,C,C,TC,TT,GGC,GGC,T,T,GA,GA
M145927,GG,GG,C,C,A,A,C,C,CTC,CTC,AT,AT,A,A,A,A,C,C,T,T,G,T,A,G,A,A,A,G,C,C,C,C,AT,TC,C,T,T,T,G,G,T,T,G,G,T,T,G,G,C,C,C,C,G,G,T,T,AT,AT,TCTA,TCTA,C,C,GC,TT,ATC,GGC,T,T,GA,GA
M145928,GG,GG,C,C,A,A,C,C,CTC,CTC,AT,AT,A,A,A,A,C,C,0,0,G,T,A,G,A,A,A,G,C,C,A,C,AT,TC,C,T,T,T,G,G,T,T,G,G,T,T,G,G,C,C,C,C,G,G,T,T,AT,AT,TCTA,TCTA,C,C,TC,TC,ATC,ATC,T,T,GA,GA
M145929,GG,GG,C,C,A,A,C,C,CTC,CTC,AT,AT,A,A,A,A,A,C,C,T,G,T,A,G,A,A,A,G,C,C,A,C,AT,TC,C,T,T,T,G,G,T,T,G,G,T,T,G,G,C,C,C,C,G,G,T,T,AT,AT,TCTA,TCTA,C,C,TC,TC,GGC,GGC,T,T,GA,GA
M145930,GG,GG,C,C,A,A,C,C,CTC,CTC,AT,TG,A,A,A,A,C,C,0,0,G,T,A,G,A,A,G,G,C,C,A,C,AT,TC,C,T,T,T,G,G,T,T,G,G,T,T,G,G,C,C,C,C,G,G,T,T,AT,AT,TCTA,TCTA,C,C,TC,TT,ATC,GGC,T,T,GA,GA
M145931,GG,GG,C,C,A,A,C,C,CTC,CTC,AT,TG,A,A,A,A,C,C,T,T,T,T,G,G,A,A,G,G,C,C,C,C,AT,AT,T,T,T,T,G,G,T,T,G,G,T,T,G,G,C,C,C,C,G,G,T,T,AT,AT,TCTA,TCTA,C,C,GC,TT,ATC,ATC,T,T,GA,GA
M145932,GG,TA,C,T,A,G,T,T,CTC,TGT,AT,TG,A,A,A,A,A,A,C,C,G,G,A,A,A,A,A,A,C,C,A,A,TC,TC,C,C,T,T,G,G,T,T,G,G,T,T,G,G,C,C,C,C,G,G,T,T,AT,AT,TCTA,TCTA,C,C,TC,TC,ATC,ATC,T,T,GA,GA
M145933,GG,GG,C,C,A,A,C,C,CTC,CTC,AT,AT,T,T,A,A,A,C,C,C,G,G,A,A,A,A,A,A,C,C,A,A,TC,TC,C,C,T,T,G,G,T,T,G,G,T,T,G,G,C,C,C,C,G,G,T,T,AT,AT,TCTA,TCTA,C,C,TC,TC,ATC,GGC,T,T,GA,GA
M145934,GG,GG,C,C,A,A,C,C,CTC,CTC,AT,AT,A,A,A,A,C,C,T,T,G,T,A,G,A,A,A,G,C,C,C,C,AT,TC,C,T,T,T,G,G,T,T,G,G,T,T,G,G,C,C,C,C,G,G,T,T,AT,AT,TCTA,TCTA,C,C,TC,TC,ATC,GGC,T,T,GA,GA
M145935,GG,GG,C,C,A,A,C,C,CTC,CTC,AT,AT,A,A,A,A,C,C,T,T,G,T,A,G,A,A,A,G,C,C,C,C,AT,TC,C,T,T,T,G,G,T,T,G,G,T,T,G,G,C,C,C,C,G,G,T,T,AT,AT,TCTA,TCTA,C,C,TC,TT,ATC,GGC,T,T,GA,GA
M145936,GG,GG,C,C,A,A,C,C,CTC,CTC,AT,AT,A,A,A,A,C,C,T,T,G,T,A,G,A,A,A,G,C,C,A,C,AT,TC,C,T,T,T,G,G,T,T,G,G,T,T,G,G,C,C,C,C,G,G,T,T,AT,AT,TCTA,TCTA,C,C,TC,TC,GGC,GGC,T,T,GA,GA
M145937,GG,GG,C,C,A,A,C,C,CTC,CTC,AT,TG,A,T,A,A,A,A,C,C,G,G,A,A,A,A,A,A,C,C,A,A,TC,TC,C,C,T,T,G,G,T,T,G,G,T,T,G,G,C,C,C,C,G,G,T,T,AT,AT,TCTA,TCTA,C,C,TC,TC,ATC,ATC,T,T,GA,GA
M145938,GG,GG,C,C,A,A,C,C,CTC,CTC,AT,AT,A,A,A,A,C,C,C,C,G,G,A,A,A,A,A,A,C,C,A,A,TC,TC,C,C,T,T,G,G,T,T,G,G,T,T,G,G,C,C,C,C,G,G,T,T,AT,AT,TCTA,TCTA,C,C,TC,TT,ATC,GGC,T,T,GA,GA
M145939,GG,GG,C,C,A,A,C,C,CTC,CTC,AT,AT,T,T,A,A,C,C,C,C,G,G,A,A,A,A,A,A,C,C,A,A,TC,TC,C,C,T,T,G,G,T,T,G,G,T,T,G,G,C,C,C,C,G,G,T,T,AT,AT,TCTA,TCTA,C,C,TC,TT,ATC,GGC,T,T,GA,GA
M145940,GG,GG,C,C,A,A,C,C,CTC,CTC,AT,AT,A,A,A,A,C,C,0,0,G,G,A,A,A,A,A,A,C,C,A,C,TC,TC,C,C,T,T,G,G,T,T,A,G,T,T,G,G,C,C,C,C,G,G,T,T,AT,AT,TCTA,TCTA,C,C,GC,TC,GGC,GGC,T,T,GA,GA
M145941,GG,GG,C,C,A,A,C,C,CTC,CTC,AT,AT,A,A,A,A,C,C,0,0,G,T,A,G,A,A,A,G,C,C,A,C,AT,TC,C,T,T,T,G,G,T,T,G,G,T,T,G,G,C,C,C,C,G,G,T,T,AT,AT,TCTA,TCTA,0,0,TC,TC,GGC,GGC,T,T,GA,GA
M145942,TA,TA,C,T,A,G,C,T,CTC,TGT,AT,AT,A,T,A,A,C,C,T,T,T,T,G,G,A,A,G,G,C,C,C,C,AT,AT,T,T,T,T,G,G,T,T,A,G,T,T,G,G,C,C,C,C,G,G,T,T,AT,AT,TCTA,TCTA,C,C,TC,TC,GGC,GGC,T,T,GA,GA
M145943,GG,GG,C,C,A,A,C,C,CTC,CTC,AT,AT,A,A,A,A,C,C,0,0,G,T,A,G,A,A,A,G,C,C,A,C,AT,TC,C,T,T,T,G,G,T,T,G,G,T,T,G,G,C,C,C,C,G,G,T,T,AT,AT,TCTA,TCTA,C,C,TC,TC,ATC,GGC,T,T,GA,GA
M145944,GG,GG,C,C,A,A,C,C,CTC,CTC,AT,AT,A,T,A,A,C,C,0,0,G,T,A,G,A,A,A,G,C,C,A,C,AT,TC,C,T,T,T,G,G,T,T,G,G,T,T,G,G,C,C,C,C,G,G,T,T,AT,AT,TCTA,TCTA,C,C,TC,TT,ATC,GGC,T,T,GA,GA
M145945,GG,GG,C,C,A,A,C,T,CTC,CTC,AT,TG,A,A,A,A,A,A,C,C,G,G,A,A,A,A,A,A,C,C,A,A,TC,TC,C,C,T,T,G,G,T,T,G,G,T,T,G,G,C,C,C,C,G,G,T,T,AT,AT,TCTA,TCTA,C,C,TT,TT,ATC,GGC,T,T,GA,GA
M145946,GG,GG,C,C,A,A,C,C,CTC,CTC,AT,TG,A,A,A,A,A,C,0,0,G,G,A,A,0,0,A,A,C,C,A,A,TC,TC,C,C,T,T,G,G,T,T,A,G,T,T,G,G,C,C,C,C,0,0,T,T,AT,AT,TCTA,TCTA,C,C,TC,TC,GGC,GGC,A,T,GA,GA
M145947,0,0,C,C,A,A,C,C,CTC,CTC,0,0,0,0,A,A,C,C,0,0,G,T,0,0,A,A,0,0,C,C,0,0,AT,TC,T,T,T,T,0,0,0,0,G,G,0,0,G,G,C,C,C,C,0,0,T,T,AT,AT,TCTA,TCTA,0,0,GT,GT,GGC,GGC,T,T,GA,GA
M145948,GG,GG,C,C,A,A,C,C,CTC,CTC,AT,TG,A,T,A,A,A,C,0,0,G,T,A,G,A,A,G,G,C,C,A,C,AT,TC,C,T,T,T,G,G,T,T,G,G,T,T,G,G,C,C,C,C,G,G,T,T,AT,AT,TCTA,TCTA,C,C,TT,TT,GGC,GGC,T,T,GA,GA
M145949,GG,GG,C,C,A,A,C,C,CTC,CTC,AT,TG,A,A,A,A,C,C,0,0,G,G,A,A,A,A,A,A,C,C,A,C,TC,TC,C,C,T,T,G,G,T,T,A,A,T,T,G,G,C,C,C,C,G,G,T,T,AT,AT,TCTA,TCTA,C,C,GC,TC,GGC,GGC,A,T,GA,GA
M145950,GG,GG,C,C,A,A,C,C,CTC,CTC,AT,AT,A,A,A,A,C,C,0,0,G,G,A,A,A,A,A,A,C,C,A,C,TC,TC,C,C,T,T,G,G,T,T,G,G,T,T,G,G,C,C,C,C,G,G,T,T,AT,AT,TCTA,TCTA,C,C,GC,GC,GGC,GGC,T,T,GA,GA
M145951,GG,TA,C,T,A,G,C,T,CTC,TGT,AT,TG,A,T,A,A,A,C,0,0,T,T,G,G,A,A,G,G,C,C,C,C,AT,AT,T,T,T,T,G,G,T,T,G,G,T,T,G,G,C,C,C,C,G,G,T,T,AT,AT,TCTA,TCTA,C,C,TC,TC,GGC,GGC,T,T,GA,GA
M145952,GG,GG,C,C,A,A,C,C,CTC,CTC,AT,TG,A,T,A,A,A,C,C,C,G,G,A,A,A,A,A,A,C,C,A,A,TC,TC,C,C,T,T,G,G,T,T,G,G,T,T,G,G,C,C,C,C,G,G,T,T,AT,AT,TCTA,TCTA,C,C,GC,TC,ATC,GGC,T,T,GA,GA
M145953,GG,GG,C,C,A,A,C,C,CTC,CTC,AT,TG,A,A,A,A,C,C,T,T,T,T,G,G,A,A,G,G,C,C,C,C,AT,AT,T,T,T,T,G,G,T,T,G,G,T,T,G,G,C,C,C,C,G,G,T,T,AT,AT,TCTA,TCTA,C,C,GC,TC,GGC,GGC,T,T,GA,GA
M145954,GG,GG,C,C,A,A,C,C,CTC,CTC,AT,TG,A,A,A,A,C,C,0,0,G,G,A,A,A,A,A,A,C,C,A,C,TC,TC,C,C,T,T,G,G,T,T,G,G,T,T,G,G,C,C,C,C,G,G,T,T,AT,AT,TCTA,TCTA,C,C,TC,TT,ATC,ATC,T,T,GA,GA
M145955,GG,GG,C,C,A,A,C,C,CTC,CTC,AT,TG,A,T,A,A,A,C,0,0,G,T,A,G,A,A,A,G,C,C,A,C,AT,TC,C,T,T,T,G,G,T,T,G,G,T,T,G,G,C,C,C,C,G,G,T,T,AT,AT,TCTA,TCTA,C,C,TC,TT,ATC,GGC,T,T,GA,GA
M145956,GG,GG,C,C,A,A,C,C,CTC,CTC,AT,AT,A,A,A,A,C,C,T,T,G,T,A,A,A,A,A,G,C,C,C,C,AT,TC,C,T,T,T,G,G,T,T,A,G,T,T,G,G,C,C,C,C,G,G,T,T,AT,AT,TCTA,TCTA,C,C,GC,TT,ATC,ATC,A,T,GA,GA
M145957,GG,GG,C,C,A,A,C,C,CTC,CTC,AT,AT,A,A,A,A,C,C,0,0,G,T,A,G,A,A,A,G,C,C,A,C,AT,TC,C,T,T,T,G,G,T,T,G,G,T,T,G,G,C,C,C,C,G,G,T,T,AT,AT,TCTA,TCTA,C,C,TC,TT,ATC,ATC,T,T,GA,GA
M145958,GG,GG,C,C,A,A,C,T,CTC,CTC,AT,AT,T,T,A,A,A,C,C,C,G,G,A,A,A,A,A,A,C,C,A,A,TC,TC,C,C,T,T,G,G,T,T,G,G,T,T,G,G,C,C,C,C,G,G,T,T,AT,AT,TCTA,TCTA,C,C,TT,TT,ATC,GGC,T,T,GA,GA
M145959,GG,TA,C,T,A,G,T,T,CTC,TGT,AT,TG,A,A,A,A,A,C,0,0,G,G,A,A,A,A,A,A,C,C,A,A,TC,TC,C,C,T,T,G,G,T,T,A,G,T,T,G,G,C,C,C,C,G,G,T,T,AT,AT,TCTA,TCTA,C,C,TC,TC,ATC,GGC,T,T,GA,GA
M145960,GG,GG,C,C,A,A,C,C,CTC,CTC,AT,TG,A,T,A,A,A,C,0,0,G,G,A,A,A,A,A,A,C,C,A,C,TC,TC,C,C,T,T,G,G,T,T,G,G,T,T,G,G,C,C,C,C,G,G,T,T,AT,AT,TCTA,TCTA,C,C,TC,TT,ATC,ATC,T,T,GA,GA
M145961,0,0,0,0,0,0,0,0,0,0,0,0,A,A,0,0,C,C,C,T,0,0,A,A,0,0,0,0,C,C,0,0,0,0,0,0,0,0,0,0,0,0,0,0,0,0,0,0,0,0,0,0,0,0,0,0,0,0,0,0,C,C,0,0,0,0,0,0,0,0
M145962,GG,GG,C,C,A,A,C,C,CTC,CTC,AT,TG,A,A,A,A,C,C,C,T,G,T,A,G,A,A,A,G,C,C,A,C,AT,TC,C,T,T,T,G,G,T,T,G,G,T,T,G,G,C,C,C,C,G,G,T,T,AT,AT,TCTA,TCTA,C,C,TC,TT,GGC,GGC,T,T,GA,GA
M145963,GG,GG,C,C,A,A,C,T,CTC,CTC,AT,TG,A,T,A,A,C,C,T,T,T,T,G,G,A,A,G,G,C,C,C,C,AT,AT,T,T,T,T,G,G,T,T,G,G,T,T,G,G,C,C,C,C,G,G,T,T,AT,AT,TCTA,TCTA,C,C,TC,TT,ATC,GGC,T,T,GA,GA
M145964,GG,TA,C,T,A,G,C,T,CTC,TGT,AT,AT,A,A,A,A,A,C,C,T,G,T,A,G,A,A,A,G,C,C,A,C,AT,TC,C,T,T,T,G,G,T,T,G,G,T,T,G,G,C,C,C,C,G,G,T,T,AT,AT,TCTA,TCTA,C,C,GC,GC,ATC,ATC,T,T,GA,GA
M145965,GG,GG,C,C,A,A,C,C,CTC,CTC,AT,TG,A,T,A,A,A,C,C,C,G,G,A,A,A,A,A,A,C,C,A,A,TC,TC,C,C,T,T,G,G,T,T,G,G,T,T,G,G,C,C,C,C,G,G,T,T,AT,AT,TCTA,TCTA,C,C,GC,TT,GGC,GGC,T,T,GA,GA
M145966,GG,GG,C,C,A,A,C,T,CTC,CTC,AT,AT,A,A,A,A,A,C,C,T,G,G,A,A,A,A,A,A,C,C,A,C,TC,TC,C,C,T,T,G,G,T,T,A,G,T,T,G,G,C,C,C,C,G,G,T,T,AT,AT,TCTA,TCTA,C,C,GC,TC,ATC,GGC,A,T,GA,GA
M145967,GG,GG,C,C,A,A,C,C,CTC,CTC,AT,TG,A,T,A,A,A,C,C,C,G,G,A,A,A,A,A,A,C,C,A,A,TC,TC,C,C,T,T,G,G,T,T,G,G,T,T,G,G,C,C,C,C,G,G,T,T,AT,AT,TCTA,TCTA,C,C,TT,TT,GGC,GGC,T,T,GA,GA
M145968,GG,GG,C,C,A,A,C,T,CTC,CTC,AT,TG,A,A,A,A,A,C,C,T,G,G,A,A,A,A,A,A,C,C,A,C,TC,TC,C,C,T,T,G,G,T,T,G,G,T,T,G,G,C,C,C,C,G,G,T,T,AT,AT,TCTA,TCTA,C,C,TC,TC,ATC,GGC,T,T,GA,GA
M145969,GG,GG,C,C,A,A,C,C,CTC,CTC,AT,TG,A,A,A,A,A,C,C,C,G,G,A,A,A,A,A,A,C,C,A,A,TC,TC,C,C,T,T,G,G,T,T,A,A,T,T,G,G,C,C,C,C,G,G,T,T,AT,AT,TCTA,TCTA,C,C,GC,TC,GGC,GGC,A,T,GA,GA
M145970,GG,GG,C,C,A,A,C,C,CTC,CTC,AT,TG,A,T,A,A,A,C,C,T,G,T,A,G,A,A,A,G,C,C,A,C,AT,TC,C,T,T,T,G,G,T,T,G,G,T,T,G,G,C,C,C,C,G,G,T,T,AT,AT,TCTA,TCTA,C,C,TC,TT,ATC,GGC,T,T,GA,GA
M145971,GG,GG,C,C,A,A,C,C,CTC,CTC,AT,AT,A,T,A,A,A,C,C,T,T,T,G,G,A,A,G,G,C,C,C,C,AT,AT,T,T,T,T,G,G,T,T,G,G,T,T,G,G,C,C,C,C,G,G,T,T,AT,AT,TCTA,TCTA,C,C,TT,TT,ATC,GGC,T,T,GA,GA
M145972,GG,GG,C,C,A,A,C,C,CTC,CTC,AT,AT,A,A,A,A,A,C,C,C,G,G,A,A,A,A,A,A,C,C,A,A,TC,TC,C,C,T,T,G,G,T,T,G,G,T,T,G,G,C,C,C,C,G,G,T,T,AT,AT,TCTA,TCTA,C,C,GC,GC,ATC,ATC,T,T,GA,GA
M145973,GG,GG,C,C,A,A,C,C,CTC,CTC,AT,TG,A,T,A,A,A,A,C,C,G,G,A,A,A,A,A,A,C,C,A,A,TC,TC,C,C,T,T,G,G,T,T,A,G,T,T,G,G,C,C,C,C,G,G,T,T,AT,AT,TCTA,TCTA,C,C,TC,TT,ATC,GGC,T,T,GA,GA
M145974,GG,GG,C,C,A,A,C,C,CTC,CTC,AT,TG,A,A,A,A,A,C,C,T,G,T,A,G,A,A,A,G,C,C,A,C,AT,TC,C,T,T,T,G,G,T,T,A,G,T,T,G,G,C,C,C,C,G,G,T,T,AT,AT,TCTA,TCTA,C,C,TC,TT,GGC,GGC,T,T,GA,GA
M145975,GG,GG,C,C,A,A,C,C,CTC,CTC,AT,TG,A,T,A,A,A,A,C,C,G,T,A,G,A,A,A,G,C,C,A,C,AT,TC,C,T,T,T,G,G,T,T,G,G,T,T,G,G,C,C,C,C,G,G,T,T,AT,AT,TCTA,TCTA,C,C,GC,GC,GGC,GGC,T,T,GA,GA
M145976,GG,GG,C,C,A,A,C,T,CTC,CTC,AT,AT,A,A,A,A,A,C,C,T,G,G,A,A,A,A,A,A,C,C,A,C,TC,TC,C,C,T,T,G,G,T,T,G,G,T,T,G,G,C,C,C,C,G,G,T,T,AT,AT,TCTA,TCTA,C,C,GC,TC,ATC,GGC,T,T,GA,GA
M145977,GG,TA,C,T,A,G,T,T,CTC,TGT,TG,TG,A,A,A,A,A,A,C,C,G,G,A,A,A,A,A,A,C,C,A,A,TC,TC,C,C,T,T,G,G,T,T,A,G,T,T,G,G,C,C,C,T,G,G,C,T,AC,AT,ACGG,TCTA,C,C,TC,TT,ATC,GGC,A,T,AG,GA
M145978,0,0,C,C,0,0,T,T,0,0,TG,TG,A,A,A,A,A,A,0,0,G,G,A,A,A,A,0,0,C,C,A,A,TC,TC,C,C,T,T,0,0,0,0,A,A,0,0,G,G,C,C,C,C,0,0,T,T,AT,AT,TCTA,TCTA,0,0,0,0,0,0,T,T,GA,GA
M145979,TA,TA,T,T,G,G,T,T,TGT,TGT,AT,TG,T,T,A,A,C,C,T,T,G,G,A,A,A,A,A,A,C,C,C,C,TC,TC,C,C,T,T,G,G,T,T,G,G,T,T,G,G,C,C,C,T,G,G,C,T,AC,TC,ACGG,ACGG,C,C,TC,TC,ATC,ATC,A,T,AG,AG