"indiv.ID","Omy_Ch05_10_57417407_haplotype.1","Omy_Ch05_10_57417407_haplotype.2","Omy_Ch05_6_56087112_haplotype.1","Omy_Ch05_6_56087112_haplotype.2","Omy_Ch05_7_76786553_haplotype.1","Omy_Ch05_7_76786553_haplotype.2","Omy_Ch05_8_28133607_haplotype.1","Omy_Ch05_8_28133607_haplotype.2","Omy_Ch05_9_54854574_haplotype.1","Omy_Ch05_9_54854574_haplotype.2","Omy_Ch22_VGLL3.1_haplotype.1","Omy_Ch22_VGLL3.1_haplotype.2","Omy_Ch22_VGLL3.6_snp1_haplotype.1","Omy_Ch22_VGLL3.6_snp1_haplotype.2","Omy_Ch22_VGLL3.6_snp2_haplotype.1","Omy_Ch22_VGLL3.6_snp2_haplotype.2","Omy_Ch25_Six6_61285646_haplotype.1","Omy_Ch25_Six6_61285646_haplotype.2","Omy_Ch25_Six6_61287415_haplotype.1","Omy_Ch25_Six6_61287415_haplotype.2","Omy_Ch25_Six6_61316270_haplotype.1","Omy_Ch25_Six6_61316270_haplotype.2","Omy_Ch25_Six6_61317685_haplotype.1","Omy_Ch25_Six6_61317685_haplotype.2","Omy_Ch25_Six6_61317777_haplotype.1","Omy_Ch25_Six6_61317777_haplotype.2","Omy_Ch25_Six6_61318852_haplotype.1","Omy_Ch25_Six6_61318852_haplotype.2","Omy_Ch25_Six6_61322413_haplotype.1","Omy_Ch25_Six6_61322413_haplotype.2","Omy_Ch25_Six6.2_haplotype.1","Omy_Ch25_Six6.2_haplotype.2","Omy_Ch25_Six6.3_haplotype.1","Omy_Ch25_Six6.3_haplotype.2","Omy_Ch25_Six6.6_snp1_haplotype.1","Omy_Ch25_Six6.6_snp1_haplotype.2","Omy_Ch25_Six6.6_snp2_haplotype.1","Omy_Ch25_Six6.6_snp2_haplotype.2","Omy_Ch28_11622532_B_haplotype.1","Omy_Ch28_11622532_B_haplotype.2","Omy_Ch28_11623412_B_haplotype.1","Omy_Ch28_11623412_B_haplotype.2","Omy_Ch28_11625241_C_haplotype.1","Omy_Ch28_11625241_C_haplotype.2","Omy_Ch28_11629294_D_haplotype.1","Omy_Ch28_11629294_D_haplotype.2","Omy_Ch28_11641623_D_haplotype.1","Omy_Ch28_11641623_D_haplotype.2","Omy_Ch28_11658853_F_haplotype.1","Omy_Ch28_11658853_F_haplotype.2","Omy_Ch28_11667578_F_haplotype.1","Omy_Ch28_11667578_F_haplotype.2","Omy_Ch28_11676622_G_haplotype.1","Omy_Ch28_11676622_G_haplotype.2","Omy_Ch28_11678603_G_haplotype.1","Omy_Ch28_11678603_G_haplotype.2","Omy_Ch28_11683310_H_haplotype.1","Omy_Ch28_11683310_H_haplotype.2","Omy_Ch28_11684744_H_haplotype.1","Omy_Ch28_11684744_H_haplotype.2","Omy_Ch28_greb1_mhap1_haplotype.1","Omy_Ch28_greb1_mhap1_haplotype.2","Omy_Ch28_greb1_mhap10_haplotype.1","Omy_Ch28_greb1_mhap10_haplotype.2","Omy_Ch28_greb1_mhap2_haplotype.1","Omy_Ch28_greb1_mhap2_haplotype.2","Omy_Ch28_greb1_mhap6_haplotype.1","Omy_Ch28_greb1_mhap6_haplotype.2","Omy_Ch28_greb1_mhap8_haplotype.1","Omy_Ch28_greb1_mhap8_haplotype.2"
"M145489",1,2,1,2,1,2,1,2,1,2,1,1,1,2,1,1,1,1,1,1,1,1,1,1,1,1,1,1,1,1,1,1,1,1,1,1,1,1,1,1,1,1,1,2,1,1,1,1,1,1,1,2,1,1,1,2,1,3,1,2,1,1,1,2,1,1,1,2,1,2
"M145490",1,1,1,1,1,1,1,1,1,1,1,1,1,1,1,1,2,2,2,2,2,2,2,2,1,1,2,2,1,1,2,2,2,2,2,2,1,1,1,1,1,1,2,2,1,1,1,1,1,1,1,1,1,1,2,2,1,1,2,2,1,1,1,3,2,2,2,2,2,2
"M145491",1,2,1,2,1,2,1,2,1,2,2,2,1,1,1,1,1,1,1,1,1,1,1,1,1,1,1,1,1,1,1,1,1,1,1,1,1,1,1,1,1,1,2,2,1,1,1,1,1,1,1,1,1,1,2,2,1,1,2,2,1,1,2,2,2,1,2,2,2,2
"M145492",1,1,1,1,1,1,1,1,1,1,1,1,1,1,1,1,1,2,1,2,1,2,1,2,1,1,1,2,1,1,1,2,2,1,1,2,1,1,1,1,1,1,2,2,1,1,1,1,1,1,1,1,1,1,2,2,1,1,2,2,1,1,1,3,1,1,2,2,2,2
"M145493",1,1,1,1,1,1,1,1,1,1,1,1,1,1,1,1,2,2,1,2,1,1,1,1,1,1,1,1,1,1,1,1,1,1,1,1,1,1,1,1,1,1,2,2,1,1,1,1,1,1,1,1,1,1,2,2,1,1,2,2,1,1,3,2,2,1,2,2,2,2
"M145494",1,1,1,1,1,1,1,1,1,1,1,1,1,1,1,1,1,2,1,2,1,1,1,1,1,1,1,1,1,1,1,2,1,1,1,1,1,1,1,1,1,1,2,2,1,1,1,1,1,1,1,1,1,1,2,2,1,1,2,2,1,1,3,2,2,1,2,2,2,2
"M145495",1,1,1,1,1,1,1,1,1,1,1,1,1,1,1,1,2,2,1,1,1,1,1,1,1,1,1,1,1,1,1,1,1,1,1,1,1,1,1,1,1,1,2,2,1,1,1,1,1,1,1,1,1,1,2,2,1,1,2,2,1,1,1,4,1,1,2,2,2,2
"M145496",1,2,1,2,1,2,1,2,1,2,1,2,1,1,1,1,1,2,1,2,1,2,1,2,1,1,1,2,1,1,1,2,2,1,1,2,1,1,1,1,1,1,1,2,1,1,1,1,1,1,1,2,1,2,1,2,2,1,1,2,1,1,1,1,1,1,1,2,1,2
"M145497",1,2,1,2,1,2,1,2,1,2,2,2,1,1,1,1,2,2,1,2,1,2,1,2,1,1,1,2,1,1,1,2,2,1,1,2,1,1,1,1,1,1,2,2,1,1,1,1,1,1,1,1,1,1,2,2,1,1,2,2,1,1,1,2,2,1,2,2,2,2
"M145498",1,2,1,2,1,2,1,2,1,2,1,2,1,1,1,1,1,1,1,1,1,2,1,2,1,1,1,2,1,1,1,2,2,1,1,2,1,1,1,1,1,1,2,2,1,1,1,1,1,1,1,1,1,1,2,2,1,1,2,2,1,1,2,2,1,1,2,2,2,2
"M145499",1,1,1,1,1,1,1,1,1,1,1,1,1,1,1,1,2,2,1,1,1,1,1,1,1,1,1,1,1,1,1,1,1,1,1,1,1,1,1,1,1,1,2,2,1,1,1,1,1,1,1,1,1,1,2,2,1,1,2,2,1,1,1,4,1,1,2,2,2,2
"M145500",1,2,1,2,1,2,1,2,1,2,1,2,1,1,1,1,2,2,1,2,1,2,1,2,1,1,1,2,1,1,1,2,2,1,1,2,1,1,1,1,1,1,2,2,1,1,1,1,1,1,1,1,1,1,2,2,1,1,2,2,1,1,1,2,1,1,2,2,2,2
"M145501",1,1,1,1,1,1,1,1,1,1,1,1,1,1,1,1,2,2,1,2,1,2,1,2,1,1,1,2,1,1,1,2,2,1,1,2,1,1,1,1,1,1,2,2,1,1,1,1,1,1,1,1,1,1,2,2,1,1,2,2,1,1,1,4,1,1,2,2,2,2
"M145502",1,1,1,1,1,1,1,1,1,1,1,1,1,1,1,1,2,2,1,1,1,1,1,1,1,1,1,1,1,1,1,1,1,1,1,1,1,1,1,1,1,1,2,2,1,1,1,1,1,1,1,1,1,1,2,2,1,1,2,2,1,1,3,3,2,2,2,2,2,2
"M145503",1,1,1,1,1,1,1,1,1,1,1,1,1,1,1,1,1,1,1,1,2,2,2,2,1,1,2,2,1,1,2,2,2,2,2,2,1,1,1,1,1,1,2,2,1,1,1,1,1,1,1,1,1,1,2,2,1,1,2,2,1,1,1,1,1,1,2,2,2,2
"M145504",1,1,1,1,1,1,1,2,1,1,1,1,1,1,1,1,1,2,1,2,2,2,2,2,1,1,2,2,1,1,2,2,2,2,2,2,1,1,1,1,1,1,2,2,1,1,1,1,1,1,1,1,1,1,2,2,1,1,2,2,1,1,1,4,1,1,2,2,2,2
"M145505",1,1,1,1,1,1,1,2,1,1,1,1,1,1,1,1,2,2,2,2,2,2,2,2,1,1,2,2,1,1,2,2,2,2,2,2,1,1,1,1,1,1,2,2,1,1,1,1,1,1,1,1,1,1,2,2,1,1,2,2,1,1,2,2,2,1,2,2,2,2
"M145506",1,1,1,1,1,1,1,1,1,1,1,2,1,2,1,1,1,1,1,1,1,1,1,1,1,1,1,1,1,1,1,2,1,1,1,1,1,1,1,1,1,1,2,2,1,1,1,1,1,1,1,1,1,1,2,2,1,1,2,2,1,2,2,2,2,1,2,2,2,2
"M145507",1,1,1,1,1,1,1,1,1,1,1,1,1,2,1,1,1,2,1,1,1,1,1,1,1,1,1,1,1,1,1,2,1,1,1,1,1,1,1,1,1,1,2,2,1,1,1,1,1,1,1,1,1,1,2,2,1,1,2,2,1,1,1,2,2,1,2,2,2,2
"M145508",1,1,1,1,1,1,1,1,1,1,1,1,1,2,1,1,1,2,1,1,1,1,1,1,1,1,1,1,1,1,1,1,1,1,1,1,1,1,1,1,1,1,2,2,1,1,1,1,1,1,1,1,1,1,2,2,1,1,2,2,1,1,1,2,1,1,2,2,2,2
"M145509",1,1,1,1,1,1,1,1,1,1,1,1,1,1,1,1,2,2,1,1,1,1,1,1,1,1,1,1,1,1,1,1,1,1,1,1,1,1,1,1,1,1,2,2,1,1,1,1,1,1,1,1,1,1,2,2,1,1,2,2,1,1,1,3,2,1,2,2,2,2
"M145510",1,1,1,1,1,1,1,1,1,1,1,2,1,2,1,1,1,2,1,1,1,1,1,1,1,1,1,1,1,1,1,2,1,1,1,1,1,1,1,1,1,1,2,2,1,1,1,1,1,1,1,1,1,1,2,2,1,1,2,2,1,1,1,1,2,1,2,2,2,2
"M145511",1,1,1,1,1,1,1,1,1,1,1,1,2,2,1,1,1,2,1,1,1,1,1,1,1,1,1,1,1,1,1,2,1,1,1,1,1,1,1,1,1,1,2,2,1,1,1,1,1,1,1,1,1,1,2,2,1,1,2,2,1,1,4,2,1,1,2,2,2,2
"M145512",1,1,1,1,1,1,1,1,1,1,1,1,1,2,1,1,1,2,1,2,1,1,1,1,1,1,1,1,1,1,1,1,1,1,1,1,1,1,1,1,1,1,2,2,1,1,1,1,1,1,1,1,1,1,2,2,1,1,2,2,1,1,2,2,2,1,2,2,2,2
"M145513",1,1,1,1,1,1,1,1,1,1,1,1,1,1,1,1,2,2,1,2,1,1,1,1,1,1,1,1,1,1,1,1,1,1,1,1,1,1,1,1,1,1,2,2,1,1,1,1,1,1,1,1,1,1,2,2,1,1,2,2,1,1,2,2,2,1,2,2,2,2
"M145514",1,1,1,1,1,1,1,1,1,1,1,1,1,1,1,1,1,2,1,1,1,1,1,1,1,1,1,1,1,1,1,2,1,1,1,1,1,1,1,1,1,1,2,2,1,1,1,1,1,1,1,1,1,1,2,2,1,1,2,2,1,1,1,2,2,1,2,2,2,2
"M145515",1,1,1,1,1,1,1,1,1,1,1,1,1,1,1,1,2,2,1,2,1,2,1,2,1,1,1,2,1,1,1,2,2,1,2,2,1,1,1,1,1,1,2,2,1,1,1,1,1,1,1,1,1,1,2,2,1,1,2,2,1,1,3,2,1,1,2,2,2,2
"M145516",1,1,1,1,1,1,1,1,1,1,1,1,1,2,1,1,2,2,2,2,2,2,2,2,1,1,2,2,1,1,2,2,2,2,2,2,1,1,1,1,1,1,2,2,1,1,1,1,1,1,1,1,1,1,2,2,1,1,2,2,1,1,3,2,1,1,2,2,2,2
"M145517",1,1,1,1,1,1,1,1,1,1,1,1,1,1,1,1,2,2,2,2,2,2,2,2,1,1,2,2,1,1,2,2,2,2,2,2,1,1,1,1,1,1,2,2,1,1,1,1,1,1,1,1,1,1,2,2,1,1,2,2,1,1,1,2,2,1,2,2,2,2
"M145518",1,2,1,2,1,2,1,2,1,2,1,1,1,2,1,1,2,2,1,2,1,1,1,1,1,1,1,1,1,1,1,1,1,1,1,1,1,1,1,1,1,1,1,2,1,1,1,1,1,1,1,2,1,2,1,2,2,1,1,2,1,1,1,2,1,1,1,2,1,2
"M145519",1,2,1,2,1,2,1,2,1,2,2,2,1,1,1,1,1,2,1,1,1,2,1,2,1,1,2,2,1,1,1,2,2,1,1,2,1,1,1,1,1,1,2,2,1,1,1,1,1,1,1,1,1,1,2,2,1,1,2,2,1,1,4,3,2,1,2,2,2,2
"M145520",1,2,1,2,1,2,1,2,1,2,1,1,1,1,1,1,1,1,1,1,1,2,1,2,1,1,1,2,1,1,2,2,2,1,1,2,1,1,1,1,1,1,2,2,1,1,1,1,1,1,1,1,1,1,2,2,1,1,2,2,1,1,2,2,2,1,2,2,2,2
"M145521",1,1,1,1,1,1,1,1,1,1,1,2,1,1,1,1,1,2,1,2,1,2,1,2,1,1,1,2,1,1,1,2,2,1,1,2,1,1,1,1,1,1,2,2,1,1,1,1,1,1,1,1,1,1,2,2,1,1,2,2,1,1,2,2,2,1,2,2,2,2
"M145522",1,1,1,1,1,1,1,1,1,1,1,1,1,1,1,1,2,2,2,2,2,2,2,2,1,1,2,2,1,1,2,2,2,2,2,2,1,1,1,1,1,1,2,2,1,1,1,1,1,1,1,1,1,1,2,2,1,1,2,2,1,1,3,2,1,1,2,2,2,2
"M145523",1,2,1,2,1,2,1,2,1,2,1,1,1,1,1,1,2,2,2,2,1,2,1,2,1,1,1,2,1,1,2,2,2,1,1,2,1,1,1,1,1,1,1,2,1,1,1,1,1,1,1,2,1,2,1,2,2,1,1,2,1,1,1,2,1,1,1,2,1,2
"M145524",1,1,1,1,1,1,1,1,1,1,1,1,1,1,1,1,1,2,1,2,1,1,1,1,1,1,1,1,1,1,1,2,1,1,1,1,1,1,1,1,1,1,2,2,1,1,1,1,1,1,1,1,1,1,2,2,1,1,2,2,1,1,2,2,2,1,2,2,2,2
"M145525",1,1,1,1,1,1,1,1,1,1,1,1,2,2,1,1,1,2,1,1,1,1,1,1,1,1,1,1,1,1,1,2,1,1,1,1,1,1,1,1,1,1,2,2,1,1,1,1,1,1,1,1,1,1,2,2,1,1,2,2,0,0,2,2,1,1,2,2,2,2
"M145526",1,1,1,1,1,1,1,1,1,1,1,2,1,2,1,1,1,2,1,2,1,2,1,2,1,1,1,2,1,1,1,2,2,1,1,2,1,1,1,1,1,1,2,2,1,1,1,1,1,1,1,1,1,1,2,2,1,1,2,2,1,1,1,2,2,1,2,2,2,2
"M145527",1,2,1,2,1,2,1,2,1,2,1,2,1,1,1,1,2,2,1,2,1,1,1,1,1,1,1,1,1,1,1,2,1,1,1,1,1,1,1,1,1,1,2,2,1,1,1,1,1,1,1,1,1,1,2,2,1,1,2,2,1,1,2,2,2,2,2,2,2,2
"M145528",1,1,1,1,1,1,1,1,1,1,1,1,1,1,1,1,1,2,0,0,1,1,1,1,1,1,1,1,1,1,1,1,1,1,1,1,1,1,1,1,1,1,2,2,1,1,1,1,1,1,1,1,1,1,2,2,1,1,2,2,1,1,1,3,1,1,2,2,2,2
"M145529",2,2,2,2,2,2,2,2,2,2,1,2,1,1,1,1,2,2,2,2,1,2,2,2,1,1,1,2,1,1,1,2,2,1,1,2,1,1,1,1,1,1,2,2,1,1,1,1,1,1,1,1,1,1,2,2,1,1,2,2,1,1,1,2,2,1,2,2,2,2
"M145530",2,2,2,2,2,2,2,2,2,2,1,2,1,1,1,1,1,2,1,2,2,2,2,2,1,1,2,2,1,1,2,2,2,2,2,2,1,1,1,1,1,1,2,2,1,1,1,1,1,1,1,1,1,2,1,2,2,1,1,2,1,1,1,2,2,1,2,2,1,2
"M145531",1,1,1,1,1,1,1,1,1,1,1,1,1,1,1,1,1,2,1,2,2,2,2,2,1,1,2,2,1,1,2,2,2,2,2,2,1,1,1,1,1,1,2,2,1,1,1,1,1,1,1,1,1,1,2,2,1,1,2,2,1,1,1,4,1,1,2,2,2,2
"M145532",1,2,1,2,1,2,1,2,1,2,2,2,1,1,1,1,1,2,2,2,2,2,2,2,1,1,2,2,1,1,2,2,2,2,2,2,1,1,1,1,1,1,2,2,1,1,1,1,1,1,1,1,1,1,2,2,1,1,2,2,1,1,4,3,2,1,2,2,2,2
"M145533",1,2,1,2,1,2,1,2,1,2,1,1,1,2,1,1,2,2,1,2,1,1,1,1,1,1,1,1,1,1,1,1,1,1,1,1,1,1,1,1,1,1,1,2,1,1,1,1,1,1,1,2,1,2,1,2,2,1,1,2,1,1,1,2,1,1,1,2,1,2
"M145534",1,1,1,1,1,1,1,1,1,1,1,1,1,1,1,1,1,2,1,1,1,2,1,2,1,1,2,2,1,1,1,2,2,1,1,2,1,1,1,1,1,1,2,2,1,1,1,1,1,1,1,1,1,1,2,2,1,1,2,2,1,1,2,2,2,2,2,2,2,2
"M145535",1,2,1,2,1,2,2,2,1,2,1,2,1,1,1,1,2,2,1,2,1,2,1,2,1,1,1,2,1,1,1,2,2,1,1,2,1,1,1,1,1,1,2,2,1,1,1,1,1,1,1,1,1,1,2,2,1,1,2,2,1,1,1,2,2,1,2,2,2,2
"M145536",1,1,1,1,1,1,1,1,1,1,1,1,1,2,1,1,2,2,1,2,1,2,1,2,1,1,1,2,1,1,1,2,2,1,1,2,1,1,1,1,1,1,2,2,1,1,1,1,1,1,1,1,1,1,2,2,1,1,2,2,1,1,3,2,1,1,2,2,2,2
"M145537",1,2,1,2,1,2,1,2,1,2,1,2,1,2,1,1,1,2,1,1,1,1,1,1,1,1,1,1,1,1,1,1,1,1,1,1,1,1,1,1,1,1,2,2,1,1,1,1,1,1,1,1,1,2,1,2,1,3,3,2,1,1,4,3,2,1,2,2,2,2
"M145538",1,1,1,1,1,1,1,1,1,1,1,1,1,2,1,1,1,2,1,1,1,1,1,1,1,1,1,1,1,1,1,2,1,1,1,1,1,1,1,1,1,1,2,2,1,1,1,1,1,1,1,1,1,1,2,2,1,1,2,2,1,1,2,2,2,1,2,2,2,2
"M145539",1,1,1,1,1,1,1,1,1,1,1,1,1,2,1,1,2,2,1,1,1,1,1,1,1,1,1,1,1,1,1,1,1,1,1,1,1,1,1,1,1,1,2,2,1,1,1,1,1,1,1,1,1,1,2,2,1,1,2,2,1,1,1,3,2,2,2,2,2,2
"M145540",1,1,1,1,1,1,1,1,1,1,1,2,1,2,1,1,1,2,1,2,1,2,1,2,1,1,1,2,1,1,2,2,2,1,1,2,1,1,1,1,1,1,2,2,1,1,1,1,1,1,1,1,1,1,2,2,1,1,2,2,1,1,1,3,2,1,2,2,2,2
"M145541",1,1,1,1,1,1,1,1,1,1,1,1,2,2,1,1,2,2,2,2,2,2,2,2,1,1,2,2,1,1,2,2,2,2,2,2,1,1,1,1,1,1,2,2,1,1,1,1,1,1,1,1,1,1,2,2,1,1,2,2,1,1,3,2,1,1,2,2,2,2
"M145542",1,1,1,1,1,1,1,1,1,1,1,1,1,1,1,1,2,2,1,1,1,1,1,1,1,1,1,1,1,1,1,1,1,1,1,1,1,1,1,1,1,1,2,2,1,1,1,1,1,1,1,1,1,1,2,2,1,1,2,2,1,1,3,3,2,2,2,2,2,2
"M145543",1,2,1,2,1,2,1,2,1,2,1,1,1,1,1,1,2,2,1,1,1,1,1,1,1,1,1,1,1,1,1,1,1,1,1,1,1,1,1,1,1,1,2,2,1,1,1,1,1,1,1,1,1,1,2,2,1,1,2,2,1,1,3,2,2,2,2,2,2,2
"M145544",1,1,1,1,1,1,1,1,1,1,1,1,1,2,1,1,1,2,1,1,1,2,1,2,1,1,1,2,1,1,1,2,2,1,1,2,1,1,1,1,1,1,2,2,1,1,1,1,1,1,1,1,1,2,1,2,1,3,3,2,1,1,1,4,2,1,2,2,2,2
"M145545",1,2,1,2,1,2,1,2,1,2,1,2,1,1,1,1,1,1,1,1,1,2,1,2,1,1,1,2,1,1,1,2,2,1,1,2,1,1,1,1,1,1,1,2,1,1,1,1,1,1,1,1,1,1,2,2,1,1,2,2,1,1,1,2,1,1,2,2,2,2
"M145546",1,1,1,1,1,1,1,1,1,1,1,1,1,1,1,1,1,2,1,1,1,2,1,2,1,1,1,2,1,1,1,2,2,1,1,2,1,1,1,1,1,1,2,2,1,1,1,1,1,1,1,1,1,1,2,2,1,1,2,2,1,1,3,2,2,2,2,2,2,2
"M145547",1,1,1,1,1,1,1,1,1,1,1,1,1,2,1,1,1,2,1,1,1,1,1,1,1,1,1,1,1,1,1,1,1,1,1,1,1,1,1,1,1,1,2,2,1,1,1,1,1,1,1,1,1,1,2,2,1,1,2,2,1,1,2,2,1,1,2,2,2,2
"M145548",1,2,1,2,1,2,1,2,1,2,1,2,1,2,1,1,2,2,1,2,1,2,1,2,1,1,1,2,1,1,1,2,2,1,1,2,1,1,1,1,1,1,2,2,1,1,1,1,1,1,1,1,1,1,2,2,1,1,2,2,1,1,2,2,1,1,2,2,2,2
"M145549",1,1,1,1,1,1,1,1,1,1,1,1,1,2,1,1,1,2,1,1,1,1,1,1,1,1,1,1,1,1,1,1,1,1,1,1,1,1,1,1,1,1,2,2,1,1,1,1,1,1,1,1,1,1,2,2,1,1,2,2,1,1,4,2,1,1,2,2,2,2
"M145550",1,1,1,1,1,1,1,1,1,1,1,1,1,1,1,1,2,2,1,1,1,1,1,1,1,1,1,1,1,1,1,1,1,1,1,1,1,1,1,1,1,1,2,2,1,1,1,1,1,1,1,1,1,1,2,2,1,1,2,2,1,1,3,3,2,2,2,2,2,2
"M145551",1,1,1,1,1,1,1,2,1,1,1,1,1,1,1,1,1,2,1,1,1,2,1,2,1,1,1,2,1,1,2,2,2,1,1,2,1,1,1,1,1,1,2,2,1,1,1,1,1,1,1,1,1,1,2,2,1,1,2,2,1,1,2,2,1,1,2,2,2,2
"M145552",1,2,1,2,1,2,1,2,1,2,1,2,1,2,1,1,1,1,1,1,1,1,1,1,1,1,1,1,1,1,1,1,1,1,1,1,1,1,1,1,1,1,1,2,1,1,1,1,1,1,1,2,1,2,1,2,1,3,3,2,1,1,1,3,1,1,1,2,1,2
"M145553",1,2,1,2,1,2,1,2,1,2,1,2,1,2,1,1,1,1,1,1,1,2,1,2,1,1,1,2,1,1,2,2,2,1,1,2,1,1,1,1,1,1,2,2,1,1,1,1,1,1,1,1,1,1,2,2,1,1,2,2,1,1,1,2,2,1,2,2,2,2
"M145554",1,2,1,2,1,2,1,2,1,2,1,2,1,2,1,1,1,1,1,1,1,2,1,2,1,1,1,2,1,1,1,2,2,1,1,2,1,1,1,1,1,1,2,2,1,1,1,1,1,1,1,1,1,1,2,2,1,1,2,2,1,1,1,2,2,1,2,2,2,2
"M145555",1,1,1,1,1,1,1,1,1,1,1,1,1,2,1,1,2,2,1,1,1,1,1,1,1,1,1,1,1,1,1,1,1,1,1,1,1,1,1,1,1,1,2,2,1,1,1,1,1,1,1,1,1,1,2,2,1,1,2,2,1,1,3,2,1,1,2,2,2,2
"M145556",2,2,2,2,2,2,2,2,2,2,1,2,1,1,1,1,2,2,2,2,1,2,1,2,1,1,1,2,1,1,2,2,2,1,1,2,1,1,1,1,1,1,1,1,1,1,1,1,1,1,2,2,2,2,1,1,2,2,1,1,1,1,1,2,1,1,1,1,1,1
"M145557",1,1,1,1,1,1,1,2,1,1,1,2,1,1,1,1,1,2,1,2,1,1,1,1,1,1,1,1,1,1,2,2,1,1,1,1,1,1,1,1,1,1,2,2,1,1,1,1,1,1,1,1,1,1,2,2,1,1,2,2,1,1,1,2,1,1,2,2,2,2
"M145558",1,1,1,1,1,1,1,1,1,1,1,1,1,1,1,1,2,2,1,1,1,1,1,1,1,1,1,1,1,1,1,1,1,1,1,1,1,1,1,1,1,1,2,2,1,1,1,1,1,1,1,1,1,1,2,2,1,1,2,2,1,1,1,3,2,1,2,2,2,2
"M145559",1,2,1,2,1,2,1,2,1,2,1,1,1,2,1,1,1,1,1,1,1,2,2,2,1,1,1,2,1,1,1,2,2,1,1,2,1,1,1,1,1,1,2,2,1,1,1,1,1,1,1,1,1,1,2,2,1,1,2,2,1,1,1,1,1,1,2,2,2,2
"M145560",1,1,1,1,1,1,1,1,1,1,1,1,1,2,1,1,1,2,1,2,1,1,1,1,1,1,1,1,1,1,1,2,1,1,1,1,1,1,1,1,1,1,2,2,1,1,1,1,1,1,1,1,1,1,2,2,1,1,2,2,1,1,1,2,2,1,2,2,2,2
"M145561",1,1,1,1,1,1,1,1,1,1,1,1,1,1,1,1,1,2,1,2,1,2,1,2,1,1,1,2,1,1,1,2,2,1,1,2,1,1,1,1,1,1,2,2,1,1,1,1,1,1,1,1,1,1,2,2,1,1,2,2,1,1,2,2,2,1,2,2,2,2
"M145562",1,1,1,1,1,1,1,1,1,1,1,1,1,1,1,1,1,2,1,1,1,2,1,2,1,1,1,2,1,1,1,2,2,1,1,2,1,1,1,1,1,1,1,2,1,1,1,1,1,1,1,2,1,2,1,2,2,1,1,2,1,1,1,1,1,1,1,2,1,2
"M145563",1,1,1,1,1,1,1,1,1,1,1,1,1,1,1,1,1,1,1,1,2,2,2,2,1,1,2,2,1,1,2,2,2,2,2,2,1,1,1,1,1,1,2,2,1,1,1,1,1,1,1,1,1,1,2,2,1,1,2,2,1,1,1,1,1,1,2,2,2,2
"M145564",1,2,1,2,1,2,1,2,1,2,1,2,1,1,1,1,1,1,2,2,2,2,2,2,1,1,2,2,1,1,2,2,2,2,2,2,1,1,1,1,1,1,2,2,1,1,1,1,1,1,1,1,1,1,2,2,1,1,2,2,1,1,4,3,2,2,2,2,2,2
"M145565",1,1,1,1,1,1,1,1,1,1,1,1,1,2,1,1,1,2,1,1,1,1,1,1,1,1,1,1,1,1,1,1,1,1,1,1,1,1,1,1,1,1,2,2,1,1,1,1,1,1,1,1,1,1,2,2,1,1,2,2,1,1,4,2,1,1,2,2,2,2
"M145566",1,2,1,2,1,2,1,2,1,2,1,1,1,2,1,1,1,2,1,2,1,2,1,2,1,1,1,2,1,1,2,2,2,1,1,2,1,1,1,1,1,1,2,2,1,1,1,1,1,1,1,1,1,1,2,2,1,1,2,2,1,1,3,2,1,1,2,2,2,2
"M145567",1,1,1,1,1,1,1,1,1,1,1,1,1,1,1,1,2,2,1,1,1,1,1,1,1,1,1,1,1,1,1,1,1,1,1,1,1,1,1,1,1,1,1,2,1,1,1,1,1,1,1,1,1,1,2,2,1,1,2,2,1,1,2,2,2,1,2,2,2,2
"M145568",1,1,1,1,1,1,1,1,1,1,1,1,1,1,1,1,2,2,1,1,1,1,1,1,1,1,1,1,1,1,1,1,1,1,1,1,1,1,1,1,1,1,2,2,1,1,1,1,1,1,1,1,1,1,2,2,1,1,2,2,1,1,4,3,1,1,2,2,2,2
"M145569",2,2,2,2,2,2,2,2,2,2,1,1,1,1,1,1,1,1,1,1,1,2,1,2,1,1,1,2,1,1,1,2,2,1,1,2,1,1,1,1,1,1,2,2,1,1,1,1,1,1,1,1,1,1,2,2,1,1,2,2,1,1,2,2,1,1,2,2,2,2
"M145570",1,2,1,2,1,2,1,2,1,2,1,1,1,1,1,1,1,2,2,2,1,2,1,2,1,1,1,2,1,1,1,2,2,1,1,2,1,1,1,1,1,1,2,2,1,1,1,1,1,1,1,1,1,1,2,2,1,1,2,2,1,1,3,2,2,1,2,2,2,2
"M145571",1,1,1,1,1,1,1,2,1,1,1,1,1,2,1,1,1,2,1,1,1,1,1,1,1,1,1,1,1,1,1,2,1,1,1,1,1,1,1,1,1,1,2,2,1,1,1,1,1,1,1,1,1,1,2,2,1,1,2,2,1,1,1,4,1,1,2,2,2,2
"M145572",1,1,1,1,1,1,1,1,1,1,1,1,2,2,1,1,1,2,1,1,1,1,1,1,1,1,1,1,1,1,1,2,1,1,1,1,1,1,1,1,1,1,2,2,1,1,1,1,1,1,1,1,1,1,2,2,1,1,2,2,1,1,2,2,1,1,2,2,2,2
"M145573",2,2,2,2,2,2,2,2,2,2,1,1,1,1,1,1,1,2,1,1,1,2,1,2,1,1,1,2,1,1,1,2,2,1,1,2,1,1,1,1,1,1,1,2,1,1,1,1,1,1,1,2,1,2,1,2,2,1,1,2,1,1,1,1,1,1,1,2,1,2
"M145574",1,2,1,2,1,2,1,2,1,2,1,2,1,1,1,1,1,1,1,1,1,2,1,2,1,1,1,2,1,1,2,2,2,1,1,2,1,1,1,1,1,1,2,2,1,1,1,1,1,1,1,1,1,1,2,2,1,1,2,2,1,1,1,3,2,1,2,2,2,2
"M145575",1,1,1,1,1,1,1,1,1,1,1,1,1,1,1,1,2,2,1,2,1,2,1,2,1,1,1,2,1,1,1,2,2,1,1,2,1,1,1,1,1,1,2,2,1,1,1,1,1,1,1,1,1,1,2,2,1,1,2,2,1,1,3,2,2,1,2,2,2,2
"M145576",1,1,1,1,1,1,1,1,1,1,1,1,1,1,1,1,2,2,2,2,1,2,2,2,1,1,1,2,1,1,1,2,2,1,1,2,1,1,1,1,1,1,2,2,1,1,1,1,1,1,1,1,1,1,2,2,1,1,2,2,1,1,3,2,2,2,2,2,2,2
"M145577",0,0,0,0,0,0,0,0,0,0,0,0,1,1,0,0,1,2,1,2,0,0,1,1,1,1,1,2,1,1,1,1,0,0,1,1,1,1,1,1,0,0,2,2,0,0,0,0,0,0,0,0,0,0,2,2,0,0,0,0,1,1,0,0,1,1,2,2,0,0
"M145578",1,1,1,1,1,1,1,2,1,1,1,1,1,2,1,1,1,2,1,1,1,2,1,2,1,1,1,2,1,1,2,2,2,1,1,2,1,1,1,1,1,1,2,2,1,1,1,1,1,1,1,1,1,1,2,2,1,1,2,2,1,1,4,2,1,1,2,2,2,2
"M145579",1,1,1,1,1,1,1,2,1,1,1,2,1,1,1,1,1,2,1,2,1,1,1,1,1,1,1,1,1,1,1,1,1,1,1,1,1,1,1,1,1,1,2,2,1,1,1,1,1,1,1,1,1,1,2,2,1,1,2,2,1,1,2,2,2,2,2,2,2,2
"M145580",1,1,1,1,1,1,1,2,1,1,1,2,1,1,1,1,1,2,1,2,1,1,1,1,1,1,1,1,1,1,1,2,1,1,1,1,1,1,1,1,1,1,2,2,1,1,1,1,1,1,1,1,1,1,2,2,1,1,2,2,1,1,2,2,2,1,2,2,2,2
"M145581",1,2,1,2,1,2,1,2,1,2,1,2,1,2,1,1,1,1,1,1,1,2,1,2,1,1,1,2,1,1,2,2,2,1,1,2,1,1,1,1,1,1,2,2,1,1,1,1,1,1,1,1,1,1,2,2,1,1,2,2,1,1,1,3,2,1,2,2,2,2
"M145582",1,1,1,1,1,1,1,2,1,1,1,1,1,2,1,1,1,2,1,1,1,1,1,1,1,1,1,1,1,1,1,2,1,1,1,1,1,1,1,1,1,1,2,2,1,1,1,1,1,1,1,1,1,1,2,2,1,1,2,2,1,1,1,4,1,1,2,2,2,2
"M145583",1,1,1,1,1,1,1,1,1,1,1,1,1,2,1,1,2,2,1,1,1,1,1,1,1,1,1,1,1,1,1,1,1,1,1,1,1,1,1,1,1,1,2,2,1,1,1,1,1,1,1,1,1,1,2,2,1,1,2,2,1,1,3,2,2,1,2,2,2,2
"M145584",1,1,1,1,1,1,1,1,1,1,1,1,1,1,1,1,1,2,1,1,1,2,1,2,1,1,1,2,1,1,1,2,2,1,1,2,1,1,1,1,1,1,2,2,1,1,1,1,1,1,1,1,1,1,2,2,1,1,2,2,1,1,4,2,1,1,2,2,2,2
"M145585",1,1,1,1,1,1,1,1,1,1,1,2,1,1,1,1,1,1,1,1,1,2,1,2,1,1,1,2,1,1,1,2,2,1,1,2,1,1,1,1,1,1,2,2,1,1,1,1,1,1,1,1,1,1,2,2,1,1,2,2,1,1,3,2,2,1,2,2,2,2
"M145586",1,1,1,1,1,1,1,1,1,1,1,1,1,1,1,1,1,2,1,2,1,2,1,2,1,1,1,2,1,1,2,2,2,1,1,2,1,1,1,1,1,1,2,2,1,1,1,1,1,1,1,1,1,1,2,2,1,1,2,2,1,1,3,2,2,1,2,2,2,2
"M145587",1,2,1,2,1,2,1,2,1,2,1,2,1,1,1,1,1,2,1,2,1,1,1,1,1,1,1,1,1,1,1,2,1,1,1,1,1,1,1,1,1,1,2,2,1,1,1,1,1,1,1,1,1,1,2,2,1,1,2,2,1,1,3,3,2,2,2,2,2,2
"M145588",1,1,1,1,1,1,1,1,1,1,1,1,1,1,1,1,1,2,1,1,1,2,1,2,1,1,1,2,1,1,1,2,2,1,1,2,1,1,1,1,1,1,2,2,1,1,1,1,1,1,1,1,1,1,2,2,1,1,2,2,1,1,2,2,2,2,2,2,2,2
"M145589",1,1,1,1,1,1,1,1,1,1,1,1,1,1,1,1,2,2,2,2,1,1,1,1,1,1,1,1,1,1,1,1,1,1,1,1,1,1,1,1,1,1,1,2,1,1,1,1,1,1,1,1,1,1,2,2,1,1,2,2,1,1,2,2,2,1,2,2,2,2
"M145590",1,1,1,1,1,1,1,1,1,1,1,2,1,2,1,1,2,2,1,1,1,1,1,1,1,1,1,1,1,1,1,1,1,1,1,1,1,1,1,1,1,1,2,2,1,1,1,1,1,1,1,1,1,1,2,2,1,1,2,2,1,1,3,3,2,1,2,2,2,2
"M145591",1,1,1,1,1,1,1,1,1,1,1,1,1,1,1,1,1,2,1,1,1,2,1,2,1,1,1,2,1,1,1,2,2,1,1,2,1,1,1,1,1,1,2,2,1,1,1,1,1,1,1,1,1,1,2,2,1,1,2,2,1,1,3,2,2,1,2,2,2,2
"M145592",1,1,1,1,1,1,1,2,1,1,1,2,1,1,1,1,1,1,1,1,1,2,1,2,1,1,1,2,1,1,1,2,1,1,1,2,1,1,1,1,1,1,1,2,1,1,1,1,1,1,1,1,1,1,2,2,1,1,2,2,1,1,1,2,1,1,2,2,2,2
"M145593",1,2,1,2,1,2,1,2,1,2,1,1,1,1,1,1,2,2,2,2,2,2,2,2,1,1,2,2,1,1,2,2,2,2,2,2,1,1,1,1,1,1,2,2,1,1,1,1,1,1,1,1,1,1,2,2,1,1,2,2,1,1,3,2,2,1,2,2,2,2
"M145594",1,1,1,1,1,1,1,1,1,1,1,2,1,2,1,1,1,2,2,2,2,2,2,2,1,1,2,2,1,1,2,2,2,2,2,2,1,1,1,1,1,1,2,2,1,1,1,1,1,1,1,1,1,1,2,2,1,1,2,2,1,1,1,2,2,1,2,2,2,2
"M145595",1,1,1,1,1,1,1,2,1,1,1,2,1,1,1,1,1,2,1,2,1,2,2,2,1,1,1,2,1,1,1,2,2,1,1,2,1,1,1,1,1,1,2,2,1,1,1,1,1,1,1,1,1,1,2,2,1,1,2,2,1,1,2,2,2,2,2,2,2,2
"M145596",1,1,1,1,1,1,1,1,1,1,1,1,1,1,1,1,1,2,1,1,2,2,2,2,1,1,2,2,1,1,2,2,2,2,2,2,1,1,1,1,1,1,2,2,1,1,1,1,1,1,1,1,1,1,2,2,1,1,2,2,1,1,2,2,2,2,2,2,2,2
"M145597",1,1,1,1,1,1,1,1,1,1,1,2,1,2,1,1,1,1,1,1,2,2,2,2,1,1,2,2,1,1,2,2,2,2,2,2,1,1,1,1,1,1,1,2,1,1,1,1,1,1,1,1,1,1,2,2,1,1,2,2,1,1,1,2,2,1,2,2,2,2
"M145598",1,1,1,1,1,1,1,1,1,1,1,1,1,2,1,1,2,2,2,2,1,2,2,2,1,1,1,2,1,1,1,2,2,1,1,2,1,1,1,1,1,1,2,2,1,1,1,1,1,1,1,1,1,1,2,2,1,1,2,2,1,1,3,2,2,1,2,2,2,2
"M145599",1,1,1,1,1,1,1,1,1,1,1,1,1,2,1,1,2,2,1,2,1,1,1,1,1,1,1,1,1,1,1,2,1,1,1,1,1,1,1,1,1,1,1,2,1,1,1,1,1,1,1,2,1,2,1,2,2,1,1,2,1,1,3,2,1,1,1,2,1,2
"M145600",1,1,1,1,1,1,1,2,1,1,2,2,1,2,1,1,1,2,1,2,1,1,1,1,1,1,1,1,1,1,1,1,1,1,1,1,1,1,1,1,1,1,1,2,1,1,1,1,1,1,1,1,1,1,2,2,1,1,2,2,1,1,3,2,1,1,2,2,2,2
"M145601",0,0,0,0,0,0,0,0,0,0,0,0,0,0,0,0,0,0,0,0,0,0,1,1,0,0,0,0,0,0,0,0,0,0,0,0,0,0,0,0,0,0,2,2,0,0,0,0,0,0,0,0,0,0,0,0,0,0,0,0,0,0,0,0,0,0,0,0,0,0
"M145602",1,1,1,1,1,1,1,1,1,1,1,1,1,1,1,1,1,1,1,1,1,2,1,2,1,1,1,2,1,1,1,2,2,1,1,2,1,1,1,1,1,1,2,2,1,1,1,1,1,1,1,1,1,1,2,2,1,1,2,2,1,1,2,2,2,2,2,2,2,2
"M145603",1,1,1,1,1,1,1,2,1,1,1,2,1,2,1,1,2,2,2,2,1,2,2,2,1,1,1,2,1,1,1,2,2,1,1,2,1,1,1,1,1,1,2,2,1,1,1,1,1,1,1,1,1,1,2,2,1,1,2,2,2,2,3,2,2,1,2,2,2,2
"M145604",1,1,1,1,1,1,1,1,1,1,1,1,1,2,1,1,1,1,1,1,2,2,2,2,1,1,2,2,1,1,2,2,2,2,2,2,1,1,1,1,1,1,2,2,1,1,1,1,1,1,1,1,1,1,2,2,1,1,2,2,1,1,2,2,2,1,2,2,2,2
"M145605",1,1,1,1,1,1,1,2,1,1,1,2,2,2,1,1,1,1,2,2,2,2,2,2,1,1,2,2,1,1,2,2,2,2,2,2,1,1,1,1,1,1,2,2,1,1,1,1,1,1,1,1,1,1,2,2,1,1,2,2,1,1,2,2,1,1,2,2,2,2
"M145606",1,2,1,2,1,2,2,2,1,2,1,2,1,2,1,1,2,2,1,1,1,1,1,1,1,1,1,1,1,1,1,1,1,1,1,1,1,1,1,1,1,1,1,2,1,1,1,1,1,1,1,2,1,2,1,2,2,1,1,2,1,1,1,3,2,1,1,2,1,2
"M145607",1,1,1,1,1,1,1,2,1,1,1,2,1,1,1,1,1,2,1,1,1,1,1,1,1,1,1,1,1,1,1,1,1,1,1,1,1,1,1,1,1,1,2,2,1,1,1,1,1,1,1,1,1,1,2,2,1,1,2,2,1,1,2,2,2,1,2,2,2,2
"M145608",1,1,1,1,1,1,1,1,1,1,1,2,1,1,1,1,1,1,1,1,1,2,1,2,1,1,1,2,1,1,1,2,2,1,1,2,1,1,1,1,1,1,2,2,1,1,1,1,1,1,1,1,1,1,2,2,1,1,2,2,1,1,1,2,2,1,2,2,2,2
"M145609",1,1,1,1,1,1,1,1,1,1,1,2,1,1,1,1,1,1,1,2,2,2,1,2,1,1,1,2,1,1,2,2,2,1,1,2,1,1,1,1,1,1,2,2,1,1,1,1,1,1,1,1,1,1,2,2,1,1,2,2,1,1,2,2,2,1,2,2,2,2
"M145610",1,1,1,1,1,1,1,2,1,1,1,2,2,2,1,1,2,2,1,1,1,2,1,2,1,1,2,2,1,1,1,2,2,1,1,2,1,1,1,1,1,1,2,2,1,1,1,1,1,1,1,1,1,1,2,2,1,1,2,2,1,1,2,2,2,1,2,2,2,2
"M145611",1,1,1,1,1,1,1,1,1,1,1,1,1,1,1,1,1,2,1,2,1,2,1,2,1,1,1,2,1,1,1,2,2,1,1,2,1,1,1,1,1,1,2,2,1,1,1,1,1,1,1,1,1,1,2,2,1,1,2,2,1,1,3,2,2,1,2,2,2,2
"M145612",1,1,1,1,1,1,1,1,1,1,1,1,1,2,1,1,2,2,1,2,1,2,1,2,1,1,1,2,1,1,1,2,2,1,1,2,1,1,1,1,1,1,1,2,1,1,1,1,1,1,1,1,1,1,2,2,1,1,2,2,1,1,2,2,2,1,2,2,2,2
"M145613",1,1,1,1,1,1,1,1,1,1,1,1,1,1,1,1,2,2,1,1,1,1,1,1,1,1,1,1,1,1,1,1,1,1,1,1,1,1,1,1,1,1,2,2,1,1,1,1,1,1,1,1,1,1,2,2,1,1,2,2,1,1,2,2,2,2,2,2,2,2
"M145614",1,1,1,1,1,1,1,2,1,1,1,2,1,2,1,1,1,2,1,1,1,1,1,1,1,1,1,1,1,1,1,1,1,1,1,1,1,1,1,1,1,1,2,2,1,1,1,1,1,1,1,1,1,1,2,2,1,1,2,2,1,1,3,2,2,2,2,2,2,2
"M145615",1,1,1,1,1,1,1,1,1,1,1,2,1,2,1,1,1,2,1,2,1,1,1,1,1,1,1,1,1,1,1,1,1,1,1,1,1,1,1,1,1,1,1,2,1,1,1,1,1,1,1,1,1,1,2,2,1,1,2,2,1,1,3,2,1,1,2,2,2,2
"M145616",1,1,1,1,1,1,1,1,1,1,1,1,1,1,1,1,1,1,1,1,1,2,1,2,1,1,1,2,1,1,1,2,2,1,1,2,1,1,1,1,1,1,2,2,1,1,1,1,1,1,1,1,1,1,2,2,1,1,2,2,1,2,3,2,1,1,2,2,2,2
"M145617",1,1,1,1,1,1,1,1,1,1,1,1,1,1,1,1,1,1,1,1,1,2,1,2,1,1,1,2,1,1,1,2,2,1,1,2,1,1,1,1,1,1,2,2,1,1,1,1,1,1,1,1,1,1,2,2,1,1,2,2,1,1,3,2,2,2,2,2,2,2
"M145618",1,1,1,1,1,1,1,1,1,1,1,1,1,2,1,1,1,2,0,0,1,2,2,2,1,1,1,2,1,1,1,2,2,1,1,2,1,1,1,1,1,1,2,2,1,1,1,1,1,1,1,1,1,1,2,2,1,1,2,2,1,1,2,2,2,2,2,2,2,2
"M145619",1,1,1,1,1,1,1,1,1,1,1,2,1,2,1,1,2,2,1,2,1,2,1,2,1,1,1,2,1,1,1,2,2,1,1,2,1,1,1,1,1,1,2,2,1,1,1,1,1,1,1,1,1,1,2,2,1,1,2,2,1,1,1,3,2,1,2,2,2,2
"M145620",1,1,1,1,1,1,1,1,1,1,1,1,1,1,1,1,1,2,1,2,2,2,2,2,1,1,2,2,1,1,2,2,2,2,2,2,1,1,1,1,1,1,2,2,1,1,1,1,1,1,1,1,1,1,2,2,1,1,2,2,1,2,2,2,2,1,2,2,2,2
"M145621",1,1,1,1,1,1,1,2,1,1,1,1,1,1,1,1,2,2,2,2,1,2,2,2,1,1,1,2,1,1,1,2,2,1,1,2,1,1,1,1,1,1,2,2,1,1,1,1,1,1,1,1,1,1,2,2,1,1,2,2,1,1,2,2,2,1,2,2,2,2
"M145622",1,1,1,1,1,1,1,2,1,1,1,1,1,1,1,1,1,2,1,2,2,2,2,2,1,1,2,2,1,1,2,2,2,2,2,2,1,1,1,1,1,1,1,2,1,1,1,1,1,1,1,1,1,1,2,2,1,1,2,2,1,1,2,2,2,1,2,2,2,2
"M145623",1,1,1,1,1,1,1,2,1,1,1,1,1,2,1,1,2,2,2,2,2,2,2,2,1,1,2,2,1,1,2,2,2,2,2,2,1,1,1,1,1,1,2,2,1,1,1,1,1,1,1,1,1,1,2,2,1,1,2,2,1,1,2,2,2,1,2,2,2,2
"M145624",1,1,1,1,1,1,1,1,1,1,1,1,1,1,1,1,1,2,1,2,1,2,2,2,1,1,1,2,1,1,1,2,2,1,1,2,1,1,1,1,1,1,2,2,1,1,1,1,1,1,1,1,1,1,2,2,1,1,2,2,1,1,3,2,2,1,2,2,2,2
"M145625",1,1,1,1,1,1,1,1,1,1,1,2,1,2,1,1,2,2,2,2,1,2,2,2,1,1,1,2,1,1,1,2,2,1,1,2,1,1,1,1,1,1,2,2,1,1,1,1,1,1,1,1,1,1,2,2,1,1,2,2,1,1,3,2,2,2,2,2,2,2
"M145626",1,1,1,1,1,1,1,2,1,1,1,2,1,2,1,1,1,2,1,1,1,1,1,1,1,1,1,1,1,1,1,1,1,1,1,1,1,1,1,1,1,1,1,2,1,1,1,1,1,1,1,1,1,1,2,2,1,1,2,2,1,1,1,2,1,1,2,2,2,2
"M145627",1,1,1,1,1,1,1,2,1,1,1,1,1,1,1,1,1,2,1,1,1,2,1,2,1,1,1,2,1,1,1,2,2,1,1,2,1,1,1,1,1,1,2,2,1,1,1,1,1,1,1,1,1,1,2,2,1,1,2,2,1,1,1,2,2,2,2,2,2,2
"M145628",1,1,1,1,1,1,1,1,1,1,1,2,1,2,1,1,2,2,0,0,1,1,1,1,1,1,1,1,1,1,1,1,1,1,1,1,1,1,1,1,1,1,2,2,1,1,1,1,1,1,1,1,1,1,2,2,1,1,2,2,1,1,3,3,2,1,2,2,2,2
"M145629",1,1,1,1,1,1,1,1,1,1,1,2,1,1,1,1,1,2,1,1,1,2,1,2,1,1,1,2,1,1,1,2,2,1,1,2,1,1,1,1,1,1,2,2,1,1,1,1,1,1,1,1,1,1,2,2,1,1,2,2,1,2,3,3,1,1,2,2,2,2
"M145630",1,1,1,1,1,1,1,2,1,1,1,1,1,2,1,1,1,1,1,1,2,2,2,2,1,1,2,2,1,1,2,2,2,2,2,2,1,1,1,1,1,1,2,2,1,1,1,1,1,1,1,1,1,1,2,2,1,1,2,2,1,1,3,2,2,1,2,2,2,2
"M145631",1,1,1,1,1,1,1,1,1,1,1,1,1,2,1,1,2,2,1,2,1,2,1,2,1,1,1,2,1,1,1,2,2,1,1,2,1,1,1,1,1,1,2,2,1,1,1,1,1,1,1,1,1,1,2,2,1,1,2,2,1,1,1,2,2,2,2,2,2,2
"M145632",1,1,1,1,1,1,1,2,1,1,1,2,1,1,1,1,2,2,2,2,1,2,1,2,1,1,1,2,1,1,1,2,2,1,1,2,1,1,1,1,1,1,2,2,1,1,1,1,1,1,1,1,1,1,2,2,1,1,2,2,1,2,3,2,2,1,2,2,2,2
"M145633",1,1,1,1,1,1,1,2,1,1,1,1,1,1,1,1,1,1,2,2,2,2,2,2,1,1,2,2,1,1,2,2,2,2,2,2,1,1,1,1,1,1,1,2,1,1,1,1,1,1,1,1,1,1,2,2,1,1,2,2,1,1,1,3,2,1,2,2,2,2
"M145634",1,1,1,1,1,1,1,2,1,1,1,2,1,1,1,1,1,2,0,0,1,2,1,1,1,1,1,1,1,1,1,2,1,1,1,1,1,1,1,1,1,1,2,2,1,1,1,1,1,1,1,1,1,1,2,2,1,1,2,2,1,2,0,0,2,1,2,2,2,2
"M145635",1,1,1,1,1,1,1,1,1,1,1,1,1,1,1,1,1,2,1,1,2,2,2,2,1,1,2,2,1,1,2,2,2,2,2,2,1,1,1,1,1,1,2,2,1,1,1,1,1,1,1,1,1,1,2,2,1,1,2,2,1,1,2,2,2,1,2,2,2,2
"M145636",1,2,1,2,1,2,1,2,1,2,1,1,1,1,1,1,2,2,1,2,1,2,2,2,1,1,1,2,1,1,1,2,2,1,1,2,1,1,1,1,1,1,2,2,1,1,1,1,1,1,1,1,1,1,2,2,1,1,2,2,1,2,2,2,2,2,2,2,2,2
"M145637",1,1,1,1,1,1,1,2,1,1,1,2,2,2,1,1,1,2,1,2,2,2,2,2,1,1,2,2,1,1,2,2,2,2,2,2,1,1,1,1,1,1,2,2,1,1,1,1,1,1,1,1,1,1,2,2,1,1,2,2,1,1,2,2,2,1,2,2,2,2
"M145638",1,1,1,1,1,1,1,2,1,1,1,2,1,1,1,1,2,2,1,2,1,1,1,1,1,1,1,1,1,1,1,1,1,1,1,1,1,1,1,1,1,1,2,2,1,1,1,1,1,1,1,1,1,1,2,2,1,1,2,2,1,1,4,3,2,1,2,2,2,2
"M145639",1,1,1,1,1,1,1,1,1,1,1,2,1,2,1,1,2,2,1,2,1,2,1,2,1,1,1,2,1,1,1,2,2,1,1,2,1,1,1,1,1,1,2,2,1,1,1,1,1,1,1,1,1,1,2,2,1,1,2,2,1,1,2,2,2,1,2,2,2,2
"M145640",1,1,1,1,1,1,1,1,1,1,2,2,1,1,1,1,1,2,1,2,1,2,1,2,1,1,1,2,1,1,1,2,2,1,1,2,1,1,1,1,1,1,2,2,1,1,1,1,1,1,1,1,1,1,2,2,1,1,2,2,1,1,1,2,2,2,2,2,2,2
"M145641",1,1,1,1,1,1,2,2,1,1,1,2,1,2,1,1,1,2,1,2,2,2,2,2,1,1,2,2,1,1,2,2,2,2,2,2,1,1,1,1,1,1,1,2,1,1,1,1,1,1,1,1,1,1,2,2,1,1,2,2,1,1,3,2,1,1,2,2,2,2
"M145642",1,1,1,1,1,1,1,2,1,1,1,1,1,2,1,1,2,2,2,2,2,2,2,2,1,1,2,2,1,1,2,2,2,2,2,2,1,1,1,1,1,1,2,2,1,1,1,1,1,1,1,1,1,1,2,2,1,1,2,2,1,1,3,2,2,2,2,2,2,2
"M145643",1,1,1,1,1,1,1,1,1,1,1,1,1,1,1,1,1,2,1,1,1,2,1,2,1,1,1,2,1,1,1,2,2,1,1,2,1,1,1,1,1,1,2,2,1,1,1,1,1,1,1,1,0,0,2,2,1,1,2,2,1,1,3,2,2,1,2,2,2,2
"M145644",1,1,1,1,1,1,1,1,1,1,2,2,2,2,1,1,2,2,2,2,2,2,2,2,1,1,2,2,1,1,2,2,2,2,2,2,1,1,1,1,1,1,2,2,1,1,1,1,1,1,1,1,1,1,2,2,1,1,2,2,1,1,2,2,1,1,2,2,2,2
"M145645",1,1,1,1,1,1,1,1,1,1,1,2,1,2,1,1,2,2,2,2,2,2,2,2,1,1,2,2,1,1,2,2,2,2,2,2,1,1,1,1,1,1,2,2,1,1,1,1,1,1,1,1,1,1,2,2,1,1,2,2,1,1,1,2,2,2,2,2,2,2
"M145646",1,1,1,1,1,1,1,1,1,1,1,2,1,1,1,1,2,2,2,2,1,2,1,2,1,1,1,2,1,1,2,2,2,1,1,2,1,1,1,1,1,1,2,2,1,1,1,1,1,1,1,1,1,1,2,2,1,1,2,2,1,1,1,3,1,1,2,2,2,2
"M145647",1,1,1,1,1,1,1,1,1,1,1,2,1,1,1,1,1,1,1,1,2,2,2,2,1,1,2,2,1,1,2,2,2,2,2,2,1,1,1,1,1,1,2,2,1,1,1,1,1,1,1,1,1,1,2,2,1,1,2,2,1,1,3,3,2,2,2,2,2,2
"M145648",1,1,1,1,1,1,1,2,1,1,1,1,1,1,1,1,2,2,1,2,1,2,1,2,1,1,1,2,1,1,1,2,2,1,1,2,1,1,1,1,1,1,2,2,1,1,1,1,1,1,1,1,1,1,2,2,1,1,2,2,1,1,2,2,2,1,2,2,2,2
"M145649",1,1,1,1,1,1,1,1,1,1,1,2,1,2,1,1,2,2,1,2,1,2,1,2,1,1,1,2,1,1,1,2,2,1,1,2,1,1,1,1,1,1,2,2,1,1,1,1,1,1,1,1,1,1,2,2,1,1,2,2,1,1,1,2,2,2,2,2,2,2
"M145650",1,1,1,1,1,1,1,1,1,1,1,1,1,1,1,1,1,1,1,2,2,2,1,2,1,1,1,2,1,1,2,2,2,1,1,2,1,1,1,1,1,1,2,2,1,1,1,1,1,1,1,1,1,1,2,2,1,1,2,2,1,1,1,2,1,1,2,2,2,2
"M145651",1,2,1,2,1,2,1,2,1,2,1,1,1,1,1,1,1,2,1,1,1,2,1,2,1,1,1,2,1,1,1,2,2,1,1,2,1,1,1,1,1,1,1,2,1,1,1,1,1,1,1,1,1,1,2,2,1,1,2,2,1,1,3,2,1,1,2,2,2,2
"M145652",1,2,1,2,1,2,2,2,1,2,2,2,1,2,1,1,1,2,2,2,1,1,1,1,1,1,1,1,1,1,2,2,1,1,1,1,1,1,1,1,1,1,2,2,1,1,1,1,1,1,1,1,1,1,2,2,1,1,2,2,1,1,3,2,2,1,2,2,2,2
"M145653",1,2,1,2,1,2,1,2,1,2,1,2,1,2,1,1,1,2,1,1,1,2,1,2,1,1,1,2,1,1,1,2,2,1,1,2,1,1,1,1,1,1,2,2,1,1,1,1,1,1,1,1,1,1,2,2,1,1,2,2,1,1,1,2,1,1,2,2,2,2
"M145654",1,1,1,1,1,1,2,2,1,1,1,1,1,2,1,1,2,2,1,2,1,2,1,2,1,1,1,2,1,1,1,2,2,1,1,2,1,1,1,1,1,1,2,2,1,1,1,1,1,1,1,1,1,1,2,2,1,1,2,2,1,1,2,2,2,1,2,2,2,2
"M145655",1,1,1,1,1,1,1,1,1,1,1,1,1,2,1,1,1,1,1,1,2,2,2,2,1,1,2,2,1,1,2,2,2,2,2,2,1,1,1,1,1,1,1,2,1,1,1,1,1,1,1,1,1,1,2,2,1,1,2,2,1,2,2,2,1,1,2,2,2,2
"M145656",1,1,1,1,1,1,2,2,1,1,1,2,1,2,1,1,1,1,1,1,1,2,1,2,1,1,1,2,1,1,1,2,2,1,1,2,1,1,1,1,1,1,2,2,1,1,1,1,1,1,1,1,1,1,2,2,1,1,2,2,1,2,3,2,2,1,2,2,2,2
"M145657",1,1,1,1,1,1,1,1,1,1,1,1,1,2,1,1,2,2,2,2,2,2,2,2,1,1,2,2,1,1,2,2,2,2,2,2,1,1,1,1,1,1,2,2,1,1,1,1,1,1,1,1,1,1,2,2,1,1,2,2,1,2,3,2,1,1,2,2,2,2
"M145658",1,1,1,1,1,1,1,2,1,1,1,1,1,1,1,1,1,2,1,2,2,2,2,2,1,1,2,2,1,1,2,2,2,2,2,2,1,1,1,1,1,1,2,2,1,1,1,1,1,1,1,1,1,1,2,2,1,1,2,2,1,1,2,2,2,1,2,2,2,2
"M145659",1,2,1,2,1,2,1,2,1,2,1,2,2,2,1,1,1,1,1,1,1,2,1,2,1,1,1,2,1,1,1,2,2,1,1,2,1,1,1,1,1,1,2,2,1,1,1,1,1,1,1,1,1,1,2,2,1,1,2,2,1,1,4,3,1,1,2,2,2,2
"M145660",1,1,1,1,1,1,1,2,1,1,1,1,1,2,1,1,2,2,1,2,1,2,1,2,1,1,1,2,1,1,1,2,2,1,1,2,1,1,1,1,1,1,1,2,1,1,1,1,1,1,1,1,1,1,2,2,1,1,2,2,1,1,3,2,1,1,2,2,2,2
"M145661",1,1,1,1,1,1,1,2,1,1,1,2,1,1,1,1,1,2,1,2,1,2,1,2,1,1,1,2,1,1,1,2,2,1,1,2,1,1,1,1,1,1,2,2,1,1,1,1,1,1,1,1,1,1,2,2,1,1,2,2,1,2,2,2,2,1,2,2,2,2
"M145662",1,1,1,1,1,1,1,1,1,1,1,2,1,2,1,1,2,2,2,2,1,2,2,2,1,1,1,2,1,1,1,2,2,1,1,2,1,1,1,1,1,1,2,2,1,1,1,1,1,1,1,1,1,1,2,2,1,1,2,2,1,1,2,2,1,1,2,2,2,2
"M145663",1,2,1,2,1,2,1,2,1,2,1,1,1,1,1,1,1,1,1,1,2,2,2,2,1,1,2,2,1,1,2,2,2,2,2,2,1,1,1,1,1,1,2,2,1,1,1,1,1,1,1,1,1,1,2,2,1,1,2,2,1,2,4,4,1,1,2,2,2,2
"M145664",1,1,1,1,1,1,1,1,1,1,1,1,1,2,1,1,1,2,1,2,2,2,2,2,1,1,2,2,1,1,2,2,2,2,2,2,1,1,1,1,1,1,2,2,1,1,1,1,1,1,1,1,1,1,2,2,1,1,2,2,1,1,3,2,2,1,2,2,2,2
"M145665",1,1,1,1,1,1,2,2,1,1,1,2,1,1,1,1,1,2,1,2,1,2,1,2,1,1,1,2,1,1,1,2,2,1,1,2,1,1,1,1,1,1,1,2,1,1,1,1,1,1,1,1,1,1,2,2,1,1,2,2,1,1,3,2,2,1,2,2,2,2
"M145666",1,1,1,1,1,1,1,1,1,1,2,2,1,1,1,1,2,2,2,2,2,2,2,2,1,1,2,2,1,1,2,2,2,2,2,2,1,1,1,1,1,1,1,2,1,1,1,1,1,1,1,1,1,1,2,2,1,1,2,2,1,1,3,2,1,1,2,2,2,2
"M145667",1,1,1,1,1,1,1,2,1,1,1,1,1,1,1,1,1,2,1,2,1,2,2,2,1,1,1,2,1,1,1,2,2,1,1,2,1,1,1,1,1,1,2,2,1,1,1,1,1,1,1,1,1,1,2,2,1,1,2,2,1,2,3,2,2,1,2,2,2,2
"M145668",1,1,1,1,1,1,1,1,1,1,1,1,1,2,1,1,1,1,1,1,1,2,2,2,1,1,1,2,1,1,1,2,2,1,1,2,1,1,1,1,1,1,2,2,1,1,1,1,1,1,1,1,1,1,2,2,1,1,2,2,1,1,2,2,2,2,2,2,2,2
"M145669",1,1,1,1,1,1,1,1,1,1,1,1,1,1,1,1,1,1,1,1,1,2,1,2,1,1,1,2,1,1,1,2,2,1,1,2,1,1,1,1,1,1,2,2,1,1,1,1,1,1,1,1,1,1,2,2,1,1,2,2,1,1,2,2,2,1,2,2,2,2
"M145670",1,1,1,1,1,1,1,1,1,1,1,1,1,1,1,1,1,2,1,2,1,2,2,2,1,1,1,2,1,1,1,2,2,1,1,2,1,1,1,1,1,1,2,2,1,1,1,1,1,1,1,1,1,1,2,2,1,1,2,2,1,1,2,2,2,2,2,2,2,2
"M145671",1,1,1,1,1,1,1,2,1,1,1,1,1,1,1,1,1,2,1,2,1,2,2,2,1,1,1,2,1,1,1,2,2,1,1,2,1,1,1,1,1,1,2,2,1,1,1,1,1,1,1,1,1,1,2,2,1,1,2,2,1,1,2,2,2,1,2,2,2,2
"M145672",1,1,1,1,1,1,1,1,1,1,2,2,1,2,1,1,1,1,1,2,2,2,2,2,1,1,2,2,1,1,2,2,2,2,2,2,1,1,1,1,1,1,2,2,1,1,1,1,1,1,1,1,1,1,2,2,1,1,2,2,1,1,2,2,2,2,2,2,2,2
"M145673",1,1,1,1,1,1,1,2,1,1,1,2,1,1,1,1,2,2,2,2,1,1,1,1,1,1,1,1,1,1,1,1,1,1,1,1,1,1,1,1,1,1,2,2,1,1,1,1,1,1,1,1,1,1,2,2,1,1,2,2,1,2,2,2,2,1,2,2,2,2
"M145674",1,1,1,1,1,1,1,1,1,1,1,2,1,1,1,1,2,2,1,2,1,2,1,2,1,1,1,2,1,1,1,2,2,1,1,2,1,1,1,1,1,1,2,2,1,1,1,1,1,1,1,1,1,1,2,2,1,1,2,2,1,1,2,2,2,1,2,2,2,2
"M145675",1,1,1,1,1,1,1,2,1,1,1,2,2,2,1,1,1,2,1,2,2,2,2,2,1,1,2,2,1,1,2,2,2,2,2,2,1,1,1,1,1,1,2,2,1,1,1,1,1,1,1,1,1,1,2,2,1,1,2,2,1,1,2,2,2,1,2,2,2,2
"M145676",1,1,1,1,1,1,1,1,1,1,1,2,1,1,1,1,1,2,1,1,1,2,1,2,1,1,1,2,1,1,1,2,2,1,1,2,1,1,1,1,1,1,2,2,1,1,1,1,1,1,1,1,1,1,2,2,1,1,2,2,1,1,1,2,2,1,2,2,2,2
"M145677",1,1,1,1,1,1,1,1,1,1,1,2,1,2,1,1,1,1,1,2,1,2,1,2,1,1,1,2,1,1,1,2,2,1,1,2,1,1,1,1,1,1,2,2,1,1,1,1,1,1,1,1,1,1,2,2,1,1,2,2,1,1,2,2,2,1,2,2,2,2
"M145678",1,1,1,1,1,1,1,2,1,1,1,2,1,1,1,1,2,2,2,2,1,1,1,1,1,1,1,1,1,1,1,2,1,1,1,1,1,1,1,1,1,1,2,2,1,1,1,1,1,1,1,1,1,1,2,2,1,1,2,2,1,1,2,2,2,2,2,2,2,2
"M145679",1,1,1,1,1,1,1,1,1,1,1,1,1,1,1,1,1,2,1,1,1,2,1,1,1,1,1,1,1,1,1,2,1,1,1,1,1,1,1,1,1,1,2,2,1,1,1,1,1,1,1,1,1,1,2,2,1,1,2,2,1,1,2,2,1,1,2,2,2,2
"M145680",1,1,1,1,1,1,2,2,1,1,1,1,1,1,1,1,1,2,1,1,1,2,1,2,1,1,1,2,1,1,1,2,2,1,1,2,1,1,1,1,1,1,2,2,1,1,1,1,1,1,1,1,1,1,2,2,1,1,2,2,1,1,2,2,2,2,2,2,2,2
"M145681",1,1,1,1,1,1,1,2,1,1,1,2,1,1,1,1,1,2,1,2,1,2,1,2,1,1,1,2,1,1,1,2,2,1,1,2,1,1,1,1,1,1,2,2,1,1,1,1,1,1,1,1,1,1,2,2,1,1,2,2,1,1,2,2,2,2,2,2,2,2
"M145682",1,1,1,1,1,1,1,1,1,1,1,2,1,2,1,1,2,2,1,2,1,2,1,2,1,1,1,2,1,1,1,2,2,1,1,2,1,1,1,1,1,1,2,2,1,1,1,1,1,1,1,1,1,1,2,2,1,1,2,2,1,1,1,2,2,1,2,2,2,2
"M145683",1,2,1,2,1,2,1,2,1,2,1,2,1,1,1,1,1,1,1,1,1,1,1,1,1,1,1,1,1,1,1,2,1,1,1,1,1,1,1,1,1,1,2,2,1,1,1,1,1,1,1,1,1,1,2,2,1,1,2,2,1,1,1,2,2,2,2,2,2,2
"M145684",1,1,1,1,1,1,1,1,1,1,1,2,1,2,1,1,1,2,1,2,1,1,1,1,1,1,1,1,1,1,1,1,1,1,1,1,1,1,1,1,1,1,1,2,1,1,1,1,1,1,1,1,1,1,2,2,1,1,2,2,1,1,1,2,2,1,2,2,2,2
"M145685",1,1,1,1,1,1,1,1,1,1,1,2,1,1,1,1,2,2,2,2,1,2,1,2,1,1,1,2,1,1,1,2,2,1,1,2,1,1,1,1,1,1,2,2,1,1,1,1,1,1,1,1,1,1,2,2,1,1,2,2,1,1,1,1,2,2,2,2,2,2
"M145686",1,1,1,1,1,1,1,1,1,1,1,1,2,2,1,1,1,2,1,1,1,1,1,1,1,1,1,1,1,1,1,1,1,1,1,1,1,1,1,1,1,1,2,2,1,1,1,1,1,1,1,1,1,2,1,2,1,3,3,2,1,1,1,2,2,2,2,2,2,2
"M145687",1,1,1,1,1,1,1,1,1,1,1,1,1,1,1,1,1,1,1,2,2,2,1,2,1,1,1,2,1,1,2,2,2,1,1,2,1,1,1,1,1,1,2,2,1,1,1,1,1,1,1,1,1,1,2,2,1,1,2,2,1,1,1,2,1,1,2,2,2,2
"M145688",1,1,1,1,1,1,1,2,1,1,1,2,1,1,1,1,2,2,2,2,2,2,2,2,1,1,2,2,1,1,2,2,2,2,2,2,1,1,1,1,1,1,2,2,1,1,1,1,1,1,1,1,1,1,2,2,1,1,2,2,1,1,2,2,2,2,2,2,2,2
"M145689",1,1,1,1,1,1,1,1,1,1,2,2,1,2,1,1,2,2,2,2,2,2,2,2,1,1,2,2,1,1,2,2,2,2,2,2,1,1,1,1,1,1,2,2,1,1,1,1,1,1,1,1,1,1,2,2,1,1,2,2,1,1,2,2,2,1,2,2,2,2
"M145690",1,1,1,1,1,1,1,1,1,1,1,2,1,2,1,1,1,2,1,1,1,2,1,2,1,1,1,2,1,1,1,2,2,1,1,2,1,1,1,1,1,1,1,2,1,1,1,1,1,1,1,1,1,1,2,2,1,1,2,2,1,1,3,2,2,1,2,2,2,2
"M145691",1,1,1,1,1,1,1,2,1,1,1,2,1,2,1,1,2,2,1,2,1,2,1,2,1,1,1,2,1,1,1,2,2,1,1,2,1,1,1,1,1,1,2,2,1,1,1,1,1,1,1,1,1,1,2,2,1,1,2,2,1,1,1,1,1,1,2,2,2,2
"M145692",1,1,1,1,1,1,1,2,1,1,1,2,1,1,1,1,1,2,1,2,1,2,2,2,1,1,1,2,1,1,1,2,2,1,1,2,1,1,1,1,1,1,2,2,1,1,1,1,1,1,1,1,1,1,2,2,1,1,2,2,1,1,2,2,2,2,2,2,2,2
"M145693",1,1,1,1,1,1,1,1,1,1,1,1,1,1,1,1,1,2,1,2,1,2,1,2,1,1,1,2,1,1,1,2,2,1,1,2,1,1,1,1,1,1,2,2,1,1,1,1,1,1,1,1,1,1,2,2,1,1,2,2,1,1,3,2,1,1,2,2,2,2
"M145694",1,1,1,1,1,1,1,2,1,1,2,2,1,1,1,1,1,2,1,1,1,1,1,1,1,1,1,1,1,1,1,1,1,1,1,1,1,1,1,1,1,1,2,2,1,1,1,1,1,1,1,1,1,1,2,2,1,1,2,2,1,1,3,2,2,1,2,2,2,2
"M145695",1,1,1,1,1,1,1,2,1,1,1,1,1,1,1,1,1,2,1,2,1,1,1,1,1,1,1,1,1,1,2,2,1,1,1,1,1,1,1,1,1,1,2,2,1,1,1,1,1,1,1,1,1,1,2,2,1,1,2,2,1,1,2,2,2,1,2,2,2,2
"M145696",1,2,1,2,1,2,1,2,1,2,2,2,1,1,1,1,1,2,1,2,1,1,1,1,1,1,1,1,1,1,1,2,1,1,1,1,1,1,1,1,1,1,2,2,1,1,1,1,1,1,1,1,1,1,2,2,1,1,2,2,1,2,4,2,2,1,2,2,2,2
"M145697",1,2,1,2,1,2,1,2,1,2,1,2,1,1,1,1,2,2,2,2,1,2,1,2,1,1,1,2,1,1,2,2,2,1,1,2,1,1,1,1,1,1,2,2,1,1,1,1,1,1,1,1,1,1,2,2,1,1,2,2,1,1,2,2,2,1,2,2,2,2
"M145698",1,1,1,1,1,1,1,1,1,1,2,2,1,1,1,1,1,1,1,1,1,1,1,1,1,1,1,1,1,1,1,1,1,1,1,1,1,1,1,1,1,1,2,2,1,1,1,1,1,1,1,1,1,1,2,2,1,1,2,2,1,1,2,2,1,1,2,2,2,2
"M145699",1,1,1,1,1,1,1,1,1,1,2,2,1,1,1,1,1,2,1,2,2,2,2,2,1,1,2,2,1,1,2,2,2,2,2,2,1,1,1,1,1,1,2,2,1,1,1,1,1,1,1,1,1,1,2,2,1,1,2,2,1,1,2,2,2,1,2,2,2,2
"M145700",1,1,1,1,1,1,1,2,1,1,1,2,1,1,1,1,1,1,1,1,1,2,1,2,1,1,1,2,1,1,1,2,2,1,1,2,1,1,1,1,1,1,2,2,1,1,1,1,1,1,1,1,1,1,2,2,1,1,2,2,1,1,2,2,2,1,2,2,2,2
"M145701",1,2,1,2,1,2,1,2,1,2,1,2,1,1,1,1,1,2,1,2,1,1,1,1,1,1,1,1,1,1,1,2,1,1,1,1,1,1,1,1,1,1,1,2,1,1,1,1,1,1,1,1,1,1,2,2,1,1,2,2,1,1,2,2,2,1,2,2,2,2
"M145702",1,2,1,2,1,2,1,2,1,2,1,2,1,1,1,1,1,2,1,1,1,2,1,2,1,1,1,2,1,1,1,2,2,1,1,2,1,1,1,1,1,1,2,2,1,1,1,1,1,1,1,1,1,1,2,2,1,1,2,2,1,1,4,2,2,1,2,2,2,2
"M145703",1,1,1,1,1,1,1,1,1,1,1,2,1,1,1,1,1,1,1,1,1,1,1,1,1,1,1,1,1,1,1,1,1,1,1,1,1,1,1,1,1,1,2,2,1,1,1,1,1,1,1,1,1,1,2,2,1,1,2,2,1,1,4,3,2,1,2,2,2,2
"M145704",1,1,1,1,1,1,1,1,1,1,1,1,1,1,1,1,2,2,2,2,2,2,2,2,1,1,2,2,1,1,2,2,2,2,2,2,1,1,1,1,1,1,2,2,1,1,1,1,1,1,1,1,1,1,2,2,1,1,2,2,1,1,2,2,2,2,2,2,2,2
"M145705",1,2,1,2,1,2,1,2,1,2,1,2,1,1,1,1,1,1,1,1,1,1,1,1,1,1,1,1,1,1,1,1,1,1,1,1,1,1,1,1,1,1,2,2,1,1,1,1,1,1,1,1,1,1,2,2,1,1,2,2,1,1,2,2,1,1,2,2,2,2
"M145706",1,2,1,2,1,2,1,2,1,2,1,2,1,1,1,1,1,2,1,1,1,2,1,2,1,1,1,2,1,1,1,2,2,1,1,2,1,1,1,1,1,1,2,2,1,1,1,1,1,1,1,1,1,1,2,2,1,1,2,2,1,1,4,2,2,1,2,2,2,2
"M145707",1,1,1,1,1,1,1,2,1,1,1,2,1,1,1,1,1,2,1,2,1,1,1,1,1,1,1,1,1,1,1,2,1,1,1,1,1,1,1,1,1,1,2,2,1,1,1,1,1,1,1,1,1,1,2,2,1,1,2,2,1,1,2,2,2,1,2,2,2,2
"M145708",1,1,1,1,1,1,1,1,1,1,1,1,1,1,1,1,1,2,1,1,1,1,1,1,1,1,1,1,1,1,1,1,1,1,1,1,1,1,1,1,1,1,2,2,1,1,1,1,1,1,1,1,1,1,2,2,1,1,2,2,1,1,3,2,2,1,2,2,2,2
"M145709",1,2,1,2,1,2,2,2,1,2,1,1,1,1,1,1,1,2,1,1,1,1,1,1,1,1,1,1,1,1,1,1,1,1,1,1,1,1,1,1,1,1,2,2,1,1,1,1,1,1,1,1,1,1,2,2,1,1,2,2,1,1,4,2,2,1,2,2,2,2
"M145710",1,1,1,1,1,1,1,1,1,1,1,2,1,1,1,1,1,1,1,1,1,2,1,2,1,1,1,2,1,1,1,2,2,1,1,2,1,1,1,1,1,1,2,2,1,1,1,1,1,1,1,1,1,1,2,2,1,1,2,2,1,1,2,2,1,1,2,2,2,2
"M145711",1,2,1,2,1,2,1,2,1,2,2,2,1,1,1,1,1,1,1,1,1,2,1,2,1,1,1,2,1,1,1,2,2,1,1,2,1,1,1,1,1,1,2,2,1,1,1,1,1,1,1,1,1,1,2,2,1,1,2,2,1,1,4,2,2,1,2,2,2,2
"M145712",1,1,1,1,1,1,1,1,1,1,1,1,1,2,1,1,1,2,1,1,1,2,1,2,1,1,1,2,1,1,1,2,2,1,1,2,1,1,1,1,1,1,2,2,1,1,1,1,1,1,1,1,1,1,2,2,1,1,2,2,1,1,1,2,2,1,2,2,2,2
"M145713",1,1,1,1,1,1,1,1,1,1,1,2,1,1,1,1,1,2,1,2,1,1,1,1,1,1,1,1,1,1,1,2,1,1,1,1,1,1,1,1,1,1,2,2,1,1,1,1,1,1,1,1,1,1,2,2,1,1,2,2,1,1,4,3,2,1,2,2,2,2
"M145714",1,1,1,1,1,1,1,1,1,1,2,2,1,1,1,1,1,1,1,1,1,1,1,1,1,1,1,1,1,1,1,1,1,1,1,1,1,1,1,1,1,1,2,2,1,1,1,1,1,1,1,1,1,1,2,2,1,1,2,2,1,1,4,2,2,2,2,2,2,2
"M145715",1,1,1,1,1,1,1,1,1,1,1,2,1,1,1,1,1,2,1,2,1,1,1,1,1,1,1,1,1,1,2,2,1,1,1,1,1,1,1,1,1,1,2,2,1,1,1,1,1,1,1,1,1,1,2,2,1,1,2,2,1,1,4,2,2,2,2,2,2,2
"M145716",1,2,1,2,1,2,1,2,1,2,1,1,1,1,1,1,1,1,1,1,1,1,1,1,1,1,1,1,1,1,1,1,1,1,1,1,1,1,1,1,1,1,2,2,1,1,1,1,1,1,1,1,1,1,2,2,1,1,2,2,1,1,4,2,2,2,2,2,2,2
"M145717",1,1,1,1,1,1,1,1,1,1,2,2,1,1,1,1,2,2,1,2,1,2,1,2,1,1,1,2,1,1,1,2,2,1,1,2,1,1,1,1,1,1,2,2,1,1,1,1,1,1,1,1,1,1,2,2,1,1,2,2,1,1,3,3,2,2,2,2,2,2
"M145718",1,2,1,2,1,2,1,2,1,2,1,2,1,1,1,1,1,2,1,1,1,2,1,2,1,1,1,2,1,1,1,2,2,1,1,2,1,1,1,1,1,1,2,2,1,1,1,1,1,1,1,1,1,1,2,2,1,1,2,2,1,1,4,2,2,1,2,2,2,2
"M145719",1,1,1,1,1,1,1,1,1,1,1,1,1,1,1,1,1,1,1,1,1,2,1,2,1,1,2,2,1,1,1,2,2,1,1,2,1,1,1,1,1,1,2,2,1,1,1,1,1,1,1,1,1,1,2,2,1,1,2,2,1,1,4,2,2,1,2,2,2,2
"M145720",1,1,1,1,1,1,1,1,1,1,1,2,1,1,1,1,1,2,1,2,2,2,2,2,1,1,2,2,1,1,2,2,2,2,2,2,1,1,1,1,1,1,2,2,1,1,1,1,1,1,1,1,1,1,2,2,1,1,2,2,1,1,1,2,2,1,2,2,2,2
"M145721",1,1,1,1,1,1,1,1,1,1,1,1,1,2,1,1,1,1,1,1,1,1,1,1,1,1,1,1,1,1,1,2,1,1,1,1,1,1,1,1,1,1,2,2,1,1,1,1,1,1,1,1,1,1,2,2,1,1,2,2,1,1,1,2,2,2,2,2,2,2
"M145722",1,1,1,1,1,1,1,1,1,1,1,1,1,1,1,1,1,2,1,2,1,1,1,1,1,1,1,1,1,1,2,2,1,1,1,1,1,1,1,1,1,1,2,2,1,1,1,1,1,1,1,1,1,1,2,2,1,1,2,2,1,1,2,2,1,1,2,2,2,2
"M145723",1,1,1,1,1,1,1,1,1,1,1,1,1,1,1,1,1,2,0,0,1,1,1,1,1,1,1,1,1,1,1,2,1,1,1,1,1,1,1,1,1,1,2,2,1,1,1,1,1,1,1,1,1,1,2,2,1,1,2,2,0,0,2,2,1,1,2,2,2,2
"M145724",1,1,1,1,1,1,1,1,1,1,1,1,1,1,1,1,1,2,1,1,1,1,1,1,1,1,1,1,1,1,1,1,1,1,1,1,1,1,1,1,1,1,2,2,1,1,1,1,1,1,1,1,1,1,2,2,1,1,2,2,1,1,2,2,2,1,2,2,2,2
"M145725",1,1,1,1,1,1,1,1,1,1,2,2,1,1,1,1,1,1,1,1,1,1,1,1,1,1,1,1,1,1,1,1,1,1,1,1,1,1,1,1,1,1,2,2,1,1,1,1,1,1,1,1,1,1,2,2,1,1,2,2,1,1,3,2,2,1,2,2,2,2
"M145726",1,1,1,1,1,1,1,1,1,1,1,2,1,1,1,1,1,1,1,1,1,1,1,1,1,1,1,1,1,1,1,2,1,1,1,1,1,1,1,1,1,1,2,2,1,1,1,1,1,1,1,1,1,1,2,2,1,1,2,2,1,1,4,2,2,1,2,2,2,2
"M145727",1,1,1,1,1,1,1,1,1,1,1,1,1,1,1,1,2,2,2,2,1,2,1,2,1,1,2,2,1,1,2,2,2,1,1,2,1,1,1,1,1,1,2,2,1,1,1,1,1,1,1,1,1,1,2,2,1,1,2,2,1,1,2,2,2,2,2,2,2,2
"M145728",1,2,1,2,1,2,1,2,1,2,1,2,1,2,1,1,1,2,1,1,1,1,1,1,1,1,1,1,1,1,1,1,1,1,1,1,1,1,1,1,1,1,2,2,1,1,1,1,1,1,1,1,1,1,2,2,1,1,2,2,1,2,4,2,2,2,2,2,2,2
"M145729",1,1,1,1,1,1,1,1,1,1,1,2,1,1,1,1,1,2,1,1,1,2,1,2,1,1,1,2,1,1,2,2,2,1,1,2,1,1,1,1,1,1,2,2,1,1,1,1,1,1,1,1,1,1,2,2,1,1,2,2,1,1,4,4,2,2,2,2,2,2
"M145730",1,1,1,1,1,1,1,1,1,1,1,2,1,1,1,1,1,1,1,1,1,2,1,2,1,1,1,2,1,1,2,2,2,1,1,2,1,1,1,1,1,1,2,2,1,1,1,1,1,1,1,1,1,1,2,2,1,1,2,2,1,1,3,2,2,2,2,2,2,2
"M145731",1,2,1,2,1,2,1,2,1,2,1,2,1,1,1,1,1,1,1,1,1,2,1,2,1,1,1,2,1,1,1,2,2,1,1,2,1,1,1,1,1,1,2,2,1,1,1,1,1,1,1,1,1,1,2,2,1,1,2,2,1,1,2,2,1,1,2,2,2,2
"M145732",1,1,1,1,1,1,1,1,1,1,1,1,1,1,1,1,1,2,1,2,1,1,1,1,1,1,1,1,1,1,2,2,1,1,1,1,1,1,1,1,1,1,2,2,1,1,1,1,1,1,1,1,1,1,2,2,1,1,2,2,1,1,2,2,2,1,2,2,2,2
"M145733",1,1,1,1,1,1,1,1,1,1,1,2,1,1,1,1,1,2,1,1,1,2,1,2,1,1,1,2,1,1,1,2,2,1,1,2,1,1,1,1,1,1,2,2,1,1,1,1,1,1,1,1,1,1,2,2,1,1,2,2,1,1,2,2,2,1,2,2,2,2
"M145734",1,1,1,1,1,1,1,1,1,1,1,2,1,1,1,1,1,1,1,1,1,1,1,1,1,1,1,1,1,1,1,1,1,1,1,1,1,1,1,1,1,1,2,2,1,1,1,1,1,1,1,1,1,1,2,2,1,1,2,2,1,1,2,2,2,1,2,2,2,2
"M145735",1,1,1,1,1,1,1,1,1,1,1,2,1,1,1,1,1,2,1,2,1,1,1,1,1,1,1,1,1,1,1,2,1,1,1,1,1,1,1,1,1,1,2,2,1,1,1,1,1,1,1,1,1,1,2,2,1,1,2,2,1,1,3,2,2,2,2,2,2,2
"M145736",1,2,1,2,1,2,1,2,1,2,2,2,1,1,1,1,1,2,1,1,2,2,2,2,1,1,2,2,1,1,2,2,2,2,2,2,1,1,1,1,1,1,2,2,1,1,1,1,1,1,1,1,1,1,2,2,1,1,2,2,1,1,4,2,2,1,2,2,2,2
"M145737",1,1,1,1,1,1,1,1,1,1,1,2,1,1,1,1,1,2,1,1,1,2,1,2,1,1,1,2,1,1,1,2,2,1,1,2,1,1,1,1,1,1,2,2,1,1,1,1,1,1,1,1,1,1,2,2,1,1,2,2,1,1,2,2,1,1,2,2,2,2
"M145738",1,2,1,2,1,2,1,2,1,2,1,2,1,1,1,1,1,2,1,1,1,2,1,2,1,1,1,2,1,1,1,2,2,1,1,2,1,1,1,1,1,1,2,2,1,1,1,1,1,1,1,1,1,1,2,2,1,1,2,2,1,1,2,2,1,1,2,2,2,2
"M145739",1,1,1,1,1,1,1,1,1,1,1,2,1,2,1,1,1,2,1,1,2,2,2,2,1,1,2,2,1,1,2,2,2,2,2,2,1,1,1,1,1,1,2,2,1,1,1,1,1,1,1,1,1,1,2,2,1,1,2,2,1,2,4,2,2,2,2,2,2,2
"M145740",1,1,1,1,1,1,1,1,1,1,1,1,1,1,1,1,1,2,1,2,1,1,1,1,1,1,1,1,1,1,1,2,1,1,1,1,1,1,1,1,1,1,2,2,1,1,1,1,1,1,1,1,1,1,2,2,1,1,2,2,1,1,2,2,2,1,2,2,2,2
"M145741",1,1,1,1,1,1,1,2,1,1,1,1,1,1,1,1,1,2,1,2,1,1,1,1,1,1,1,1,1,1,1,2,1,1,1,1,1,1,1,1,1,1,2,2,1,1,1,1,1,1,1,1,1,1,2,2,1,1,2,2,1,1,4,2,2,1,2,2,2,2
"M145742",1,2,1,2,1,2,1,2,1,2,1,2,1,1,1,1,1,1,1,1,1,2,1,2,1,1,1,2,1,1,1,2,2,1,1,2,1,1,1,1,1,1,2,2,1,1,1,1,1,1,1,1,1,1,2,2,1,1,2,2,1,1,2,2,2,1,2,2,2,2
"M145743",1,1,1,1,1,1,1,1,1,1,1,2,1,1,1,1,2,2,2,2,1,1,1,1,1,1,1,1,1,1,2,2,1,1,1,1,1,1,1,1,1,1,2,2,1,1,1,1,1,1,1,1,1,1,2,2,1,1,2,2,1,1,3,2,2,1,2,2,2,2
"M145744",1,2,1,2,1,2,1,2,1,2,1,2,1,1,1,1,1,1,1,1,1,2,1,2,1,1,1,2,1,1,1,2,2,1,1,2,1,1,1,1,1,1,2,2,1,1,1,1,1,1,1,1,1,1,2,2,1,1,2,2,1,1,4,2,2,1,2,2,2,2
"M145745",1,2,1,2,1,2,1,2,1,2,1,2,1,1,1,1,1,1,1,1,1,1,1,1,1,1,1,1,1,1,1,2,1,1,1,1,1,1,1,1,1,1,2,2,1,1,1,1,1,1,1,1,1,1,2,2,1,1,2,2,1,1,4,4,2,2,2,2,2,2
"M145746",1,2,1,2,1,2,1,2,1,2,1,2,1,1,1,1,1,2,1,1,1,1,1,1,1,1,1,1,1,1,1,2,1,1,1,1,1,1,1,1,1,1,2,2,1,1,1,1,1,1,1,1,1,1,2,2,1,1,2,2,1,1,2,2,2,1,2,2,2,2
"M145747",1,2,1,2,1,2,1,2,1,2,1,1,1,1,1,1,1,2,2,2,1,1,1,1,1,1,1,1,1,1,1,2,1,1,1,1,1,1,1,1,1,1,2,2,1,1,1,1,1,1,1,1,1,1,2,2,1,1,2,2,1,1,4,3,2,1,2,2,2,2
"M145748",1,2,1,2,1,2,1,2,1,2,1,1,1,1,1,1,1,1,1,1,1,1,1,1,1,1,1,1,1,1,1,1,1,1,1,1,1,1,1,1,1,1,2,2,0,0,1,1,1,1,1,1,0,0,2,2,1,1,2,2,1,1,2,2,2,2,2,2,2,2
"M145749",1,1,1,1,1,1,1,1,1,1,1,1,1,1,1,1,1,1,1,1,1,2,1,2,1,1,1,2,1,1,2,2,2,1,1,2,1,1,1,1,1,1,2,2,1,1,1,1,1,1,1,1,1,1,2,2,1,1,2,2,1,1,4,2,2,1,2,2,2,2
"M145750",1,2,1,2,1,2,1,2,1,2,1,1,1,1,1,1,1,2,1,1,2,2,2,2,1,1,2,2,1,1,2,2,2,2,2,2,1,1,1,1,1,1,2,2,1,1,1,1,1,1,1,1,1,1,2,2,1,1,2,2,1,1,2,2,2,1,2,2,2,2
"M145751",1,2,1,2,1,2,1,2,1,2,1,2,1,1,1,1,1,1,1,1,1,1,1,1,1,1,1,1,1,1,1,1,1,1,1,1,1,1,1,1,1,1,2,2,1,1,1,1,1,1,1,1,1,2,1,2,1,3,3,2,1,1,4,2,2,1,2,2,2,2
"M145752",1,1,1,1,1,1,1,1,1,1,1,1,1,1,1,1,1,1,1,1,1,1,1,1,1,1,1,1,1,1,1,1,1,1,1,1,1,1,1,1,1,1,2,2,1,1,1,1,1,1,1,1,1,1,2,2,1,1,2,2,1,1,4,2,2,1,2,2,2,2
"M145753",1,1,1,1,1,1,1,1,1,1,1,1,1,1,1,1,1,2,1,2,1,1,1,1,1,1,1,1,1,1,1,2,1,1,1,1,1,1,1,1,1,1,2,2,1,1,1,1,1,1,1,1,1,1,2,2,1,1,2,2,1,1,2,2,1,1,2,2,2,2
"M145754",1,1,1,1,1,1,1,1,1,1,1,1,1,2,1,1,1,2,1,2,1,2,1,2,1,1,2,2,1,1,2,2,2,1,1,2,1,1,1,1,1,1,2,2,1,1,1,1,1,1,1,1,1,1,2,2,1,1,2,2,1,1,3,3,2,1,2,2,2,2
"M145755",1,1,1,1,1,1,1,1,1,1,2,2,1,1,1,1,1,1,1,1,1,1,1,1,1,1,1,1,1,1,1,1,1,1,1,1,1,1,1,1,1,1,2,2,1,1,1,1,1,1,1,1,1,1,2,2,1,1,2,2,1,1,4,2,2,2,2,2,2,2
"M145756",1,2,1,2,1,2,1,2,1,2,1,2,1,1,1,1,1,1,1,1,1,1,1,1,1,1,1,1,1,1,1,1,1,1,1,1,1,1,1,1,1,1,2,2,1,1,1,1,1,1,1,1,1,1,2,2,1,1,2,2,1,1,2,2,2,1,2,2,2,2
"M145757",1,1,1,1,1,1,1,1,1,1,2,2,1,1,1,1,1,2,1,2,2,2,2,2,1,1,2,2,1,1,2,2,2,2,2,2,1,1,1,1,1,1,2,2,1,1,1,1,1,1,1,1,1,1,2,2,1,1,2,2,1,1,2,2,2,2,2,2,2,2
"M145758",1,1,1,1,1,1,1,1,1,1,2,2,1,1,1,1,1,1,1,1,1,2,1,2,1,1,1,2,1,1,1,2,2,1,1,2,1,1,1,1,1,1,2,2,1,1,1,1,1,1,1,1,1,1,2,2,1,1,2,2,1,1,2,2,2,1,2,2,2,2
"M145759",1,1,1,1,1,1,1,2,1,1,1,1,1,1,1,1,1,1,1,1,1,2,1,2,1,1,1,2,1,1,1,2,2,1,1,2,1,1,1,1,1,1,2,2,1,1,1,1,1,1,1,1,1,1,2,2,1,1,2,2,1,1,4,2,2,2,2,2,2,2
"M145760",1,1,1,1,1,1,1,1,1,1,2,2,1,1,1,1,1,2,0,0,2,2,2,2,1,1,2,2,1,1,2,2,2,2,2,2,1,1,1,1,1,1,2,2,1,1,1,1,1,1,1,1,1,1,2,2,1,1,2,2,1,1,2,2,0,0,2,2,2,2
"M145761",1,2,1,2,1,2,1,2,1,2,1,1,1,1,1,1,2,2,2,2,1,2,1,2,1,1,1,2,1,1,2,2,2,1,1,2,1,1,1,1,1,1,2,2,1,1,1,1,1,1,1,1,1,1,2,2,1,1,2,2,1,1,2,2,2,1,2,2,2,2
"M145762",1,1,1,1,1,1,1,1,1,1,1,2,1,1,1,1,1,2,1,2,1,2,1,2,1,1,1,2,1,1,2,2,2,1,1,2,1,1,1,1,1,1,2,2,1,1,1,1,1,1,1,1,1,1,2,2,1,1,2,2,1,1,2,2,1,1,2,2,2,2
"M145763",1,2,1,2,1,2,1,2,1,2,1,1,1,1,1,1,1,2,1,1,1,2,1,2,1,1,1,2,1,1,1,2,2,1,1,2,1,1,1,1,1,1,2,2,1,1,1,1,1,1,1,1,1,1,2,2,1,1,2,2,1,1,4,2,2,1,2,2,2,2
"M145764",1,2,1,2,1,2,1,2,1,2,1,2,1,1,1,1,1,1,1,1,1,1,1,1,1,1,1,1,1,1,1,1,1,1,1,1,1,1,1,1,1,1,2,2,1,1,1,1,1,1,1,1,1,1,2,2,1,1,2,2,1,1,4,4,2,2,2,2,2,2
"M145765",1,1,1,1,1,1,1,1,1,1,1,1,1,1,1,1,1,2,1,1,1,1,1,1,1,1,1,1,1,1,1,1,1,1,1,1,1,1,1,1,1,1,2,2,1,1,1,1,1,1,1,1,1,1,2,2,1,1,2,2,1,1,4,2,2,1,2,2,2,2
"M145766",1,1,1,1,1,1,1,2,1,1,1,2,1,1,1,1,2,2,1,2,1,2,1,2,1,1,1,2,1,1,1,2,2,1,1,2,1,1,1,1,1,1,2,2,1,1,1,1,1,1,1,1,1,1,2,2,1,1,2,2,1,1,2,2,1,1,2,2,2,2
"M145767",1,1,1,1,1,1,1,1,1,1,1,1,1,1,1,1,2,2,1,1,1,1,1,1,1,1,1,1,1,1,1,1,1,1,1,1,1,1,1,1,1,1,2,2,1,1,1,1,1,1,1,1,1,1,2,2,1,1,2,2,1,1,3,3,2,2,2,2,2,2
"M145768",1,1,1,1,1,1,1,1,1,1,1,1,1,1,1,1,1,1,1,1,1,1,1,1,1,1,1,1,1,1,1,1,1,1,1,1,1,1,1,1,1,1,2,2,1,1,1,1,1,1,1,1,1,1,2,2,1,1,2,2,1,1,4,2,2,1,2,2,2,2
"M145769",1,1,1,1,1,1,1,1,1,1,1,2,1,1,1,1,2,2,1,2,1,1,1,1,1,1,1,1,1,1,1,2,1,1,1,1,1,1,1,1,1,1,2,2,1,1,1,1,1,1,1,1,1,1,2,2,1,1,2,2,1,1,4,2,2,2,2,2,2,2
"M145770",1,1,1,1,1,1,1,1,1,1,1,2,1,1,1,1,1,1,1,1,1,2,1,2,1,1,1,2,1,1,1,2,2,1,1,2,1,1,1,1,1,1,2,2,1,1,1,1,1,1,1,1,1,1,2,2,1,1,2,2,1,1,2,2,1,1,2,2,2,2
"M145771",1,2,1,2,1,2,1,2,1,2,1,2,1,1,1,1,1,2,1,1,1,1,1,1,1,1,1,1,1,1,1,1,1,1,1,1,1,1,1,1,1,1,2,2,1,1,1,1,1,1,1,1,1,1,2,2,1,1,2,2,1,1,2,2,2,1,2,2,2,2
"M145772",1,2,1,1,1,1,1,2,1,1,1,2,1,1,1,1,1,2,1,1,1,2,1,2,1,1,1,2,1,1,1,2,2,1,1,2,1,1,1,1,1,1,2,2,1,1,1,1,1,1,1,1,1,1,2,2,1,1,2,2,1,1,4,4,2,2,2,2,2,2
"M145773",1,1,1,1,1,1,1,2,1,1,1,2,1,1,1,1,1,2,1,1,1,2,1,2,1,1,1,2,1,1,1,2,2,1,1,2,1,1,1,1,1,1,2,2,1,1,1,1,1,1,1,1,1,1,2,2,1,1,2,2,1,1,3,2,2,1,2,2,2,2
"M145774",1,2,1,2,1,2,1,2,1,2,1,2,1,1,1,1,1,1,1,1,1,1,1,1,1,1,1,1,1,1,1,1,1,1,1,1,1,1,1,1,1,1,2,2,1,1,1,1,1,1,1,1,1,1,2,2,1,1,2,2,1,1,2,2,1,1,2,2,2,2
"M145775",1,1,1,1,1,1,1,1,1,1,1,2,1,1,1,1,2,2,1,2,2,2,2,2,1,1,2,2,1,1,2,2,2,2,2,2,1,1,1,1,1,1,2,2,1,1,1,1,1,1,1,1,1,1,2,2,1,1,2,2,1,1,2,2,2,1,2,2,2,2
"M145776",1,1,1,1,1,1,1,1,1,1,1,1,1,1,1,1,1,2,1,1,2,2,2,2,1,1,2,2,1,1,2,2,2,2,2,2,1,1,1,1,1,1,2,2,1,1,1,1,1,1,1,1,1,1,2,2,1,1,2,2,1,1,2,2,1,1,2,2,2,2
"M145777",1,1,1,1,1,1,1,1,1,1,1,1,1,1,1,1,1,2,1,2,1,2,1,2,1,1,1,2,1,1,2,2,2,1,1,2,1,1,1,1,1,1,2,2,1,1,1,1,1,1,1,1,1,1,2,2,1,1,2,2,1,1,3,2,2,1,2,2,2,2
"M145778",1,2,1,2,1,2,1,2,1,2,1,2,1,1,1,1,1,2,1,2,2,2,2,2,1,1,2,2,1,1,2,2,2,2,2,2,1,1,1,1,1,1,2,2,1,1,1,1,1,1,1,1,1,1,2,2,1,1,2,2,1,1,2,2,2,1,2,2,2,2
"M145779",1,1,1,1,1,1,1,1,1,1,1,1,1,1,1,1,1,1,1,1,1,2,1,2,1,1,1,2,1,1,1,2,2,1,1,2,1,1,1,1,1,1,2,2,1,1,1,1,1,1,1,1,1,1,2,2,1,1,2,2,1,1,2,2,2,1,2,2,2,2
"M145780",1,2,1,2,1,2,1,2,1,2,1,2,1,1,1,1,1,1,1,1,1,2,1,2,1,1,1,2,1,1,1,2,2,1,1,2,1,1,1,1,1,1,2,2,1,1,1,1,1,1,1,1,1,1,2,2,1,1,2,2,1,1,2,2,2,1,2,2,2,2
"M145781",1,2,1,2,1,2,1,2,1,2,1,2,1,1,1,1,1,1,1,1,1,2,1,2,1,1,1,2,1,1,1,2,2,1,1,2,1,1,1,1,1,1,2,2,1,1,1,1,1,1,1,1,1,1,2,2,1,1,2,2,1,1,2,2,1,1,2,2,2,2
"M145782",1,1,1,1,1,1,1,1,1,1,1,1,1,1,1,1,1,2,1,2,1,1,1,1,1,1,1,1,1,1,2,2,1,1,1,1,1,1,1,1,1,1,2,2,1,1,1,1,1,1,1,1,1,1,2,2,1,1,2,2,1,1,2,2,1,1,2,2,2,2
"M145783",1,2,1,2,1,2,1,2,1,2,1,1,1,1,1,1,1,1,1,1,1,2,1,2,1,1,1,2,1,1,1,2,2,1,1,2,1,1,1,1,1,1,2,2,1,1,1,1,1,1,1,1,1,1,2,2,1,1,2,2,1,1,2,2,1,1,2,2,2,2
"M145784",1,2,1,2,1,2,1,2,1,2,1,2,1,1,1,1,2,2,1,2,1,2,1,2,1,1,1,2,1,1,2,2,2,1,1,2,1,1,1,1,1,1,2,2,1,1,1,1,1,1,1,1,1,1,2,2,1,1,2,2,1,1,2,2,2,1,2,2,2,2
"M145785",1,1,1,1,1,1,1,1,1,1,1,1,1,2,1,1,1,2,1,1,1,1,1,1,1,1,1,1,1,1,1,1,1,1,1,1,1,1,1,1,1,1,2,2,1,1,1,1,1,1,1,1,1,1,2,2,1,1,2,2,1,1,3,2,2,1,2,2,2,2
"M145786",1,1,1,1,1,1,1,1,1,1,1,1,1,1,1,1,1,1,1,1,1,1,1,1,1,1,1,1,1,1,1,1,1,1,1,1,1,1,1,1,1,1,2,2,1,1,1,1,1,1,1,1,1,1,2,2,1,1,2,2,1,1,2,2,2,1,2,2,2,2
"M145787",1,2,1,2,1,2,1,2,1,2,1,1,1,1,1,1,1,1,1,1,2,2,2,2,1,1,2,2,1,1,2,2,2,2,2,2,1,1,1,1,1,1,2,2,1,1,1,1,1,1,1,1,1,1,2,2,1,1,2,2,1,1,2,2,1,1,2,2,2,2
"M145788",1,1,1,1,1,1,1,1,1,1,1,2,1,1,1,1,1,2,2,2,1,2,1,1,1,1,1,2,1,1,2,2,2,1,1,2,1,1,1,1,1,1,2,2,1,1,1,1,1,1,1,1,1,1,2,2,1,1,2,2,0,0,2,2,1,1,2,2,2,2
"M145789",1,2,1,2,1,2,1,2,1,2,1,2,1,2,1,1,1,2,1,1,1,1,1,2,1,1,1,2,1,1,1,2,2,1,1,2,1,1,1,1,1,1,2,2,1,1,1,1,1,1,1,1,1,1,2,2,1,1,2,2,1,2,3,2,2,1,2,2,2,2
"M145790",1,1,1,1,1,1,1,1,1,1,1,2,1,1,1,1,1,2,1,2,1,1,1,1,1,1,1,1,1,1,1,2,1,1,1,1,1,1,1,1,1,1,2,2,1,1,1,1,1,1,1,1,1,1,2,2,1,1,2,2,1,1,2,2,2,1,2,2,2,2
"M145791",1,1,1,1,1,1,1,1,1,1,1,2,1,1,1,1,1,2,1,1,1,2,1,2,1,1,1,2,1,1,1,2,2,1,1,2,1,1,1,1,1,1,2,2,1,1,1,1,1,1,1,1,1,1,2,2,1,1,2,2,1,1,3,2,2,2,2,2,2,2
"M145792",1,1,1,1,1,1,1,1,1,1,1,1,2,2,1,1,1,2,2,2,1,2,1,1,1,1,1,2,1,1,2,2,2,1,1,2,1,1,1,1,1,1,2,2,1,1,1,1,1,1,1,1,1,1,2,2,1,1,2,2,1,1,3,2,2,1,2,2,2,2
"M145793",1,2,1,2,1,2,1,2,1,2,1,1,1,2,1,1,1,2,2,2,1,1,1,1,1,1,1,1,1,1,1,2,1,1,1,1,1,1,1,1,1,1,2,2,1,1,1,1,1,1,1,1,1,1,2,2,1,1,2,2,1,1,2,2,2,2,2,2,2,2
"M145794",1,1,1,1,1,1,1,1,1,1,1,1,2,2,1,1,1,1,2,2,1,1,1,1,1,1,1,1,1,1,2,2,1,1,1,1,1,1,1,1,1,1,2,2,1,1,1,1,1,1,1,1,1,1,2,2,1,1,2,2,1,1,2,2,2,2,2,2,2,2
"M145795",1,2,1,2,1,2,1,2,1,2,1,2,1,2,1,1,1,2,1,1,1,1,1,1,1,1,1,1,1,1,1,1,1,1,1,1,1,1,1,1,1,1,2,2,1,1,1,1,1,1,1,1,1,1,2,2,1,1,2,2,1,1,2,2,2,2,2,2,2,2
"M145796",1,2,1,2,1,2,1,2,1,2,1,1,1,1,1,1,1,2,0,0,1,2,1,2,1,1,1,2,1,1,1,2,2,1,1,2,1,1,1,1,1,1,2,2,1,1,1,1,1,1,1,1,1,1,2,2,1,1,2,2,1,1,3,2,2,2,2,2,2,2
"M145797",1,2,1,2,1,2,1,2,1,2,1,1,1,1,1,1,1,2,1,2,1,2,2,2,1,1,1,2,1,1,1,2,2,1,1,2,1,1,1,1,1,1,2,2,1,1,1,1,1,1,1,1,1,1,2,2,1,1,2,2,1,1,3,2,1,1,2,2,2,2
"M145798",2,2,2,2,2,2,2,2,2,2,1,1,1,2,1,1,1,1,1,2,1,1,1,1,1,1,1,1,1,1,1,2,1,1,1,1,1,1,1,1,1,1,2,2,1,1,1,1,1,1,1,1,1,1,2,2,1,1,2,2,1,1,3,2,2,1,2,2,2,2
"M145799",1,2,1,2,1,2,1,2,1,2,1,2,1,1,1,1,1,1,1,2,1,1,1,1,1,1,1,1,1,1,1,2,1,1,1,1,1,1,1,1,1,1,2,2,1,1,1,1,1,1,1,1,1,1,2,2,1,1,2,2,1,1,1,2,2,1,2,2,2,2
"M145800",2,2,2,2,2,2,2,2,2,2,1,1,1,2,1,1,2,2,2,2,1,1,2,2,1,1,2,2,1,1,1,2,2,1,1,2,1,1,1,1,1,1,2,2,1,1,1,1,1,1,1,1,1,1,2,2,1,1,2,2,1,1,2,2,2,1,2,2,2,2
"M145801",1,1,1,1,1,1,1,1,1,1,1,2,1,1,1,1,2,2,2,2,1,2,2,2,1,1,1,2,1,1,1,2,2,1,1,2,1,1,1,1,1,1,2,2,1,1,1,1,1,1,1,1,1,1,2,2,1,1,2,2,1,1,3,2,2,1,2,2,2,2
"M145802",1,1,1,1,1,1,1,1,1,1,1,1,1,1,1,1,1,2,0,0,1,1,1,1,1,1,1,1,1,1,1,2,1,1,1,1,1,1,1,1,1,1,2,2,1,1,1,1,1,1,1,1,1,1,2,2,1,1,2,2,1,1,4,2,1,1,2,2,2,2
"M145803",1,2,1,2,1,2,1,2,1,2,1,1,1,2,1,1,1,2,1,1,1,2,2,2,1,1,1,2,1,1,1,2,2,1,1,2,1,1,1,1,1,1,2,2,1,1,1,1,1,1,1,1,1,1,2,2,1,1,2,2,1,1,2,2,2,1,2,2,2,2
"M145804",2,2,2,2,2,2,2,2,2,2,1,1,1,1,1,1,1,2,1,2,1,1,1,1,1,1,1,1,1,1,1,1,1,1,1,1,1,1,1,1,1,1,2,2,1,1,1,1,1,1,1,1,1,1,2,2,1,1,2,2,1,1,2,2,1,1,2,2,2,2
"M145805",1,2,1,2,1,2,1,2,1,2,1,2,1,1,1,1,1,1,1,2,1,2,1,2,1,1,1,2,1,1,2,2,2,1,1,2,1,1,1,1,1,1,2,2,1,1,1,1,1,1,1,1,1,1,2,2,1,1,2,2,1,1,3,2,1,1,2,2,2,2
"M145806",1,1,1,1,1,1,1,1,1,1,1,2,1,1,1,1,1,2,1,2,1,2,1,1,1,1,1,2,1,1,1,2,2,1,1,2,1,1,1,1,1,1,2,2,1,1,1,1,1,1,1,1,1,1,2,2,1,1,2,2,1,1,2,2,1,1,2,2,2,2
"M145807",1,2,1,2,1,2,1,2,1,2,1,2,1,2,1,1,1,2,0,0,1,2,1,2,1,1,1,2,1,1,1,2,2,1,1,2,1,1,1,1,1,1,2,2,1,1,1,1,1,1,1,1,1,1,2,2,1,1,2,2,1,1,1,3,2,1,2,2,2,2
"M145808",1,1,1,1,1,1,1,1,1,1,1,1,1,1,1,1,1,2,0,0,1,1,1,1,1,1,1,1,1,1,1,2,1,1,1,1,1,1,1,1,1,1,2,2,1,1,1,1,1,1,1,1,1,1,2,2,1,1,2,2,1,1,2,2,2,1,2,2,2,2
"M145809",1,1,1,1,1,1,1,1,1,1,1,1,1,1,1,1,1,2,1,2,1,1,1,1,1,1,1,1,1,1,1,2,1,1,1,1,1,1,1,1,1,1,2,2,1,1,1,1,1,1,1,1,1,1,2,2,1,1,2,2,1,1,2,2,2,1,2,2,2,2
"M145810",1,1,1,1,1,1,1,1,1,1,1,1,1,1,1,1,1,2,1,2,1,1,1,1,1,1,1,1,1,1,1,1,1,1,1,1,1,1,1,1,1,1,2,2,1,1,1,1,1,1,1,1,1,1,2,2,1,1,2,2,1,1,2,2,2,2,2,2,2,2
"M145811",1,1,1,1,1,1,1,1,1,1,1,2,1,1,1,1,2,2,1,2,1,1,1,1,1,1,1,1,1,1,1,2,1,1,1,1,1,1,1,1,1,1,2,2,1,1,1,1,1,1,1,1,1,1,2,2,1,1,2,2,1,1,4,2,1,1,2,2,2,2
"M145812",2,2,2,2,2,2,2,2,2,2,1,1,2,2,1,1,1,2,2,2,1,1,1,2,1,1,1,2,1,1,2,2,2,1,1,2,1,1,1,1,1,1,2,2,1,1,1,1,1,1,1,1,1,1,2,2,1,1,2,2,1,1,2,2,2,1,2,2,2,2
"M145813",1,1,1,1,1,1,1,1,1,1,1,2,1,1,1,1,1,2,2,2,1,1,1,1,1,1,1,1,1,1,1,2,1,1,1,1,1,1,1,1,1,1,2,2,1,1,1,1,1,1,1,1,1,1,2,2,1,1,2,2,1,1,2,2,2,1,2,2,2,2
"M145814",1,1,1,1,1,1,1,1,1,1,1,2,1,1,1,1,2,2,1,1,1,1,1,1,1,1,1,1,1,1,1,2,1,1,1,1,1,1,1,1,1,1,2,2,1,1,1,1,1,1,1,1,1,1,2,2,1,1,2,2,1,1,2,2,2,1,2,2,2,2
"M145815",1,1,1,1,1,1,1,1,1,1,1,1,1,1,1,1,2,2,2,2,1,1,1,1,1,1,1,1,1,1,1,2,1,1,1,1,1,1,1,1,1,1,2,2,1,1,1,1,1,1,1,1,1,1,2,2,1,1,2,2,1,1,4,2,1,1,2,2,2,2
"M145816",1,1,1,1,1,1,1,1,1,1,1,1,1,1,1,1,1,2,0,0,1,1,1,1,1,1,1,1,1,1,1,2,1,1,1,1,1,1,1,1,1,1,2,2,1,1,1,1,1,1,1,1,1,1,2,2,1,1,2,2,0,0,2,2,0,0,2,2,2,2
"M145817",1,2,1,2,1,2,1,2,1,2,1,2,1,1,1,1,1,2,2,2,1,1,1,1,1,1,1,1,1,1,2,2,1,1,1,1,1,1,1,1,1,1,2,2,1,1,1,1,1,1,1,1,1,1,2,2,1,1,2,2,1,1,2,2,2,2,2,2,2,2
"M145818",1,1,1,1,1,1,1,1,1,1,1,1,1,1,1,1,1,2,1,2,1,2,1,2,1,1,1,2,1,1,1,2,2,1,1,2,1,1,1,1,1,1,2,2,1,1,1,1,1,1,1,1,1,1,2,2,1,1,2,2,1,1,3,2,1,1,2,2,2,2
"M145819",1,1,1,1,1,1,1,1,1,1,1,2,1,2,1,1,1,1,0,0,1,1,1,1,1,1,1,1,1,1,1,2,1,1,1,1,1,1,1,1,1,1,2,2,1,1,1,1,1,1,1,1,1,1,2,2,1,1,2,2,1,1,3,2,2,1,2,2,2,2
"M145820",1,2,1,2,1,2,1,2,1,2,1,1,2,2,1,1,1,2,0,0,1,1,1,1,1,1,1,1,1,1,1,1,1,1,1,1,1,1,1,1,1,1,2,2,1,1,1,1,1,1,1,1,1,1,2,2,1,1,2,2,1,1,2,2,2,1,2,2,2,2
"M145821",1,1,1,1,1,1,1,1,1,1,1,2,1,1,1,1,2,2,0,0,1,1,1,1,1,1,1,1,1,1,1,2,1,1,1,1,1,1,1,1,1,1,2,2,1,1,1,1,1,1,1,1,1,1,2,2,1,1,2,2,1,1,2,2,2,1,2,2,2,2
"M145822",1,1,1,1,1,1,1,1,1,1,1,1,1,1,1,1,2,2,1,1,1,1,1,1,1,1,1,1,1,1,1,2,1,1,1,1,1,1,1,1,1,1,2,2,1,1,1,1,1,1,1,1,1,1,2,2,1,1,2,2,1,1,2,2,2,1,2,2,2,2
"M145823",1,1,1,1,1,1,1,1,1,1,2,2,1,1,1,1,1,2,2,2,1,2,1,2,1,1,1,2,1,1,1,2,2,1,1,2,1,1,1,1,1,1,2,2,1,1,1,1,1,1,1,1,1,1,2,2,1,1,2,2,1,1,3,2,2,2,2,2,2,2
"M145824",1,1,1,1,1,1,1,1,1,1,1,1,1,1,1,1,2,2,1,2,1,1,1,1,1,1,1,1,1,1,1,2,1,1,1,1,1,1,1,1,1,1,2,2,1,1,1,1,1,1,1,1,1,1,2,2,1,1,2,2,1,1,4,2,1,1,2,2,2,2
"M145825",1,1,1,1,1,1,1,1,1,1,1,1,1,1,1,1,1,2,1,2,1,1,1,1,1,1,1,1,1,1,1,2,1,1,1,1,1,1,1,1,1,1,2,2,1,1,1,1,1,1,1,1,1,1,2,2,1,1,2,2,1,1,2,2,2,1,2,2,2,2
"M145826",2,2,2,2,2,2,2,2,2,2,1,1,1,2,1,1,2,2,2,2,1,2,2,2,1,1,1,2,1,1,1,2,2,1,1,2,1,1,1,1,1,1,2,2,1,1,1,1,1,1,1,1,1,1,2,2,1,1,2,2,1,1,2,2,2,2,2,2,2,2
"M145827",1,1,1,1,1,1,1,1,1,1,2,2,1,1,1,1,1,2,0,0,1,1,1,1,1,1,1,1,1,1,1,1,1,1,1,1,1,1,1,1,1,1,2,2,1,1,1,1,1,1,1,1,1,1,2,2,1,1,2,2,1,1,2,2,2,1,2,2,2,2
"M145828",2,2,2,2,2,2,2,2,2,2,1,2,1,1,1,1,2,2,2,2,1,2,1,2,1,1,1,2,1,1,1,2,2,1,1,2,1,1,1,1,1,1,2,2,1,1,1,1,1,1,1,1,1,1,2,2,1,1,2,2,1,1,2,2,2,1,2,2,2,2
"M145829",1,1,1,1,1,1,1,1,1,1,1,1,1,2,1,1,1,1,1,1,1,1,1,1,1,1,1,1,1,1,1,1,1,1,1,1,1,1,1,1,1,1,2,2,1,1,1,1,1,1,1,1,1,1,2,2,1,1,2,2,1,2,3,2,2,1,2,2,2,2
"M145830",1,1,1,1,1,1,1,1,1,1,1,1,1,1,1,1,2,2,2,2,1,2,2,2,1,1,1,2,1,1,1,2,2,1,1,2,1,1,1,1,1,1,2,2,1,1,1,1,1,1,1,1,1,1,2,2,1,1,2,2,1,1,3,2,2,2,2,2,2,2
"M145831",1,1,1,1,1,1,1,1,1,1,1,1,1,1,1,1,2,2,1,1,1,1,1,1,1,1,1,1,1,1,1,2,1,1,1,1,1,1,1,1,1,1,2,2,1,1,1,1,1,1,1,1,1,1,2,2,1,1,2,2,1,1,2,2,2,1,2,2,2,2
"M145832",1,2,1,2,1,2,1,2,1,2,1,1,1,1,1,1,1,2,1,2,1,2,1,1,1,1,1,2,1,1,1,2,2,1,1,2,1,1,1,1,1,1,2,2,1,1,1,1,1,1,1,1,1,1,2,2,1,1,2,2,1,1,2,2,1,1,2,2,2,2
"M145833",1,1,1,1,1,1,1,1,1,1,1,2,1,1,1,1,1,1,1,2,1,1,1,1,1,1,1,1,1,1,1,2,1,1,1,1,1,1,1,1,1,1,2,2,1,1,1,1,1,1,1,1,1,1,2,2,1,1,2,2,1,1,2,2,2,2,2,2,2,2
"M145834",1,2,1,2,1,2,1,2,1,2,1,1,1,2,1,1,1,2,1,2,1,2,2,2,1,1,1,2,1,1,1,2,2,1,1,2,1,1,1,1,1,1,2,2,1,1,1,1,1,1,1,1,1,1,2,2,1,1,2,2,1,1,2,2,2,1,2,2,2,2
"M145835",1,1,1,1,1,1,1,1,1,1,1,2,1,1,1,1,2,2,2,2,1,2,1,1,1,1,1,2,1,1,2,2,2,1,1,2,1,1,1,1,1,1,2,2,1,1,1,1,1,1,1,1,1,1,2,2,1,1,2,2,1,1,2,2,1,1,2,2,2,2
"M145836",1,2,1,2,1,2,1,2,1,2,1,1,2,2,1,1,1,2,1,2,1,1,1,1,1,1,1,1,1,1,1,1,1,1,1,1,1,1,1,1,1,1,2,2,1,1,1,1,1,1,1,1,1,1,2,2,1,1,2,2,1,1,2,2,2,1,2,2,2,2
"M145837",1,2,1,2,1,2,1,2,1,2,1,2,1,1,1,1,1,2,2,2,1,2,1,2,1,1,1,2,1,1,2,2,2,1,1,2,1,1,1,1,1,1,2,2,1,1,1,1,1,1,1,1,1,1,2,2,1,1,2,2,1,1,2,2,2,1,2,2,2,2
"M145838",3,1,1,2,1,2,2,2,1,2,1,2,1,1,1,1,1,2,1,1,1,2,1,2,1,1,1,2,1,1,1,2,2,1,1,2,1,1,1,1,1,1,2,2,1,1,1,1,1,1,1,1,1,1,2,2,1,1,2,2,1,1,4,3,2,2,2,2,2,2
"M145839",1,2,1,2,1,2,1,2,1,2,1,2,1,1,1,1,1,2,1,2,1,2,1,2,1,1,1,2,1,1,2,2,2,1,1,2,1,1,1,1,1,1,2,2,1,1,1,1,1,1,1,1,1,1,2,2,1,1,2,2,1,1,2,2,1,1,2,2,2,2
"M145840",3,1,1,2,1,2,1,2,1,2,1,1,1,1,1,1,1,2,1,2,1,1,1,1,1,1,1,1,1,1,1,2,1,1,1,1,1,1,1,1,1,1,1,2,1,1,1,1,1,1,1,1,1,1,2,2,1,1,2,2,1,1,2,2,1,1,2,2,2,2
"M145841",2,2,2,2,2,2,2,2,2,2,2,2,1,1,1,1,2,2,2,2,1,1,1,1,1,1,1,1,1,1,2,2,1,1,1,1,1,1,1,1,1,1,2,2,1,1,1,1,1,1,1,1,1,1,2,2,1,1,2,2,1,1,4,3,1,1,2,2,2,2
"M145842",1,1,1,1,1,1,1,1,1,1,1,1,1,1,1,1,2,2,1,1,1,1,1,1,1,1,1,1,1,1,1,1,1,1,1,1,1,1,1,1,1,1,1,2,1,1,1,1,1,1,1,1,1,1,2,2,1,1,2,2,1,1,1,2,1,1,2,2,2,2
"M145843",1,2,1,2,1,2,1,2,1,2,1,2,1,2,1,1,2,2,1,1,1,1,1,1,1,1,1,1,1,1,1,2,1,1,1,1,1,1,1,1,1,1,2,2,1,1,1,1,1,1,1,1,1,1,2,2,1,1,2,2,1,1,1,4,2,1,2,2,2,2
"M145844",1,2,1,2,1,2,1,2,1,2,1,1,1,1,1,1,2,2,0,0,1,1,1,1,1,1,1,1,1,1,1,2,1,1,1,1,1,1,1,1,1,1,2,2,1,1,1,1,1,1,1,1,1,1,2,2,1,1,2,2,1,1,1,4,2,1,2,2,2,2
"M145845",1,1,1,1,1,1,1,1,1,1,2,2,1,1,1,1,2,2,1,2,1,1,1,1,1,1,1,1,1,1,1,2,1,1,1,1,1,1,1,1,1,1,2,2,1,1,1,1,1,1,1,1,1,1,2,2,1,1,2,2,1,1,2,2,1,1,2,2,2,2
"M145846",1,2,1,2,1,2,1,2,1,2,1,1,1,2,1,1,2,2,2,2,1,1,1,1,1,1,1,1,1,1,2,2,1,1,1,1,1,1,1,1,1,1,2,2,1,1,1,1,1,1,1,1,1,1,2,2,1,1,2,2,1,1,3,2,2,1,2,2,2,2
"M145847",2,2,2,2,2,2,2,2,2,2,1,1,1,1,1,1,1,2,1,2,1,2,1,2,1,1,1,2,1,1,1,2,2,1,1,2,1,1,1,1,1,1,2,2,1,1,1,1,1,1,1,1,1,1,2,2,1,1,2,2,1,1,2,2,1,1,2,2,2,2
"M145848",1,2,1,2,1,2,1,2,1,2,1,1,1,2,1,1,2,2,1,2,1,1,1,1,1,1,1,1,1,1,1,2,1,1,1,1,1,1,1,1,1,1,2,2,1,1,1,1,1,1,1,1,1,1,2,2,1,1,2,2,1,1,1,4,2,1,2,2,2,2
"M145849",1,2,1,2,1,2,1,2,1,2,1,1,1,1,1,1,2,2,1,2,1,1,1,1,1,1,1,1,1,1,1,2,1,1,1,1,1,1,1,1,1,1,2,2,1,1,1,1,1,1,1,1,1,1,2,2,1,1,2,2,1,1,1,4,2,1,2,2,2,2
"M145850",1,1,1,1,1,1,1,1,1,1,1,1,1,1,1,1,1,2,0,0,1,2,1,2,1,1,1,2,1,1,1,2,2,1,1,2,1,1,1,1,1,1,2,2,1,1,1,1,1,1,1,1,1,1,2,2,1,1,2,2,1,1,2,2,1,1,2,2,2,2
"M145851",1,2,1,2,1,2,1,2,1,2,1,1,1,1,1,1,1,1,1,1,1,1,1,1,1,1,1,1,1,1,1,1,1,1,1,1,1,1,1,1,1,1,2,2,1,1,1,1,1,1,1,1,1,1,2,2,1,1,2,2,1,1,2,2,1,1,2,2,2,2
"M145852",1,1,1,1,1,1,1,1,1,1,1,1,1,2,1,1,1,2,1,2,1,1,1,1,1,1,1,1,1,1,1,2,1,1,1,1,1,1,1,1,1,1,2,2,1,1,1,1,1,1,1,1,1,1,2,2,1,1,2,2,1,1,1,2,1,1,2,2,2,2
"M145853",1,1,1,1,1,1,1,1,1,1,1,2,1,2,1,1,2,2,1,1,1,1,1,1,1,1,1,1,1,1,1,1,1,1,1,1,1,1,1,1,1,1,2,2,1,1,1,1,1,1,1,1,1,1,2,2,1,1,2,2,1,1,2,2,2,1,2,2,2,2
"M145854",1,2,1,2,1,2,1,2,1,2,1,2,1,1,1,1,2,2,2,2,1,1,1,1,1,1,1,1,1,1,2,2,1,1,1,1,1,1,1,1,1,1,2,2,1,1,1,1,1,1,1,1,1,1,2,2,1,1,2,2,1,1,1,2,1,1,2,2,2,2
"M145855",1,1,1,1,1,1,1,1,1,1,1,2,1,1,1,1,1,2,1,1,1,1,1,1,1,1,1,1,1,1,1,1,1,1,1,1,1,1,1,1,1,1,2,2,1,1,1,1,1,1,1,1,1,1,2,2,1,1,2,2,1,2,4,3,2,1,2,2,2,2
"M145856",1,1,1,1,1,1,1,1,1,1,1,2,1,1,1,1,1,2,1,2,1,1,1,1,1,1,1,1,1,1,1,1,1,1,1,1,1,1,1,1,1,1,2,2,1,1,1,1,1,1,1,1,1,1,2,2,1,1,2,2,1,2,4,2,2,2,2,2,2,2
"M145857",1,2,1,2,1,2,1,2,1,2,1,1,1,2,1,1,2,2,2,2,1,1,1,1,1,1,1,1,1,1,2,2,1,1,1,1,1,1,1,1,1,1,2,2,1,1,1,1,1,1,1,1,1,1,2,2,1,1,2,2,1,1,1,2,2,1,2,2,2,2
"M145858",1,2,1,2,1,2,1,2,1,2,2,2,1,1,1,1,2,2,1,1,1,1,1,1,1,1,1,1,1,1,1,1,1,1,1,1,1,1,1,1,1,1,2,2,1,1,1,1,1,1,1,1,1,1,2,2,1,1,2,2,1,1,2,2,2,1,2,2,2,2
"M145859",3,1,1,2,1,2,1,2,1,2,1,1,1,2,1,1,2,2,1,1,1,1,1,1,1,1,1,1,1,1,1,1,1,1,1,1,1,1,1,1,1,1,1,2,1,1,1,1,1,1,1,1,1,1,2,2,1,1,2,2,1,1,1,2,1,1,2,2,2,2
"M145860",1,1,1,1,1,1,1,1,1,1,1,1,1,1,1,1,1,2,1,2,1,2,1,2,1,1,1,2,1,1,2,2,2,1,1,2,1,1,1,1,1,1,2,2,1,1,1,1,1,1,1,1,1,1,2,2,1,1,2,2,1,1,2,2,2,1,2,2,2,2
"M145861",1,2,1,2,1,2,1,2,1,2,1,2,1,2,1,1,2,2,2,2,1,1,1,1,1,1,1,1,1,1,1,2,1,1,1,1,1,1,1,1,1,1,2,2,1,1,1,1,1,1,1,1,1,1,2,2,1,1,2,2,1,1,1,4,1,1,2,2,2,2
"M145862",1,2,1,2,1,2,2,2,1,2,1,1,1,1,1,1,2,2,1,2,1,1,1,1,1,1,1,1,1,1,1,2,1,1,1,1,1,1,1,1,1,1,2,2,1,1,1,1,1,1,1,1,1,1,2,2,1,1,2,2,1,1,4,2,2,1,2,2,2,2
"M145863",1,1,1,1,1,1,1,1,1,1,1,1,1,2,1,1,1,2,1,2,1,1,1,1,1,1,1,1,1,1,1,2,1,1,1,1,1,1,1,1,1,1,2,2,1,1,1,1,1,1,1,1,1,1,2,2,1,1,2,2,1,1,1,1,2,1,2,2,2,2
"M145864",1,2,1,2,1,2,2,2,1,2,1,1,1,2,1,1,2,2,1,2,1,2,1,2,1,1,1,2,1,1,1,2,2,1,1,2,1,1,1,1,1,1,2,2,1,1,1,1,1,1,1,1,1,1,2,2,1,1,2,2,1,2,2,2,2,1,2,2,2,2
"M145865",1,1,1,1,1,1,1,1,1,1,1,2,1,1,1,1,1,2,1,2,2,2,2,2,1,1,2,2,1,1,2,2,2,2,2,2,1,1,1,1,1,1,2,2,1,1,1,1,1,1,1,1,1,1,2,2,1,1,2,2,1,2,2,2,2,1,2,2,2,2
"M145866",1,2,1,2,1,2,1,2,1,2,2,2,1,1,1,1,2,2,1,2,1,2,1,2,1,1,1,2,1,1,1,2,2,1,1,2,1,1,1,1,1,1,2,2,1,1,1,1,1,1,1,1,1,1,2,2,1,1,2,2,1,1,1,4,1,1,2,2,2,2
"M145867",2,2,2,2,2,2,2,2,2,2,1,1,1,1,1,1,1,2,1,2,2,2,2,2,1,1,2,2,1,1,2,2,2,2,2,2,1,1,1,1,1,1,2,2,1,1,1,1,1,1,1,1,1,1,2,2,1,1,2,2,1,1,1,2,1,1,2,2,2,2
"M145868",2,2,2,2,2,2,2,2,2,2,1,1,1,2,1,1,1,2,1,2,1,2,1,2,1,1,1,2,1,1,1,2,2,1,1,2,1,1,1,1,1,1,2,2,1,1,1,1,1,1,1,1,1,1,2,2,1,1,2,2,1,2,3,2,1,1,2,2,2,2
"M145869",1,1,1,1,1,1,1,1,1,1,1,1,1,1,1,1,1,2,1,1,1,2,1,2,1,1,1,2,1,1,1,2,2,1,1,2,1,1,1,1,1,1,2,2,1,1,1,1,1,1,1,1,1,1,2,2,1,1,2,2,1,1,1,3,2,1,2,2,2,2
"M145870",1,2,1,2,1,2,1,2,1,2,2,2,1,1,1,1,1,2,1,2,1,2,2,2,1,1,1,2,1,1,1,2,2,1,1,2,1,1,1,1,1,1,2,2,1,1,1,1,1,1,1,1,1,1,2,2,1,1,2,2,1,1,4,3,2,1,2,2,2,2
"M145871",1,2,1,2,1,2,2,2,1,2,1,1,1,2,1,1,2,2,1,2,1,1,1,1,1,1,1,1,1,1,1,2,1,1,1,1,1,1,1,1,1,1,2,2,1,1,1,1,1,1,1,1,1,1,2,2,1,1,2,2,1,2,1,2,2,1,2,2,2,2
"M145872",1,2,1,2,1,2,1,2,1,2,1,1,1,2,1,1,2,2,2,2,1,2,1,2,1,1,1,2,1,1,2,2,2,1,1,2,1,1,1,1,1,1,2,2,1,1,1,1,1,1,1,1,1,1,2,2,1,1,2,2,1,2,1,2,2,1,2,2,2,2
"M145873",1,1,1,1,1,1,1,2,1,1,1,1,1,1,1,1,1,2,1,1,1,1,1,1,1,1,1,1,1,1,1,2,1,1,1,1,1,1,1,1,1,1,2,2,1,1,1,1,1,1,1,1,1,1,2,2,1,1,2,2,1,1,4,2,1,1,2,2,2,2
"M145874",1,2,1,2,1,2,1,2,1,2,2,2,1,1,1,1,2,2,2,2,1,2,1,2,1,1,1,2,1,1,2,2,2,1,1,2,1,1,1,1,1,1,2,2,1,1,1,1,1,1,1,1,1,1,2,2,1,1,2,2,1,1,1,2,1,1,2,2,2,2
"M145875",3,1,1,2,1,2,2,2,1,2,1,2,1,1,1,1,2,2,2,2,1,2,2,2,1,1,1,2,1,1,1,2,2,1,1,2,1,1,1,1,1,1,2,2,1,1,1,1,1,1,1,1,1,1,2,2,1,1,2,2,1,1,2,2,2,1,2,2,2,2
"M145876",1,2,1,2,1,2,2,2,1,2,1,1,1,2,1,1,1,2,1,2,2,2,2,2,1,1,2,2,1,1,2,2,2,2,2,2,1,1,1,1,1,1,2,2,1,1,1,1,1,1,1,1,1,1,2,2,1,1,2,2,1,1,3,2,2,1,2,2,2,2
"M145877",1,1,1,1,1,1,1,1,1,1,1,2,1,1,1,1,1,1,1,1,1,1,1,1,1,1,1,1,1,1,1,2,1,1,1,1,1,1,1,1,1,1,2,2,1,1,1,1,1,1,1,1,1,1,2,2,1,1,2,2,1,1,2,2,2,1,2,2,2,2
"M145878",1,1,1,1,1,1,1,1,1,1,1,2,1,1,1,1,1,1,1,1,1,1,1,1,1,1,1,1,1,1,1,2,1,1,1,1,1,1,1,1,1,1,2,2,1,1,1,1,1,1,1,1,1,1,2,2,1,1,2,2,1,2,2,2,1,1,2,2,2,2
"M145879",1,1,1,1,1,1,1,2,1,1,1,1,1,1,1,1,1,1,1,1,1,1,1,1,1,1,1,1,1,1,1,2,1,1,1,1,1,1,1,1,1,1,2,2,1,1,1,1,1,1,1,1,1,1,2,2,1,1,2,2,1,1,4,2,2,1,2,2,2,2
"M145880",1,1,1,1,1,1,1,1,1,1,1,2,1,1,1,1,1,2,1,2,1,1,1,1,1,1,1,1,1,1,1,2,1,1,1,1,1,1,1,1,1,1,2,2,1,1,1,1,1,1,1,1,1,1,2,2,1,1,2,2,1,1,1,1,2,1,2,2,2,2
"M145881",1,2,1,2,1,2,1,2,1,2,1,2,1,1,1,1,1,2,1,1,2,2,2,2,1,1,2,2,1,1,2,2,2,2,2,2,1,1,1,1,1,1,2,2,1,1,1,1,1,1,1,1,1,1,2,2,1,1,2,2,1,1,1,2,2,1,2,2,2,2
"M145882",1,2,1,2,1,2,1,2,1,2,1,2,1,2,1,1,1,2,1,2,1,2,1,2,1,1,1,2,1,1,2,2,2,1,1,2,1,1,1,1,1,1,2,2,1,1,1,1,1,1,1,2,1,1,1,2,2,1,3,2,1,1,3,2,2,2,1,2,1,2
"M145883",1,1,1,1,1,1,1,2,1,1,1,2,1,2,1,1,2,2,1,1,1,2,1,2,1,1,1,2,1,1,1,2,2,1,1,2,1,1,1,1,1,1,2,2,1,1,1,1,1,1,1,1,1,1,2,2,1,1,2,2,1,1,1,2,1,1,2,2,2,2
"M145884",1,1,1,1,1,1,1,1,1,1,1,1,1,2,1,1,1,2,1,1,1,1,1,1,1,1,1,1,1,1,1,2,1,1,1,1,1,1,1,1,1,1,2,2,1,1,1,1,1,1,1,1,1,1,2,2,1,1,2,2,1,2,1,2,2,1,2,2,2,2
"M145885",1,2,1,2,1,2,1,2,1,2,1,2,1,1,1,1,2,2,2,2,2,2,2,2,1,1,2,2,1,1,2,2,2,2,2,2,1,1,1,1,1,1,2,2,1,1,1,1,1,1,1,1,1,1,2,2,1,1,2,2,1,2,2,2,2,1,2,2,2,2
"M145886",1,2,1,2,1,2,1,2,1,2,1,1,2,2,1,1,2,2,1,2,1,1,1,1,1,1,1,1,1,1,1,2,1,1,1,1,1,1,1,1,1,1,2,2,1,1,1,1,1,1,1,1,1,1,2,2,1,1,2,2,1,1,2,2,1,1,2,2,2,2
"M145887",1,2,1,2,1,2,2,2,1,2,1,1,1,2,1,1,2,2,2,2,2,2,2,2,1,1,2,2,1,1,2,2,2,2,2,2,1,1,1,1,1,1,2,2,1,1,1,1,1,1,1,1,1,1,2,2,1,1,2,2,1,2,1,2,2,1,2,2,2,2
"M145888",1,1,1,1,1,1,1,2,1,1,1,2,1,2,1,1,1,2,1,1,1,2,1,1,1,1,1,1,1,1,1,2,1,1,1,1,1,1,1,1,1,1,2,2,1,1,1,1,1,1,1,1,1,1,2,2,1,1,2,2,1,1,3,3,2,2,2,2,2,2
"M145889",1,1,1,1,1,1,1,1,1,1,1,2,1,1,1,1,1,2,1,2,1,1,1,1,1,1,1,1,1,1,1,1,1,1,1,1,1,1,1,1,1,1,2,2,1,1,1,1,1,1,1,1,1,1,2,2,1,1,2,2,1,1,2,2,2,1,2,2,2,2
"M145890",1,1,1,1,1,1,1,1,1,1,1,1,1,1,1,1,2,2,0,0,1,2,1,2,1,1,1,2,1,1,1,2,2,1,1,2,1,1,1,1,1,1,2,2,1,1,1,1,1,1,1,1,1,1,2,2,1,1,2,2,2,2,3,2,1,1,2,2,2,2
"M145891",1,1,1,1,1,1,1,1,1,1,1,1,2,2,1,1,1,2,1,1,2,2,2,2,1,1,2,2,1,1,2,2,2,2,2,2,1,1,1,1,1,1,2,2,1,1,1,1,1,1,1,1,1,1,2,2,1,1,2,2,1,1,2,2,2,2,2,2,2,2
"M145892",1,1,1,1,1,1,1,2,1,1,1,2,1,1,1,1,2,2,2,2,1,2,2,2,1,1,2,2,1,1,1,2,2,1,1,2,1,1,1,1,1,1,2,2,1,1,1,1,1,1,1,1,1,1,2,2,1,1,2,2,1,1,1,2,1,1,2,2,2,2
"M145893",1,1,1,1,1,1,1,1,1,1,1,1,1,1,1,1,2,2,2,2,2,2,2,2,1,1,2,2,1,1,2,2,2,2,2,2,1,1,1,1,1,1,2,2,1,1,1,1,1,1,1,1,1,1,2,2,1,1,2,2,1,2,2,2,2,2,2,2,2,2
"M145894",1,2,1,2,1,2,1,2,1,2,2,2,1,1,1,1,2,2,0,0,1,2,0,0,1,1,2,2,1,1,1,2,2,1,1,2,1,1,1,1,1,1,2,2,1,1,1,1,1,1,1,1,1,1,2,2,1,1,2,2,1,1,0,0,2,2,2,2,2,2
"M145895",1,1,1,1,1,1,1,1,1,1,1,1,1,2,1,1,1,2,2,2,2,2,2,2,1,1,2,2,1,1,2,2,2,2,2,2,1,1,1,1,1,1,2,2,1,1,1,1,1,1,1,1,1,1,2,2,1,1,2,2,1,1,1,2,2,2,2,2,2,2
"M145896",1,1,1,1,1,1,1,1,1,1,2,2,1,1,1,1,2,2,0,0,1,2,2,2,1,1,1,2,1,1,1,2,2,1,1,2,1,1,1,1,1,1,2,2,1,1,1,1,1,1,1,1,1,1,2,2,1,1,2,2,1,1,2,2,1,1,2,2,2,2
"M145897",1,2,1,2,1,2,2,2,1,2,1,2,1,1,1,1,2,2,1,2,1,1,1,1,1,1,1,1,1,1,1,1,1,1,1,1,1,1,1,1,1,1,2,2,1,1,1,1,1,1,1,1,1,1,2,2,1,1,2,2,1,1,1,2,1,1,2,2,2,2
"M145898",1,1,1,1,1,1,1,2,1,1,1,1,1,1,1,1,1,2,1,1,1,1,1,1,1,1,1,1,1,1,1,1,1,1,1,1,1,1,1,1,1,1,2,2,1,1,1,1,1,1,1,1,1,1,2,2,1,1,2,2,1,1,3,2,2,1,2,2,2,2
"M145899",1,1,1,1,1,1,1,2,1,1,2,2,1,1,1,1,1,2,1,1,1,2,1,2,1,1,2,2,1,1,1,2,2,1,1,2,1,1,1,1,1,1,2,2,1,1,1,1,1,1,1,1,1,1,2,2,1,1,2,2,1,1,2,2,2,1,2,2,2,2
"M145900",1,1,1,1,1,1,1,1,1,1,1,2,1,1,1,1,2,2,2,2,1,2,2,2,1,1,2,2,1,1,1,2,2,1,1,2,1,1,1,1,1,1,2,2,1,1,1,1,1,1,1,1,1,1,2,2,1,1,2,2,1,1,3,2,1,1,2,2,2,2
"M145901",1,1,1,1,1,1,1,1,1,1,1,2,1,1,1,1,2,2,2,2,1,2,1,2,1,1,2,2,1,1,1,2,2,1,1,2,1,1,1,1,1,1,2,2,1,1,1,1,1,1,1,1,1,1,2,2,1,1,2,2,1,1,2,2,2,2,2,2,2,2
"M145902",1,1,1,1,1,1,1,2,1,1,1,2,1,1,1,1,1,1,1,1,2,2,2,2,1,1,2,2,1,1,2,2,2,2,2,2,1,1,1,1,1,1,2,2,1,1,1,1,1,1,1,1,1,1,2,2,1,1,2,2,1,1,2,2,2,2,2,2,2,2
"M145903",1,1,1,1,1,1,1,2,1,1,1,2,1,2,1,1,2,2,0,0,1,2,1,2,1,1,1,2,1,1,1,2,2,1,1,2,1,1,1,1,1,1,2,2,1,1,1,1,1,1,1,1,1,1,2,2,1,1,2,2,1,2,2,2,2,1,2,2,2,2
"M145904",1,2,1,2,1,2,1,2,1,2,1,1,1,2,1,1,2,2,2,2,2,2,2,2,1,1,2,2,1,1,2,2,2,2,2,2,1,1,1,1,1,1,2,2,1,1,1,1,1,1,1,1,1,1,2,2,1,1,2,2,1,1,2,2,2,2,2,2,2,2
"M145905",1,1,1,1,1,1,1,1,1,1,1,2,1,2,1,1,2,2,1,1,1,1,1,1,1,1,1,1,1,1,1,1,1,1,1,1,1,1,1,1,1,1,2,2,1,1,1,1,1,1,1,1,1,1,2,2,1,1,2,2,1,1,1,2,1,1,2,2,2,2
"M145906",1,1,1,1,1,1,1,2,1,1,1,2,1,1,1,1,2,2,1,2,1,1,1,1,1,1,1,1,1,1,1,1,1,1,1,1,1,1,1,1,1,1,2,2,1,1,1,1,1,1,1,1,1,1,2,2,1,1,2,2,1,1,2,2,1,1,2,2,2,2
"M145907",1,1,1,1,1,1,1,1,1,1,1,2,1,1,1,1,1,2,0,0,1,2,1,2,1,1,1,2,1,1,1,2,2,1,1,2,1,1,1,1,1,1,2,2,1,1,1,1,1,1,1,1,1,1,2,2,1,1,2,2,1,1,3,2,1,1,2,2,2,2
"M145908",1,1,1,1,1,1,1,1,1,1,1,1,1,1,1,1,1,2,0,0,1,2,1,2,1,1,1,2,1,1,1,2,2,1,1,2,1,1,1,1,1,1,2,2,1,1,1,1,1,1,1,1,1,1,2,2,1,1,2,2,1,1,1,2,1,1,2,2,2,2
"M145909",2,2,2,2,2,2,2,2,2,2,1,1,1,1,1,1,1,2,1,1,1,1,1,1,1,1,1,1,1,1,1,1,1,1,1,1,1,1,1,1,1,1,2,2,1,1,1,1,1,1,1,1,1,1,2,2,1,1,2,2,1,1,3,3,1,1,2,2,2,2
"M145910",1,1,1,1,1,1,1,1,1,1,2,2,1,1,1,1,1,2,1,1,1,1,1,1,1,1,1,1,1,1,1,1,1,1,1,1,1,1,1,1,1,1,1,2,1,1,1,1,1,1,1,1,1,1,2,2,1,1,2,2,1,1,3,2,1,1,2,2,2,2
"M145911",1,2,1,2,1,2,1,2,1,2,1,2,1,2,1,1,1,2,1,1,1,1,1,1,1,1,1,1,1,1,1,1,1,1,1,1,1,1,1,1,1,1,2,2,1,1,1,1,1,1,1,1,1,1,2,2,1,1,2,2,1,1,3,2,2,2,2,2,2,2
"M145912",1,1,1,1,1,1,1,1,1,1,1,1,1,1,1,1,1,2,1,1,1,1,1,1,1,1,1,1,1,1,1,1,1,1,1,1,1,1,1,1,1,1,2,2,1,1,1,1,1,1,1,1,1,1,2,2,1,1,2,2,1,1,1,3,1,1,2,2,2,2
"M145913",1,1,1,1,1,1,1,1,1,1,1,1,1,1,1,1,2,2,1,1,1,1,1,1,1,1,1,1,1,1,1,1,1,1,1,1,1,1,1,1,1,1,2,2,1,1,1,1,1,1,1,1,1,1,2,2,1,1,2,2,1,1,3,2,2,1,2,2,2,2
"M145914",1,2,1,2,1,2,1,2,1,2,1,1,1,1,1,1,1,2,0,0,1,2,1,2,1,1,2,2,1,1,1,2,2,1,1,2,1,1,1,1,1,1,2,2,1,1,1,1,1,1,1,1,1,1,2,2,1,1,2,2,1,1,1,3,2,1,2,2,2,2
"M145915",1,1,1,1,1,1,1,1,1,1,1,1,1,1,1,1,2,2,0,0,1,2,1,2,1,1,1,2,1,1,1,2,2,1,2,2,1,1,1,1,1,1,2,2,1,1,1,1,1,1,1,1,1,1,2,2,1,1,2,2,1,1,3,2,1,1,2,2,2,2
"M145916",1,1,1,1,1,1,1,1,1,1,1,2,1,2,1,1,2,2,2,2,1,2,1,2,1,1,1,2,1,1,1,2,2,1,1,2,1,1,1,1,1,1,2,2,1,1,1,1,1,1,1,1,1,1,2,2,1,1,2,2,0,0,2,2,2,1,2,2,2,2
"M145917",1,2,1,2,1,2,1,2,1,2,1,1,1,1,1,1,1,2,0,0,1,2,1,2,1,1,2,2,1,1,1,2,2,1,1,2,1,1,1,1,1,1,2,2,1,1,1,1,1,1,1,1,1,1,2,2,1,1,2,2,1,1,3,2,1,1,2,2,2,2
"M145918",1,1,1,1,1,1,1,1,1,1,1,1,1,1,1,1,1,2,1,1,1,1,1,1,1,1,1,1,1,1,1,1,1,1,1,1,1,1,1,1,1,1,1,1,1,1,1,1,1,1,1,1,1,1,2,2,1,1,2,2,1,1,1,3,1,1,1,2,2,2
"M145919",1,1,1,1,1,1,1,1,1,1,1,1,1,2,1,1,2,2,2,2,2,2,2,2,1,1,2,2,1,1,2,2,2,2,2,2,1,1,1,1,1,1,2,2,1,1,1,1,1,1,1,1,1,1,2,2,1,1,2,2,1,1,3,2,2,1,2,2,2,2
"M145920",1,1,1,1,1,1,1,1,1,1,1,1,1,1,1,1,1,2,1,2,1,1,1,1,1,1,1,1,1,1,1,1,1,1,1,1,1,1,1,1,1,1,2,2,1,1,1,1,1,1,1,1,1,1,2,2,1,1,2,2,1,1,3,2,1,1,2,2,2,2
"M145921",1,1,1,1,1,1,1,1,1,1,1,1,1,1,1,1,2,2,2,2,2,2,2,2,1,1,2,2,1,1,2,2,2,2,2,2,1,1,1,1,1,1,2,2,1,1,1,1,1,1,1,1,1,1,2,2,1,1,2,2,1,1,3,3,1,1,2,2,2,2
"M145922",1,1,1,1,1,1,1,1,1,1,1,1,1,1,1,1,1,2,1,1,1,2,1,2,1,1,2,2,1,1,1,2,2,1,1,2,1,1,1,1,1,1,1,2,1,1,1,1,1,1,1,1,1,1,2,2,1,1,2,2,1,1,3,2,1,1,2,2,2,2
"M145923",1,1,1,1,1,1,1,1,1,1,1,1,1,1,1,1,2,2,0,0,1,2,1,2,1,1,1,2,1,1,1,2,2,1,1,2,1,1,1,1,1,1,2,2,1,1,1,1,1,1,1,1,1,1,2,2,1,1,2,2,1,1,1,2,1,1,2,2,2,2
"M145924",1,1,1,1,1,1,1,1,1,1,1,1,1,1,1,1,1,2,0,0,1,2,2,2,1,1,1,2,1,1,1,2,2,1,1,2,1,1,1,1,1,1,2,2,1,1,1,1,1,1,1,1,1,1,2,2,1,1,2,2,1,1,1,3,1,1,2,2,2,2
"M145925",1,1,1,1,1,1,1,1,1,1,1,1,1,1,1,1,2,2,0,0,1,1,1,1,1,1,1,1,1,1,1,2,1,1,1,1,1,1,1,1,1,1,2,2,1,1,1,1,1,1,1,1,1,1,2,2,1,1,2,2,1,1,3,3,1,1,2,2,2,2
"M145926",1,1,1,1,1,1,1,1,1,1,1,1,1,1,1,1,1,2,2,2,1,2,1,2,1,1,2,2,1,1,1,2,2,1,1,2,1,1,1,1,1,1,2,2,1,1,1,1,1,1,1,1,1,1,2,2,1,1,2,2,1,1,3,2,1,1,2,2,2,2
"M145927",1,1,1,1,1,1,1,1,1,1,1,1,1,1,1,1,2,2,2,2,1,2,1,2,1,1,1,2,1,1,2,2,2,1,1,2,1,1,1,1,1,1,2,2,1,1,1,1,1,1,1,1,1,1,2,2,1,1,2,2,1,1,1,2,2,1,2,2,2,2
"M145928",1,1,1,1,1,1,1,1,1,1,1,1,1,1,1,1,2,2,0,0,1,2,1,2,1,1,1,2,1,1,1,2,2,1,1,2,1,1,1,1,1,1,2,2,1,1,1,1,1,1,1,1,1,1,2,2,1,1,2,2,1,1,3,3,2,2,2,2,2,2
"M145929",1,1,1,1,1,1,1,1,1,1,1,1,1,1,1,1,1,2,1,2,1,2,1,2,1,1,1,2,1,1,1,2,2,1,1,2,1,1,1,1,1,1,2,2,1,1,1,1,1,1,1,1,1,1,2,2,1,1,2,2,1,1,3,3,1,1,2,2,2,2
"M145930",1,1,1,1,1,1,1,1,1,1,1,2,1,1,1,1,2,2,0,0,1,2,1,2,1,1,2,2,1,1,1,2,2,1,1,2,1,1,1,1,1,1,2,2,1,1,1,1,1,1,1,1,1,1,2,2,1,1,2,2,1,1,3,2,2,1,2,2,2,2
"M145931",1,1,1,1,1,1,1,1,1,1,1,2,1,1,1,1,2,2,2,2,2,2,2,2,1,1,2,2,1,1,2,2,2,2,2,2,1,1,1,1,1,1,2,2,1,1,1,1,1,1,1,1,1,1,2,2,1,1,2,2,1,1,1,2,2,2,2,2,2,2
"M145932",1,2,1,2,1,2,2,2,1,2,1,2,1,1,1,1,1,1,1,1,1,1,1,1,1,1,1,1,1,1,1,1,1,1,1,1,1,1,1,1,1,1,2,2,1,1,1,1,1,1,1,1,1,1,2,2,1,1,2,2,1,1,3,3,2,2,2,2,2,2
"M145933",1,1,1,1,1,1,1,1,1,1,1,1,2,2,1,1,1,2,1,1,1,1,1,1,1,1,1,1,1,1,1,1,1,1,1,1,1,1,1,1,1,1,2,2,1,1,1,1,1,1,1,1,1,1,2,2,1,1,2,2,1,1,3,3,2,1,2,2,2,2
"M145934",1,1,1,1,1,1,1,1,1,1,1,1,1,1,1,1,2,2,2,2,1,2,1,2,1,1,1,2,1,1,2,2,2,1,1,2,1,1,1,1,1,1,2,2,1,1,1,1,1,1,1,1,1,1,2,2,1,1,2,2,1,1,3,3,2,1,2,2,2,2
"M145935",1,1,1,1,1,1,1,1,1,1,1,1,1,1,1,1,2,2,2,2,1,2,1,2,1,1,1,2,1,1,2,2,2,1,1,2,1,1,1,1,1,1,2,2,1,1,1,1,1,1,1,1,1,1,2,2,1,1,2,2,1,1,3,2,2,1,2,2,2,2
"M145936",1,1,1,1,1,1,1,1,1,1,1,1,1,1,1,1,2,2,2,2,1,2,1,2,1,1,1,2,1,1,1,2,2,1,1,2,1,1,1,1,1,1,2,2,1,1,1,1,1,1,1,1,1,1,2,2,1,1,2,2,1,1,3,3,1,1,2,2,2,2
"M145937",1,1,1,1,1,1,1,1,1,1,1,2,1,2,1,1,1,1,1,1,1,1,1,1,1,1,1,1,1,1,1,1,1,1,1,1,1,1,1,1,1,1,2,2,1,1,1,1,1,1,1,1,1,1,2,2,1,1,2,2,1,1,3,3,2,2,2,2,2,2
"M145938",1,1,1,1,1,1,1,1,1,1,1,1,1,1,1,1,2,2,1,1,1,1,1,1,1,1,1,1,1,1,1,1,1,1,1,1,1,1,1,1,1,1,2,2,1,1,1,1,1,1,1,1,1,1,2,2,1,1,2,2,1,1,3,2,2,1,2,2,2,2
"M145939",1,1,1,1,1,1,1,1,1,1,1,1,2,2,1,1,2,2,1,1,1,1,1,1,1,1,1,1,1,1,1,1,1,1,1,1,1,1,1,1,1,1,2,2,1,1,1,1,1,1,1,1,1,1,2,2,1,1,2,2,1,1,3,2,2,1,2,2,2,2
"M145940",1,1,1,1,1,1,1,1,1,1,1,1,1,1,1,1,2,2,0,0,1,1,1,1,1,1,1,1,1,1,1,2,1,1,1,1,1,1,1,1,1,1,1,2,1,1,1,1,1,1,1,1,1,1,2,2,1,1,2,2,1,1,1,3,1,1,2,2,2,2
"M145941",1,1,1,1,1,1,1,1,1,1,1,1,1,1,1,1,2,2,0,0,1,2,1,2,1,1,1,2,1,1,1,2,2,1,1,2,1,1,1,1,1,1,2,2,1,1,1,1,1,1,1,1,1,1,2,2,1,1,2,2,0,0,3,3,1,1,2,2,2,2
"M145942",2,2,1,2,1,2,1,2,1,2,1,1,1,2,1,1,2,2,2,2,2,2,2,2,1,1,2,2,1,1,2,2,2,2,2,2,1,1,1,1,1,1,1,2,1,1,1,1,1,1,1,1,1,1,2,2,1,1,2,2,1,1,3,3,1,1,2,2,2,2
"M145943",1,1,1,1,1,1,1,1,1,1,1,1,1,1,1,1,2,2,0,0,1,2,1,2,1,1,1,2,1,1,1,2,2,1,1,2,1,1,1,1,1,1,2,2,1,1,1,1,1,1,1,1,1,1,2,2,1,1,2,2,1,1,3,3,2,1,2,2,2,2
"M145944",1,1,1,1,1,1,1,1,1,1,1,1,1,2,1,1,2,2,0,0,1,2,1,2,1,1,1,2,1,1,1,2,2,1,1,2,1,1,1,1,1,1,2,2,1,1,1,1,1,1,1,1,1,1,2,2,1,1,2,2,1,1,3,2,2,1,2,2,2,2
"M145945",1,1,1,1,1,1,1,2,1,1,1,2,1,1,1,1,1,1,1,1,1,1,1,1,1,1,1,1,1,1,1,1,1,1,1,1,1,1,1,1,1,1,2,2,1,1,1,1,1,1,1,1,1,1,2,2,1,1,2,2,1,1,2,2,2,1,2,2,2,2
"M145946",1,1,1,1,1,1,1,1,1,1,1,2,1,1,1,1,1,2,0,0,1,1,1,1,0,0,1,1,1,1,1,1,1,1,1,1,1,1,1,1,1,1,1,2,1,1,1,1,1,1,1,1,0,0,2,2,1,1,2,2,1,1,3,3,1,1,1,2,2,2
"M145947",0,0,1,1,1,1,1,1,1,1,0,0,0,0,1,1,2,2,0,0,1,2,0,0,1,1,0,0,1,1,0,0,2,1,2,2,1,1,0,0,0,0,2,2,0,0,1,1,1,1,1,1,0,0,2,2,1,1,2,2,0,0,4,4,1,1,2,2,2,2
"M145948",1,1,1,1,1,1,1,1,1,1,1,2,1,2,1,1,1,2,0,0,1,2,1,2,1,1,2,2,1,1,1,2,2,1,1,2,1,1,1,1,1,1,2,2,1,1,1,1,1,1,1,1,1,1,2,2,1,1,2,2,1,1,2,2,1,1,2,2,2,2
"M145949",1,1,1,1,1,1,1,1,1,1,1,2,1,1,1,1,2,2,0,0,1,1,1,1,1,1,1,1,1,1,1,2,1,1,1,1,1,1,1,1,1,1,1,1,1,1,1,1,1,1,1,1,1,1,2,2,1,1,2,2,1,1,1,3,1,1,1,2,2,2
"M145950",1,1,1,1,1,1,1,1,1,1,1,1,1,1,1,1,2,2,0,0,1,1,1,1,1,1,1,1,1,1,1,2,1,1,1,1,1,1,1,1,1,1,2,2,1,1,1,1,1,1,1,1,1,1,2,2,1,1,2,2,1,1,1,1,1,1,2,2,2,2
"M145951",1,2,1,2,1,2,1,2,1,2,1,2,1,2,1,1,1,2,0,0,2,2,2,2,1,1,2,2,1,1,2,2,2,2,2,2,1,1,1,1,1,1,2,2,1,1,1,1,1,1,1,1,1,1,2,2,1,1,2,2,1,1,3,3,1,1,2,2,2,2
"M145952",1,1,1,1,1,1,1,1,1,1,1,2,1,2,1,1,1,2,1,1,1,1,1,1,1,1,1,1,1,1,1,1,1,1,1,1,1,1,1,1,1,1,2,2,1,1,1,1,1,1,1,1,1,1,2,2,1,1,2,2,1,1,1,3,2,1,2,2,2,2
"M145953",1,1,1,1,1,1,1,1,1,1,1,2,1,1,1,1,2,2,2,2,2,2,2,2,1,1,2,2,1,1,2,2,2,2,2,2,1,1,1,1,1,1,2,2,1,1,1,1,1,1,1,1,1,1,2,2,1,1,2,2,1,1,1,3,1,1,2,2,2,2
"M145954",1,1,1,1,1,1,1,1,1,1,1,2,1,1,1,1,2,2,0,0,1,1,1,1,1,1,1,1,1,1,1,2,1,1,1,1,1,1,1,1,1,1,2,2,1,1,1,1,1,1,1,1,1,1,2,2,1,1,2,2,1,1,3,2,2,2,2,2,2,2
"M145955",1,1,1,1,1,1,1,1,1,1,1,2,1,2,1,1,1,2,0,0,1,2,1,2,1,1,1,2,1,1,1,2,2,1,1,2,1,1,1,1,1,1,2,2,1,1,1,1,1,1,1,1,1,1,2,2,1,1,2,2,1,1,3,2,2,1,2,2,2,2
"M145956",1,1,1,1,1,1,1,1,1,1,1,1,1,1,1,1,2,2,2,2,1,2,1,1,1,1,1,2,1,1,2,2,2,1,1,2,1,1,1,1,1,1,1,2,1,1,1,1,1,1,1,1,1,1,2,2,1,1,2,2,1,1,1,2,2,2,1,2,2,2
"M145957",1,1,1,1,1,1,1,1,1,1,1,1,1,1,1,1,2,2,0,0,1,2,1,2,1,1,1,2,1,1,1,2,2,1,1,2,1,1,1,1,1,1,2,2,1,1,1,1,1,1,1,1,1,1,2,2,1,1,2,2,1,1,3,2,2,2,2,2,2,2
"M145958",1,1,1,1,1,1,1,2,1,1,1,1,2,2,1,1,1,2,1,1,1,1,1,1,1,1,1,1,1,1,1,1,1,1,1,1,1,1,1,1,1,1,2,2,1,1,1,1,1,1,1,1,1,1,2,2,1,1,2,2,1,1,2,2,2,1,2,2,2,2
"M145959",1,2,1,2,1,2,2,2,1,2,1,2,1,1,1,1,1,2,0,0,1,1,1,1,1,1,1,1,1,1,1,1,1,1,1,1,1,1,1,1,1,1,1,2,1,1,1,1,1,1,1,1,1,1,2,2,1,1,2,2,1,1,3,3,2,1,2,2,2,2
"M145960",1,1,1,1,1,1,1,1,1,1,1,2,1,2,1,1,1,2,0,0,1,1,1,1,1,1,1,1,1,1,1,2,1,1,1,1,1,1,1,1,1,1,2,2,1,1,1,1,1,1,1,1,1,1,2,2,1,1,2,2,1,1,3,2,2,2,2,2,2,2
"M145961",0,0,0,0,0,0,0,0,0,0,0,0,1,1,0,0,2,2,1,2,0,0,1,1,0,0,0,0,1,1,0,0,0,0,0,0,0,0,0,0,0,0,0,0,0,0,0,0,0,0,0,0,0,0,0,0,0,0,0,0,1,1,0,0,0,0,0,0,0,0
"M145962",1,1,1,1,1,1,1,1,1,1,1,2,1,1,1,1,2,2,1,2,1,2,1,2,1,1,1,2,1,1,1,2,2,1,1,2,1,1,1,1,1,1,2,2,1,1,1,1,1,1,1,1,1,1,2,2,1,1,2,2,1,1,3,2,1,1,2,2,2,2
"M145963",1,1,1,1,1,1,1,2,1,1,1,2,1,2,1,1,2,2,2,2,2,2,2,2,1,1,2,2,1,1,2,2,2,2,2,2,1,1,1,1,1,1,2,2,1,1,1,1,1,1,1,1,1,1,2,2,1,1,2,2,1,1,3,2,2,1,2,2,2,2
"M145964",1,2,1,2,1,2,1,2,1,2,1,1,1,1,1,1,1,2,1,2,1,2,1,2,1,1,1,2,1,1,1,2,2,1,1,2,1,1,1,1,1,1,2,2,1,1,1,1,1,1,1,1,1,1,2,2,1,1,2,2,1,1,1,1,2,2,2,2,2,2
"M145965",1,1,1,1,1,1,1,1,1,1,1,2,1,2,1,1,1,2,1,1,1,1,1,1,1,1,1,1,1,1,1,1,1,1,1,1,1,1,1,1,1,1,2,2,1,1,1,1,1,1,1,1,1,1,2,2,1,1,2,2,1,1,1,2,1,1,2,2,2,2
"M145966",1,1,1,1,1,1,1,2,1,1,1,1,1,1,1,1,1,2,1,2,1,1,1,1,1,1,1,1,1,1,1,2,1,1,1,1,1,1,1,1,1,1,1,2,1,1,1,1,1,1,1,1,1,1,2,2,1,1,2,2,1,1,1,3,2,1,1,2,2,2
"M145967",1,1,1,1,1,1,1,1,1,1,1,2,1,2,1,1,1,2,1,1,1,1,1,1,1,1,1,1,1,1,1,1,1,1,1,1,1,1,1,1,1,1,2,2,1,1,1,1,1,1,1,1,1,1,2,2,1,1,2,2,1,1,2,2,1,1,2,2,2,2
"M145968",1,1,1,1,1,1,1,2,1,1,1,2,1,1,1,1,1,2,1,2,1,1,1,1,1,1,1,1,1,1,1,2,1,1,1,1,1,1,1,1,1,1,2,2,1,1,1,1,1,1,1,1,1,1,2,2,1,1,2,2,1,1,3,3,2,1,2,2,2,2
"M145969",1,1,1,1,1,1,1,1,1,1,1,2,1,1,1,1,1,2,1,1,1,1,1,1,1,1,1,1,1,1,1,1,1,1,1,1,1,1,1,1,1,1,1,1,1,1,1,1,1,1,1,1,1,1,2,2,1,1,2,2,1,1,1,3,1,1,1,2,2,2
"M145970",1,1,1,1,1,1,1,1,1,1,1,2,1,2,1,1,1,2,1,2,1,2,1,2,1,1,1,2,1,1,1,2,2,1,1,2,1,1,1,1,1,1,2,2,1,1,1,1,1,1,1,1,1,1,2,2,1,1,2,2,1,1,3,2,2,1,2,2,2,2
"M145971",1,1,1,1,1,1,1,1,1,1,1,1,1,2,1,1,1,2,1,2,2,2,2,2,1,1,2,2,1,1,2,2,2,2,2,2,1,1,1,1,1,1,2,2,1,1,1,1,1,1,1,1,1,1,2,2,1,1,2,2,1,1,2,2,2,1,2,2,2,2
"M145972",1,1,1,1,1,1,1,1,1,1,1,1,1,1,1,1,1,2,1,1,1,1,1,1,1,1,1,1,1,1,1,1,1,1,1,1,1,1,1,1,1,1,2,2,1,1,1,1,1,1,1,1,1,1,2,2,1,1,2,2,1,1,1,1,2,2,2,2,2,2
"M145973",1,1,1,1,1,1,1,1,1,1,1,2,1,2,1,1,1,1,1,1,1,1,1,1,1,1,1,1,1,1,1,1,1,1,1,1,1,1,1,1,1,1,1,2,1,1,1,1,1,1,1,1,1,1,2,2,1,1,2,2,1,1,3,2,2,1,2,2,2,2
"M145974",1,1,1,1,1,1,1,1,1,1,1,2,1,1,1,1,1,2,1,2,1,2,1,2,1,1,1,2,1,1,1,2,2,1,1,2,1,1,1,1,1,1,1,2,1,1,1,1,1,1,1,1,1,1,2,2,1,1,2,2,1,1,3,2,1,1,2,2,2,2
"M145975",1,1,1,1,1,1,1,1,1,1,1,2,1,2,1,1,1,1,1,1,1,2,1,2,1,1,1,2,1,1,1,2,2,1,1,2,1,1,1,1,1,1,2,2,1,1,1,1,1,1,1,1,1,1,2,2,1,1,2,2,1,1,1,1,1,1,2,2,2,2
"M145976",1,1,1,1,1,1,1,2,1,1,1,1,1,1,1,1,1,2,1,2,1,1,1,1,1,1,1,1,1,1,1,2,1,1,1,1,1,1,1,1,1,1,2,2,1,1,1,1,1,1,1,1,1,1,2,2,1,1,2,2,1,1,1,3,2,1,2,2,2,2
"M145977",1,2,1,2,1,2,2,2,1,2,2,2,1,1,1,1,1,1,1,1,1,1,1,1,1,1,1,1,1,1,1,1,1,1,1,1,1,1,1,1,1,1,1,2,1,1,1,1,1,1,1,2,1,1,1,2,2,1,3,2,1,1,3,2,2,1,1,2,1,2
"M145978",0,0,1,1,0,0,2,2,0,0,2,2,1,1,1,1,1,1,0,0,1,1,1,1,1,1,0,0,1,1,1,1,1,1,1,1,1,1,0,0,0,0,1,1,0,0,1,1,1,1,1,1,0,0,2,2,1,1,2,2,0,0,0,0,0,0,2,2,2,2
"M145979",2,2,2,2,2,2,2,2,2,2,1,2,2,2,1,1,2,2,2,2,1,1,1,1,1,1,1,1,1,1,2,2,1,1,1,1,1,1,1,1,1,1,2,2,1,1,1,1,1,1,1,2,1,1,1,2,2,3,3,3,1,1,3,3,2,2,1,2,1,1
