"","D2_indiv","D1_indiv","logl_ratio","num_loc"
"1","M145494","M145524",43.0952270156338,93
"2","M145542","M145767",41.1342226324725,93
"3","M145595","M145692",31.5709314289626,93
"4","M145637","M145675",31.4805145444846,95
"5","M145810","M145833",28.7200740532391,94
"6","M145932","M145937",28.4646440620182,95
"7","M145871","M145872",28.4122518746258,94
"8","M145819","M145833",27.0075584722077,95
"9","M145800","M145812",26.5191439164753,89
"10","M145966","M145968",25.8819278654175,95
"11","M145697","M145761",25.5972636558953,91
"12","M145650","M145687",25.0841261881565,94
"13","M145501","M145509",24.9479525650576,93
"14","M145790","M145816",24.9097763188939,93
"15","M145495","M145509",24.9074246665901,95
"16","M145518","M145533",24.56322172643,94
"17","M145822","M145824",24.402379257114,94
"18","M145814","M145821",24.3635334805904,94
"19","M145939","M145958",24.0267602035633,94
"20","M145811","M145821",23.6822440942544,94
"21","M145619","M145688",23.3352757605396,95
"22","M145756","M145781",23.2438869837692,93
"23","M145815","M145831",23.2068666013737,94
"24","M145532","M145564",23.0725304740331,88
"25","M145790","M145815",22.8203973103283,93
"26","M145844","M145854",22.7136731476017,94
"27","M145843","M145861",22.7030372769534,95
"28","M145503","M145563",22.5626891204149,91
"29","M145705","M145756",22.4725793981948,93
"30","M145815","M145821",22.3519427220713,94
"31","M145843","M145854",22.2942220053917,94
"32","M145811","M145814",22.2277341450619,95
"33","M145809","M145831",22.1941229240498,95
"34","M145723","M145782",22.1890422323548,93
"35","M145815","M145824",22.1525519880794,94
"36","M145571","M145572",22.0812064044974,94
"37","M145734","M145753",21.825751702194,92
"38","M145815","M145822",21.6901923654987,94
"39","M145498","M145527",21.6107564187018,93
"40","M145718","M145783",21.5923229343565,91
"41","M145815","M145816",21.5381225814186,94
"42","M145513","M145561",21.4552088456379,94
"43","M145600","M145605",21.3907683292037,92
"44","M145796","M145797",21.3823441049304,94
"45","M145736","M145748",21.349806075645,91
"46","M145709","M145711",21.3424529135311,93
"47","M145499","M145501",21.2740959940245,91
"48","M145516","M145522",21.0779784693283,94
"49","M145696","M145747",21.0223588405667,95
"50","M145551","M145582",20.8685379842551,94
"51","M145740","M145762",20.7912189100318,95
"52","M145560","M145880",20.730916629473,93
"53","M145499","M145509",20.6636753623702,93
"54","M145496","M145529",20.6262040682775,93
"55","M145816","M145824",20.5886307391217,94
"56","M145936","M145941",20.5845295084237,95
"57","M145761","M145784",20.4869140004349,91
"58","M145705","M145781",20.4202047272162,95
"59","M145820","M145826",20.2019409979071,93
"60","M145525","M145582",20.1986984379221,94
"61","M145748","M145758",20.0707946666511,91
"62","M145745","M145764",20.0639573117001,91
"63","M145525","M145578",20.0566812333693,95
"64","M145811","M145822",20.0304201509555,94
"65","M145695","M145719",19.9520176767005,94
"66","M145808","M145814",19.9503312562584,94
"67","M145716","M145718",19.8815917113931,92
"68","M145800","M145828",19.8305979942259,95
"69","M145549","M145551",19.7136125587173,95
"70","M145826","M145836",19.5617428351761,94
"71","M145744","M145748",19.5170007175564,92
"72","M145790","M145831",19.4106998331416,93
"73","M145502","M145558",19.3540257122888,93
"74","M145944","M145957",19.3193022708098,93
"75","M145760","M145776",19.2863669024696,94
"76","M145547","M145572",19.199104209575,94
"77","M145550","M145590",19.1197361620139,94
"78","M145930","M145934",19.0435791894338,94
"79","M145816","M145822",19.0421852161328,94
"80","M145515","M145516",19.0414397254489,94
"81","M145695","M145722",19.0314086861321,93
"82","M145811","M145824",18.9893730845366,94
"83","M145790","M145814",18.9110283441483,93
"84","M145697","M145784",18.9030397432082,92
"85","M145495","M145501",18.8880288326841,93
"86","M145934","M145966",18.8677871365135,95
"87","M145534","M145591",18.8331845381595,92
"88","M145716","M145744",18.8180013635568,93
"89","M145822","M145831",18.799003793831,94
"90","M145925","M145941",18.7216472257365,95
"91","M145742","M145783",18.6705834543352,91
"92","M145495","M145499",18.585586127496,93
"93","M145811","M145816",18.556557703877,95
"94","M145571","M145582",18.5194217044993,94
"95","M145758","M145776",18.4639832819332,92
"96","M145731","M145756",18.4100197229835,93
"97","M145854","M145861",18.3637946341742,94
"98","M145509","M145767",18.3329030554147,93
"99","M145753","M145779",18.2778955749234,93
"100","M145525","M145584",18.2491884806787,93
"101","M145718","M145750",18.2486800036551,93
"102","M145718","M145755",18.1923639094492,91
"103","M145756","M145839",18.1709259367344,92
"104","M145808","M145813",18.1487721527007,93
"105","M145710","M145781",18.1314172060477,93
"106","M145955","M145962",18.1219327741582,94
"107","M145511","M145551",18.1201736735446,95
"108","M145554","M145581",18.0879732717795,95
"109","M145706","M145764",18.0686150407413,94
"110","M145809","M145824",17.9101973985149,94
"111","M145753","M145839",17.8904953300426,94
"112","M145724","M145771",17.8565170478308,92
"113","M145490","M145536",17.8309729178098,93
"114","M145635","M145669",17.8172806708156,88
"115","M145843","M145844",17.8040845659474,94
"116","M145813","M145816",17.790825762893,93
"117","M145734","M145839",17.7371883213105,91
"118","M145738","M145750",17.683871430364,95
"119","M145495","M145767",17.6803303694907,93
"120","M145724","M145752",17.6102509043027,94
"121","M145802","M145815",17.6008140799986,94
"122","M145934","M145968",17.586880345332,95
"123","M145809","M145815",17.5804848416613,94
"124","M145854","M145859",17.5574168375049,94
"125","M145534","M145567",17.5515696456829,92
"126","M145572","M145578",17.5060305598614,94
"127","M145798","M145803",17.469375671776,95
"128","M145514","M145524",17.450644581933,93
"129","M145525","M145547",17.4501886806802,95
"130","M145716","M145748",17.4347003546021,92
"131","M145624","M145689",17.4212292799183,93
"132","M145578","M145584",17.4161152691312,93
"133","M145802","M145808",17.401167772246,93
"134","M145551","M145578",17.390105930905,95
"135","M145509","M145542",17.3217216141701,95
"136","M145718","M145742",17.2573029704517,92
"137","M145790","M145813",17.2384557310727,93
"138","M145547","M145873",17.1847693269035,91
"139","M145494","M145514",17.1640008178993,92
"140","M145748","M145760",17.1545073987415,92
"141","M145553","M145581",17.0921178249915,95
"142","M145811","M145815",17.0831141049115,94
"143","M145499","M145542",17.0555175268193,93
"144","M145801","M145819",17.0400524746228,95
"145","M145716","M145774",16.8551443825568,91
"146","M145714","M145750",16.8515329616188,94
"147","M145578","M145873",16.8357878777416,91
"148","M145499","M145767",16.8095109102278,91
"149","M145565","M145578",16.7354474501452,95
"150","M145507","M145863",16.7146748485778,94
"151","M145567","M145591",16.7050094227845,92
"152","M145702","M145774",16.6863104544768,90
"153","M145520","M145553",16.6441408848973,95
"154","M145731","M145779",16.5149598134472,93
"155","M145788","M145806",16.5099028191114,94
"156","M145800","M145820",16.4727722645308,94
"157","M145761","M145775",16.4678219612246,90
"158","M145538","M145863",16.430842685458,94
"159","M145603","M145667",16.3268411493136,94
"160","M145630","M145647",16.2945653246589,95
"161","M145522","M145536",16.2795751752871,94
"162","M145578","M145582",16.2469693985427,94
"163","M145551","M145565",16.2363250683184,95
"164","M145502","M145767",16.2249489108851,92
"165","M145814","M145815",16.1906345847738,94
"166","M145844","M145848",16.1899925442511,94
"167","M145716","M145738",16.1769755925121,94
"168","M145911","M145952",16.1551935752239,92
"169","M145525","M145572",16.1543941197591,94
"170","M145508","M145525",16.1427857991672,95
"171","M145749","M145759",16.0961942811791,93
"172","M145781","M145839",16.0578491538873,94
"173","M145808","M145825",16.0532970305014,91
"174","M145722","M145782",16.0366130075973,92
"175","M145790","M145825",16.0240478348118,91
"176","M145716","M145736",16.0099070498863,92
"177","M145501","M145502",15.9721326522077,93
"178","M145609","M145687",15.9713550651762,94
"179","M145716","M145783",15.94093348359,91
"180","M145587","M145590",15.9294097844637,94
"181","M145813","M145815",15.9275646439513,93
"182","M145547","M145571",15.9240371979033,95
"183","M145493","M145567",15.8899942749937,91
"184","M145738","M145783",15.8855322946718,92
"185","M145525","M145571",15.8545115011526,95
"186","M145592","M145881",15.8439170042927,78
"187","M145750","M145774",15.8254050501631,92
"188","M145495","M145542",15.8089523770529,95
"189","M145525","M145873",15.7360741737825,91
"190","M145935","M145968",15.6620884262288,95
"191","M145941","M145956",15.6291652963456,94
"192","M145609","M145650",15.5969463625636,95
"193","M145916","M145962",15.5728056397276,94
"194","M145843","M145857",15.5712315246785,94
"195","M145814","M145825",15.5673301734526,92
"196","M145925","M145956",15.564596941976,94
"197","M145758","M145760",15.5570461474259,92
"198","M145541","M145555",15.5381623255334,90
"199","M145738","M145774",15.5355529365582,92
"200","M145511","M145549",15.5216735148559,95
"201","M145547","M145551",15.4993678168819,95
"202","M145490","M145516",15.4873977333652,93
"203","M145918","M145974",15.4867620599227,95
"204","M145750","M145783",15.4411062051519,92
"205","M145913","M145936",15.424066570418,95
"206","M145507","M145514",15.395947574282,94
"207","M145801","M145810",15.3830470856594,94
"208","M145744","M145774",15.3754928834676,91
"209","M145718","M145748",15.3523328247334,91
"210","M145667","M145675",15.3520708860739,95
"211","M145702","M145748",15.3369824586893,90
"212","M145733","M145763",15.3279859265759,92
"213","M145574","M145581",15.3234473363752,93
"214","M145809","M145822",15.3196272316987,94
"215","M145519","M145532",15.2924590802406,94
"216","M145569","M145867",15.2864508426627,94
"217","M145495","M145502",15.2432378012316,94
"218","M145624","M145625",15.2409860479257,92
"219","M145512","M145877",15.2380361801881,94
"220","M145744","M145750",15.2363568806348,94
"221","M145502","M145542",15.2137674696405,94
"222","M145734","M145779",15.1654415665176,91
"223","M145742","M145744",15.153101597066,93
"224","M145714","M145757",15.1266787778446,94
"225","M145809","M145825",15.120267988461,92
"226","M145801","M145833",15.1000692608304,95
"227","M145710","M145770",15.0988605422844,92
"228","M145798","M145826",15.0852987891816,94
"229","M145797","M145832",15.0731849398338,95
"230","M145824","M145831",15.068168133734,94
"231","M145697","M145775",15.0643810416871,91
"232","M145719","M145741",15.0188878323483,94
"233","M145844","M145857",15.0143459109445,94
"234","M145779","M145839",15.0055747740629,92
"235","M145501","M145558",14.9912893873331,92
"236","M145716","M145750",14.9785077509495,94
"237","M145748","M145783",14.9778874967958,90
"238","M145526","M145585",14.9753183430796,89
"239","M145547","M145578",14.9735932481451,95
"240","M145776","M145783",14.9290772603242,91
"241","M145706","M145726",14.9283510722735,92
"242","M145755","M145783",14.8960229428402,90
"243","M145734","M145770",14.8933253836087,91
"244","M145848","M145849",14.8889080143186,94
"245","M145734","M145756",14.8826341789498,90
"246","M145694","M145709",14.8661667709055,93
"247","M145700","M145740",14.8632676829554,93
"248","M145816","M145831",14.8509753549833,95
"249","M145565","M145572",14.8391261507535,94
"250","M145545","M145881",14.8276156474536,95
"251","M145710","M145734",14.7843059082342,91
"252","M145805","M145806",14.7407385698379,94
"253","M145736","M145744",14.7364978649593,92
"254","M145716","M145742",14.7304043033435,93
"255","M145543","M145587",14.7100767300848,94
"256","M145524","M145863",14.7090135507351,93
"257","M145511","M145578",14.6746685801943,95
"258","M145802","M145813",14.6691890385789,93
"259","M145540","M145581",14.6621073838754,93
"260","M145519","M145564",14.6529757195486,88
"261","M145511","M145565",14.6201741664445,95
"262","M145526","M145586",14.5827205598189,93
"263","M145748","M145774",14.5720382835038,90
"264","M145821","M145822",14.5057116747847,94
"265","M145795","M145819",14.4734803916143,95
"266","M145499","M145502",14.4721929800703,92
"267","M145793","M145794",14.4409437238918,95
"268","M145494","M145863",14.4223697867014,92
"269","M145572","M145873",14.4171540099952,90
"270","M145802","M145811",14.4166578437357,94
"271","M145809","M145813",14.4095049253923,93
"272","M145705","M145710",14.4004024779065,93
"273","M145952","M145972",14.3772684555193,90
"274","M145790","M145802",14.3406869650262,93
"275","M145763","M145776",14.3166452602301,92
"276","M145665","M145688",14.3020085557799,95
"277","M145572","M145582",14.2896921229654,93
"278","M145726","M145764",14.2319645826893,91
"279","M145734","M145781",14.2060257381882,92
"280","M145524","M145880",14.196911908976,94
"281","M145848","M145857",14.1827546838283,94
"282","M145911","M145972",14.1669300920493,91
"283","M145522","M145555",14.1527058034402,93
"284","M145808","M145822",14.1316610412837,93
"285","M145940","M145950",14.127523181934,93
"286","M145525","M145551",14.1195633222277,95
"287","M145841","M145843",14.1162879560063,95
"288","M145524","M145538",14.0998201041282,94
"289","M145793","M145817",14.0845106231049,95
"290","M145607","M145888",14.0786318339072,91
"291","M145738","M145744",14.0587305927807,94
"292","M145925","M145936",14.0490637317944,95
"293","M145844","M145849",14.0226616900592,94
"294","M145718","M145758",14.0167534481984,92
"295","M145935","M145966",14.0159125824319,95
"296","M145736","M145738",14.0158653731784,93
"297","M145560","M145863",13.9892096289667,92
"298","M145731","M145839",13.960383608197,94
"299","M145790","M145808",13.9592689903032,93
"300","M145494","M145880",13.9102681449424,93
"301","M145536","M145541",13.8998546213273,91
"302","M145508","M145547",13.8895217068981,95
"303","M145722","M145723",13.8759794337879,93
"304","M145921","M145929",13.8235016072339,91
"305","M145494","M145538",13.8131763400945,93
"306","M145696","M145841",13.8020187947097,95
"307","M145508","M145582",13.7847317289586,94
"308","M145918","M145946",13.7794750247793,95
"309","M145517","M145539",13.7677915597471,94
"310","M145536","M145539",13.754578416543,93
"311","M145570","M145581",13.6989913457338,94
"312","M145534","M145589",13.6576199291604,92
"313","M145538","M145880",13.6321871169246,95
"314","M145969","M145974",13.629761175198,83
"315","M145718","M145736",13.624016761008,91
"316","M145758","M145783",13.6192857489255,91
"317","M145774","M145783",13.5832230921305,90
"318","M145790","M145824",13.5765374581622,93
"319","M145543","M145590",13.5739660866802,93
"320","M145508","M145551",13.5509175350238,95
"321","M145570","M145574",13.5491619424993,93
"322","M145913","M145956",13.5367192642543,94
"323","M145714","M145755",13.5057895299534,92
"324","M145722","M145759",13.5040191573075,93
"325","M145515","M145522",13.5035348772197,95
"326","M145775","M145784",13.4974917400791,91
"327","M145565","M145571",13.4771073231555,95
"328","M145554","M145574",13.4659188105875,93
"329","M145813","M145825",13.4257204859849,91
"330","M145520","M145554",13.3944842908367,95
"331","M145803","M145837",13.3590781341913,95
"332","M145808","M145816",13.3496718991065,94
"333","M145866","M145874",13.3460905324283,93
"334","M145702","M145744",13.3419058590738,90
"335","M145705","M145839",13.3331146934552,94
"336","M145695","M145782",13.3262581932014,94
"337","M145700","M145762",13.3209132743816,93
"338","M145708","M145730",13.2848185813663,91
"339","M145520","M145570",13.2720028973772,94
"340","M145516","M145536",13.2608152209051,93
"341","M145732","M145786",13.2490588489942,94
"342","M145802","M145814",13.2212847214065,94
"343","M145808","M145821",13.2059020001754,93
"344","M145710","M145753",13.1926037977704,93
"345","M145698","M145736",13.1919515163292,90
"346","M145705","M145731",13.1706512799449,95
"347","M145813","M145831",13.1603296909644,93
"348","M145810","M145819",13.1595153768344,94
"349","M145714","M145718",13.1521701479943,92
"350","M145694","M145711",13.1059193987755,93
"351","M145821","M145825",13.1005524810846,92
"352","M145520","M145574",13.088224513961,93
"353","M145913","M145941",13.0579167713303,95
"354","M145915","M145919",13.0399291768386,86
"355","M145813","M145814",13.0309119736331,93
"356","M145695","M145749",13.0248059174921,93
"357","M145844","M145861",12.9741710786423,94
"358","M145625","M145689",12.9599259002967,94
"359","M145705","M145734",12.941800911401,92
"360","M145493","M145591",12.9393432700214,91
"361","M145551","M145571",12.9280464727492,95
"362","M145733","M145755",12.9213414768226,92
"363","M145497","M145500",12.9209969520737,93
"364","M145719","M145726",12.9183131355571,91
"365","M145702","M145783",12.9056615902827,90
"366","M145548","M145569",12.8973292799756,94
"367","M145812","M145828",12.8893639451598,89
"368","M145820","M145836",12.8648583888312,94
"369","M145790","M145821",12.8504978759348,93
"370","M145714","M145783",12.8462589614105,91
"371","M145502","M145509",12.8221432339189,94
"372","M145913","M145925",12.8107059835919,95
"373","M145793","M145826",12.7957734145251,94
"374","M145740","M145757",12.7866715525523,95
"375","M145877","M145879",12.7817375590131,95
"376","M145744","M145783",12.7649069284598,91
"377","M145553","M145574",12.7453597162941,93
"378","M145731","M145753",12.7276820446336,95
"379","M145551","M145572",12.7249679533051,94
"380","M145842","M145859",12.7032820973764,95
"381","M145808","M145831",12.684262668586,94
"382","M145723","M145759",12.6692076237778,94
"383","M145589","M145591",12.6675379302919,93
"384","M145863","M145880",12.6606266531875,94
"385","M145764","M145768",12.6460215731503,94
"386","M145725","M145751",12.6340581670337,91
"387","M145936","M145956",12.6098138735358,94
"388","M145742","M145757",12.5868760655379,94
"389","M145857","M145861",12.581505772496,94
"390","M145544","M145547",12.5736261630933,95
"391","M145802","M145824",12.5639443394588,94
"392","M145808","M145811",12.549789201136,94
"393","M145637","M145667",12.5440375503592,95
"394","M145793","M145798",12.5427570382902,95
"395","M145816","M145825",12.5420621993085,92
"396","M145708","M145712",12.5251030477394,91
"397","M145802","M145816",12.4957192831866,94
"398","M145833","M145837",12.4815997056225,95
"399","M145790","M145822",12.4772386450408,93
"400","M145501","M145542",12.4471193684593,93
"401","M145821","M145831",12.4072594536253,94
"402","M145740","M145742",12.4033469134435,94
"403","M145501","M145767",12.393079788643,91
"404","M145718","M145738",12.3768509824959,93
"405","M145808","M145815",12.3714236170801,93
"406","M145808","M145809",12.3553143721566,94
"407","M145790","M145811",12.3498068562967,93
"408","M145707","M145740",12.3111781897334,95
"409","M145524","M145560",12.2867748520696,92
"410","M145742","M145763",12.266255437574,92
"411","M145726","M145768",12.2304473662181,92
"412","M145739","M145762",12.2261144797373,94
"413","M145755","M145758",12.2092190240729,91
"414","M145748","M145750",12.2051404046613,93
"415","M145751","M145787",12.1511304667684,92
"416","M145539","M145541",12.146958006353,92
"417","M145702","M145736",12.1319983103509,89
"418","M145543","M145550",12.1260543971531,94
"419","M145702","M145718",12.1220454099678,90
"420","M145726","M145733",12.1172171046701,91
"421","M145603","M145675",12.0911370429436,94
"422","M145572","M145584",12.0756262101242,93
"423","M145720","M145721",12.0729562269615,94
"424","M145545","M145592",12.0487967775543,78
"425","M145790","M145809",12.0397835287737,93
"426","M145795","M145803",12.0258038123113,95
"427","M145494","M145560",12.0001310880359,91
