#,Date-Time (PDT),Temperature (°C) ,Light (lux) 
1,08/19/2024 12:00:00,15.44,1071.68
2,08/19/2024 12:05:00,15.53,1479.04
3,08/19/2024 12:10:00,15.61,3321.60
4,08/19/2024 12:15:00,16.34,15436.80
5,08/19/2024 12:20:00,16.94,18298.88
6,08/19/2024 12:25:00,16.47,8929.28
7,08/19/2024 12:30:00,16.86,11366.40
8,08/19/2024 12:35:00,16.73,8391.68
9,08/19/2024 12:40:00,16.94,17612.80
10,08/19/2024 12:45:00,16.17,1840.64
11,08/19/2024 12:50:00,16.04,1631.36
12,08/19/2024 12:55:00,16.08,1879.68
13,08/19/2024 13:00:00,16.21,1550.72
14,08/19/2024 13:05:00,16.21,1502.72
15,08/19/2024 13:10:00,16.56,3893.76
16,08/19/2024 13:15:00,16.60,5062.40
17,08/19/2024 13:20:00,17.11,19793.92
18,08/19/2024 13:25:00,17.20,8747.52
19,08/19/2024 13:30:00,17.29,11125.76
20,08/19/2024 13:35:00,17.41,9162.24
21,08/19/2024 13:40:00,17.50,13573.12
22,08/19/2024 13:45:00,17.54,19025.92
23,08/19/2024 13:50:00,17.59,15370.24
24,08/19/2024 13:55:00,17.67,9016.32
25,08/19/2024 14:00:00,17.76,11243.52
26,08/19/2024 14:05:00,17.80,9745.92
27,08/19/2024 14:10:00,17.80,10593.28
28,08/19/2024 14:15:00,17.84,9694.72
29,08/19/2024 14:20:00,17.93,10168.32
30,08/19/2024 14:25:00,17.89,9418.24
31,08/19/2024 14:30:00,17.97,7649.28
32,08/19/2024 14:35:00,17.97,9745.92
33,08/19/2024 14:40:00,17.97,14126.08
34,08/19/2024 14:45:00,17.93,9482.24
35,08/19/2024 14:50:00,18.02,12108.80
36,08/19/2024 14:55:00,18.02,8696.32
37,08/19/2024 15:00:00,18.10,12456.96
38,08/19/2024 15:05:00,18.06,13245.44
39,08/19/2024 15:10:00,18.06,7449.60
40,08/19/2024 15:15:00,18.10,8135.68
41,08/19/2024 15:20:00,18.06,8455.68
42,08/19/2024 15:25:00,18.06,9228.80
43,08/19/2024 15:30:00,18.06,8079.36
44,08/19/2024 15:35:00,18.02,8455.68
45,08/19/2024 15:40:00,18.02,6940.16
46,08/19/2024 15:45:00,18.06,8704.00
47,08/19/2024 15:50:00,17.97,8609.28
48,08/19/2024 15:55:00,17.93,7641.60
49,08/19/2024 16:00:00,17.93,6156.80
50,08/19/2024 16:05:00,17.84,7014.40
51,08/19/2024 16:10:00,17.29,1601.28
52,08/19/2024 16:15:00,17.16,3696.64
53,08/19/2024 16:20:00,17.16,1060.80
54,08/19/2024 16:25:00,17.03,1087.04
55,08/19/2024 16:30:00,16.90,569.44
56,08/19/2024 16:35:00,16.86,532.64
57,08/19/2024 16:40:00,16.81,526.24
58,08/19/2024 16:45:00,16.81,484.00
59,08/19/2024 16:50:00,16.81,470.40
60,08/19/2024 16:55:00,16.81,421.60
61,08/19/2024 17:00:00,16.77,397.76
62,08/19/2024 17:05:00,16.73,402.24
63,08/19/2024 17:10:00,16.73,405.92
64,08/19/2024 17:15:00,16.77,382.24
65,08/19/2024 17:20:00,16.69,367.52
66,08/19/2024 17:25:00,16.69,380.48
67,08/19/2024 17:30:00,16.69,383.20
68,08/19/2024 17:35:00,16.69,372.00
69,08/19/2024 17:40:00,16.64,352.96
70,08/19/2024 17:45:00,16.64,374.72
71,08/19/2024 17:50:00,16.60,343.84
72,08/19/2024 17:55:00,16.60,333.92
73,08/19/2024 18:00:00,16.56,344.80
74,08/19/2024 18:05:00,16.51,317.28
75,08/19/2024 18:10:00,16.51,292.48
76,08/19/2024 18:15:00,16.47,316.40
77,08/19/2024 18:20:00,16.47,295.44
78,08/19/2024 18:25:00,16.47,287.04
79,08/19/2024 18:30:00,16.43,285.20
80,08/19/2024 18:35:00,16.47,262.48
81,08/19/2024 18:40:00,16.34,258.80
82,08/19/2024 18:45:00,16.43,251.28
83,08/19/2024 18:50:00,16.34,234.00
84,08/19/2024 18:55:00,16.39,213.76
85,08/19/2024 19:00:00,16.34,214.88
86,08/19/2024 19:05:00,16.34,184.64
87,08/19/2024 19:10:00,16.34,169.12
88,08/19/2024 19:15:00,16.26,161.84
89,08/19/2024 19:20:00,16.30,138.84
90,08/19/2024 19:25:00,16.30,119.76
91,08/19/2024 19:30:00,16.21,106.00
92,08/19/2024 19:35:00,16.26,86.76
93,08/19/2024 19:40:00,16.21,62.54
94,08/19/2024 19:45:00,16.21,45.66
95,08/19/2024 19:50:00,16.17,28.26
96,08/19/2024 19:55:00,16.21,15.26
97,08/19/2024 20:00:00,16.17,7.50
98,08/19/2024 20:05:00,16.17,2.72
99,08/19/2024 20:10:00,16.17,0.68
100,08/19/2024 20:15:00,16.13,0.00
101,08/19/2024 20:20:00,16.13,0.00
102,08/19/2024 20:25:00,16.13,0.00
103,08/19/2024 20:30:00,16.13,0.00
104,08/19/2024 20:35:00,16.08,0.00
105,08/19/2024 20:40:00,16.13,0.00
106,08/19/2024 20:45:00,16.08,0.00
107,08/19/2024 20:50:00,16.08,0.00
108,08/19/2024 20:55:00,16.00,0.00
109,08/19/2024 21:00:00,16.08,0.00
110,08/19/2024 21:05:00,16.04,0.00
111,08/19/2024 21:10:00,16.04,0.00
112,08/19/2024 21:15:00,16.00,0.22
113,08/19/2024 21:20:00,16.00,0.00
114,08/19/2024 21:25:00,16.04,0.00
115,08/19/2024 21:30:00,16.00,0.00
116,08/19/2024 21:35:00,16.00,0.00
117,08/19/2024 21:40:00,16.04,0.00
118,08/19/2024 21:45:00,16.00,0.00
119,08/19/2024 21:50:00,16.00,0.00
120,08/19/2024 21:55:00,15.96,0.00
121,08/19/2024 22:00:00,15.96,0.00
122,08/19/2024 22:05:00,15.96,0.00
123,08/19/2024 22:10:00,15.91,0.00
124,08/19/2024 22:15:00,15.91,0.00
125,08/19/2024 22:20:00,15.91,0.00
126,08/19/2024 22:25:00,15.87,0.00
127,08/19/2024 22:30:00,15.91,0.00
128,08/19/2024 22:35:00,15.87,0.00
129,08/19/2024 22:40:00,15.87,0.00
130,08/19/2024 22:45:00,15.87,0.00
131,08/19/2024 22:50:00,15.91,0.00
132,08/19/2024 22:55:00,15.83,0.00
133,08/19/2024 23:00:00,15.87,0.00
134,08/19/2024 23:05:00,15.78,0.00
135,08/19/2024 23:10:00,15.87,0.00
136,08/19/2024 23:15:00,15.83,0.00
137,08/19/2024 23:20:00,15.78,0.00
138,08/19/2024 23:25:00,15.78,0.00
139,08/19/2024 23:30:00,15.78,0.00
140,08/19/2024 23:35:00,15.78,0.00
141,08/19/2024 23:40:00,15.74,0.00
142,08/19/2024 23:45:00,15.74,0.00
143,08/19/2024 23:50:00,15.74,0.00
144,08/19/2024 23:55:00,15.74,0.00
145,08/20/2024 00:00:00,15.74,0.00
146,08/20/2024 00:05:00,15.70,0.00
147,08/20/2024 00:10:00,15.70,0.22
148,08/20/2024 00:15:00,15.70,0.00
149,08/20/2024 00:20:00,15.66,0.00
150,08/20/2024 00:25:00,15.70,0.00
151,08/20/2024 00:30:00,15.70,0.00
152,08/20/2024 00:35:00,15.61,0.00
153,08/20/2024 00:40:00,15.61,0.00
154,08/20/2024 00:45:00,15.66,0.00
155,08/20/2024 00:50:00,15.61,0.00
156,08/20/2024 00:55:00,15.61,0.00
157,08/20/2024 01:00:00,15.66,0.00
158,08/20/2024 01:05:00,15.61,0.00
159,08/20/2024 01:10:00,15.61,0.00
160,08/20/2024 01:15:00,15.53,0.00
161,08/20/2024 01:20:00,15.57,0.00
162,08/20/2024 01:25:00,15.61,0.00
163,08/20/2024 01:30:00,15.57,0.00
164,08/20/2024 01:35:00,15.53,0.00
165,08/20/2024 01:40:00,15.53,0.00
166,08/20/2024 01:45:00,15.53,0.00
167,08/20/2024 01:50:00,15.53,0.00
168,08/20/2024 01:55:00,15.53,0.00
169,08/20/2024 02:00:00,15.53,0.00
170,08/20/2024 02:05:00,15.48,0.00
171,08/20/2024 02:10:00,15.48,0.00
172,08/20/2024 02:15:00,15.44,0.00
173,08/20/2024 02:20:00,15.48,0.00
174,08/20/2024 02:25:00,15.44,0.00
175,08/20/2024 02:30:00,15.44,0.00
176,08/20/2024 02:35:00,15.48,0.00
177,08/20/2024 02:40:00,15.44,0.00
178,08/20/2024 02:45:00,15.44,0.00
179,08/20/2024 02:50:00,15.44,0.00
180,08/20/2024 02:55:00,15.40,0.00
181,08/20/2024 03:00:00,15.44,0.00
182,08/20/2024 03:05:00,15.40,0.00
183,08/20/2024 03:10:00,15.40,0.00
184,08/20/2024 03:15:00,15.36,0.00
185,08/20/2024 03:20:00,15.40,0.22
186,08/20/2024 03:25:00,15.44,0.00
187,08/20/2024 03:30:00,15.40,0.00
188,08/20/2024 03:35:00,15.40,0.00
189,08/20/2024 03:40:00,15.40,0.00
190,08/20/2024 03:45:00,15.40,0.00
191,08/20/2024 03:50:00,15.36,0.00
192,08/20/2024 03:55:00,15.40,0.00
193,08/20/2024 04:00:00,15.36,0.00
194,08/20/2024 04:05:00,15.31,0.00
195,08/20/2024 04:10:00,15.36,0.00
196,08/20/2024 04:15:00,15.31,0.00
197,08/20/2024 04:20:00,15.36,0.00
198,08/20/2024 04:25:00,15.31,0.00
199,08/20/2024 04:30:00,15.27,0.00
200,08/20/2024 04:35:00,15.27,0.00
201,08/20/2024 04:40:00,15.31,0.00
202,08/20/2024 04:45:00,15.27,0.00
203,08/20/2024 04:50:00,15.27,0.00
204,08/20/2024 04:55:00,15.23,0.00
205,08/20/2024 05:00:00,15.27,0.00
206,08/20/2024 05:05:00,15.27,0.00
207,08/20/2024 05:10:00,15.27,0.00
208,08/20/2024 05:15:00,15.23,0.00
209,08/20/2024 05:20:00,15.23,0.00
210,08/20/2024 05:25:00,15.23,0.00
211,08/20/2024 05:30:00,15.23,0.00
212,08/20/2024 05:35:00,15.23,0.00
213,08/20/2024 05:40:00,15.18,0.00
214,08/20/2024 05:45:00,15.23,0.00
215,08/20/2024 05:50:00,15.18,0.00
216,08/20/2024 05:55:00,15.14,0.00
217,08/20/2024 06:00:00,15.18,0.00
218,08/20/2024 06:05:00,15.14,0.00
219,08/20/2024 06:10:00,15.14,0.68
220,08/20/2024 06:15:00,15.14,2.72
221,08/20/2024 06:20:00,15.14,6.82
222,08/20/2024 06:25:00,15.14,14.35
223,08/20/2024 06:30:00,15.10,27.80
224,08/20/2024 06:35:00,15.14,45.66
225,08/20/2024 06:40:00,15.14,59.82
226,08/20/2024 06:45:00,15.10,73.06
227,08/20/2024 06:50:00,15.10,90.40
228,08/20/2024 06:55:00,15.06,97.80
229,08/20/2024 07:00:00,15.10,119.64
230,08/20/2024 07:05:00,15.10,132.48
231,08/20/2024 07:10:00,15.06,142.48
232,08/20/2024 07:15:00,15.10,152.60
233,08/20/2024 07:20:00,15.06,155.36
234,08/20/2024 07:25:00,15.10,170.00
235,08/20/2024 07:30:00,15.10,171.84
236,08/20/2024 07:35:00,15.10,197.52
237,08/20/2024 07:40:00,15.06,190.16
238,08/20/2024 07:45:00,15.10,209.44
239,08/20/2024 07:50:00,15.06,205.60
240,08/20/2024 07:55:00,15.06,214.72
241,08/20/2024 08:00:00,15.01,206.48
242,08/20/2024 08:05:00,15.06,213.76
243,08/20/2024 08:10:00,15.06,208.32
244,08/20/2024 08:15:00,15.10,219.44
245,08/20/2024 08:20:00,14.97,222.16
246,08/20/2024 08:25:00,15.06,208.32
247,08/20/2024 08:30:00,15.01,244.00
248,08/20/2024 08:35:00,15.06,230.40
249,08/20/2024 08:40:00,15.06,232.24
250,08/20/2024 08:45:00,15.01,244.96
251,08/20/2024 08:50:00,15.01,248.56
252,08/20/2024 08:55:00,15.01,243.12
253,08/20/2024 09:00:00,15.06,241.28
254,08/20/2024 09:05:00,15.06,256.08
255,08/20/2024 09:10:00,15.01,256.96
256,08/20/2024 09:15:00,15.01,266.08
257,08/20/2024 09:20:00,15.10,278.80
258,08/20/2024 09:25:00,15.10,305.44
259,08/20/2024 09:30:00,15.10,323.84
260,08/20/2024 09:35:00,15.06,373.44
261,08/20/2024 09:40:00,15.10,368.00
262,08/20/2024 09:45:00,15.14,395.20
263,08/20/2024 09:50:00,15.18,400.00
264,08/20/2024 09:55:00,15.23,397.92
265,08/20/2024 10:00:00,15.18,399.84
266,08/20/2024 10:05:00,15.23,397.28
267,08/20/2024 10:10:00,15.23,421.12
268,08/20/2024 10:15:00,15.27,426.72
269,08/20/2024 10:20:00,15.31,417.60
270,08/20/2024 10:25:00,15.36,426.72
271,08/20/2024 10:30:00,15.31,417.60
272,08/20/2024 10:35:00,15.40,427.52
273,08/20/2024 10:40:00,15.40,428.48
274,08/20/2024 10:45:00,15.40,429.44
275,08/20/2024 10:50:00,15.44,458.56
276,08/20/2024 10:55:00,15.53,435.68
277,08/20/2024 11:00:00,15.53,458.56
278,08/20/2024 11:05:00,15.57,468.48
279,08/20/2024 11:10:00,15.66,598.56
280,08/20/2024 11:15:00,15.66,953.28
281,08/20/2024 11:20:00,15.74,751.04
282,08/20/2024 11:25:00,15.78,538.08
283,08/20/2024 11:30:00,15.78,476.64
284,08/20/2024 11:35:00,15.87,489.44
285,08/20/2024 11:40:00,15.91,490.40
286,08/20/2024 11:45:00,16.00,483.04
287,08/20/2024 11:50:00,16.00,502.56
288,08/20/2024 11:55:00,16.08,502.56
289,08/20/2024 12:00:00,16.13,493.12
290,08/20/2024 12:05:00,16.21,477.60
291,08/20/2024 12:10:00,16.26,503.52
292,08/20/2024 12:15:00,16.30,646.88
293,08/20/2024 12:20:00,16.39,779.52
294,08/20/2024 12:25:00,16.43,587.68
295,08/20/2024 12:30:00,16.47,683.52
296,08/20/2024 12:35:00,16.60,606.88
297,08/20/2024 12:40:00,16.60,742.72
298,08/20/2024 12:45:00,16.77,1121.60
299,08/20/2024 12:50:00,16.81,711.68
300,08/20/2024 12:55:00,16.86,780.48
301,08/20/2024 13:00:00,16.94,1222.72
302,08/20/2024 13:05:00,16.99,1679.36
303,08/20/2024 13:10:00,17.41,4294.40
304,08/20/2024 13:15:00,17.46,5570.56
305,08/20/2024 13:20:00,17.89,8652.80
306,08/20/2024 13:25:00,18.06,8099.84
307,08/20/2024 13:30:00,18.14,12206.08
308,08/20/2024 13:35:00,18.23,9454.08
309,08/20/2024 13:40:00,18.32,10117.12
310,08/20/2024 13:45:00,18.40,10065.92
311,08/20/2024 13:50:00,18.40,10022.40
312,08/20/2024 13:55:00,18.49,12369.92
313,08/20/2024 14:00:00,18.53,9308.16
314,08/20/2024 14:05:00,18.62,11525.12
315,08/20/2024 14:10:00,18.62,13296.64
316,08/20/2024 14:15:00,18.66,11351.04
317,08/20/2024 14:20:00,18.70,11084.80
318,08/20/2024 14:25:00,18.70,9031.68
319,08/20/2024 14:30:00,18.70,10690.56
320,08/20/2024 14:35:00,18.79,9664.00
321,08/20/2024 14:40:00,18.79,8064.00
322,08/20/2024 14:45:00,18.79,9454.08
323,08/20/2024 14:50:00,18.83,8719.36
324,08/20/2024 14:55:00,18.87,10240.00
325,08/20/2024 15:00:00,18.87,9935.36
326,08/20/2024 15:05:00,18.92,7357.44
327,08/20/2024 15:10:00,18.87,9177.60
328,08/20/2024 15:15:00,18.87,9658.88
329,08/20/2024 15:20:00,18.83,7488.00
330,08/20/2024 15:25:00,18.83,7342.08
331,08/20/2024 15:30:00,18.87,12037.12
332,08/20/2024 15:35:00,18.83,9003.52
333,08/20/2024 15:40:00,18.79,6796.80
334,08/20/2024 15:45:00,18.83,8079.36
335,08/20/2024 15:50:00,18.74,7426.56
336,08/20/2024 15:55:00,18.74,9436.16
337,08/20/2024 16:00:00,18.70,8872.96
338,08/20/2024 16:05:00,18.66,5196.80
339,08/20/2024 16:10:00,18.02,1610.88
340,08/20/2024 16:15:00,18.02,4926.72
341,08/20/2024 16:20:00,17.97,1088.00
342,08/20/2024 16:25:00,17.76,783.36
343,08/20/2024 16:30:00,17.72,542.72
344,08/20/2024 16:35:00,17.67,491.68
345,08/20/2024 16:40:00,17.63,464.80
346,08/20/2024 16:45:00,17.63,466.72
347,08/20/2024 16:50:00,17.59,428.00
348,08/20/2024 16:55:00,17.59,384.16
349,08/20/2024 17:00:00,17.59,373.12
350,08/20/2024 17:05:00,17.54,390.56
351,08/20/2024 17:10:00,17.50,366.88
352,08/20/2024 17:15:00,17.54,357.44
353,08/20/2024 17:20:00,17.46,383.20
354,08/20/2024 17:25:00,17.46,344.80
355,08/20/2024 17:30:00,17.50,353.92
356,08/20/2024 17:35:00,17.46,319.12
357,08/20/2024 17:40:00,17.46,329.12
358,08/20/2024 17:45:00,17.41,338.40
359,08/20/2024 17:50:00,17.37,312.72
360,08/20/2024 17:55:00,17.37,300.00
361,08/20/2024 18:00:00,17.33,308.16
362,08/20/2024 18:05:00,17.33,304.56
363,08/20/2024 18:10:00,17.29,300.00
364,08/20/2024 18:15:00,17.29,278.80
365,08/20/2024 18:20:00,17.24,298.16
366,08/20/2024 18:25:00,17.29,267.92
367,08/20/2024 18:30:00,17.16,256.08
368,08/20/2024 18:35:00,17.24,252.24
369,08/20/2024 18:40:00,17.20,234.00
370,08/20/2024 18:45:00,17.16,237.68
371,08/20/2024 18:50:00,17.16,207.60
372,08/20/2024 18:55:00,17.20,206.72
373,08/20/2024 19:00:00,17.11,200.16
374,08/20/2024 19:05:00,17.11,184.64
375,08/20/2024 19:10:00,17.11,170.88
376,08/20/2024 19:15:00,17.11,157.16
377,08/20/2024 19:20:00,17.03,137.04
378,08/20/2024 19:25:00,17.07,117.92
379,08/20/2024 19:30:00,17.03,95.84
380,08/20/2024 19:35:00,17.03,74.04
381,08/20/2024 19:40:00,17.03,56.18
382,08/20/2024 19:45:00,17.03,39.69
383,08/20/2024 19:50:00,17.03,22.34
384,08/20/2024 19:55:00,17.07,11.82
385,08/20/2024 20:00:00,16.99,5.45
386,08/20/2024 20:05:00,16.99,1.81
387,08/20/2024 20:10:00,16.99,0.45
388,08/20/2024 20:15:00,16.99,0.00
389,08/20/2024 20:20:00,16.94,0.00
390,08/20/2024 20:25:00,16.94,0.00
391,08/20/2024 20:30:00,16.94,0.00
392,08/20/2024 20:35:00,16.90,0.00
393,08/20/2024 20:40:00,16.86,0.00
394,08/20/2024 20:45:00,16.90,0.00
395,08/20/2024 20:50:00,16.86,0.00
396,08/20/2024 20:55:00,16.86,0.00
397,08/20/2024 21:00:00,16.86,0.00
398,08/20/2024 21:05:00,16.86,0.00
399,08/20/2024 21:10:00,16.81,0.00
400,08/20/2024 21:15:00,16.81,0.00
401,08/20/2024 21:20:00,16.77,0.00
402,08/20/2024 21:25:00,16.77,0.00
403,08/20/2024 21:30:00,16.73,0.00
404,08/20/2024 21:35:00,16.73,0.00
405,08/20/2024 21:40:00,16.77,0.00
406,08/20/2024 21:45:00,16.77,0.00
407,08/20/2024 21:50:00,16.69,0.00
408,08/20/2024 21:55:00,16.69,0.00
409,08/20/2024 22:00:00,16.69,0.00
410,08/20/2024 22:05:00,16.69,0.00
411,08/20/2024 22:10:00,16.69,0.00
412,08/20/2024 22:15:00,16.69,0.00
413,08/20/2024 22:20:00,16.64,0.00
414,08/20/2024 22:25:00,16.64,0.00
415,08/20/2024 22:30:00,16.60,0.00
416,08/20/2024 22:35:00,16.60,0.00
417,08/20/2024 22:40:00,16.60,0.00
418,08/20/2024 22:45:00,16.60,0.00
419,08/20/2024 22:50:00,16.56,0.00
420,08/20/2024 22:55:00,16.56,0.00
421,08/20/2024 23:00:00,16.56,0.00
422,08/20/2024 23:05:00,16.51,0.00
423,08/20/2024 23:10:00,16.51,0.00
424,08/20/2024 23:15:00,16.47,0.00
425,08/20/2024 23:20:00,16.51,0.00
426,08/20/2024 23:25:00,16.47,0.00
427,08/20/2024 23:30:00,16.47,0.00
428,08/20/2024 23:35:00,16.47,0.00
429,08/20/2024 23:40:00,16.43,0.00
430,08/20/2024 23:45:00,16.43,0.00
431,08/20/2024 23:50:00,16.39,0.00
432,08/20/2024 23:55:00,16.34,0.00
433,08/21/2024 00:00:00,16.39,0.00
434,08/21/2024 00:05:00,16.39,0.00
435,08/21/2024 00:10:00,16.39,0.00
436,08/21/2024 00:15:00,16.39,0.00
437,08/21/2024 00:20:00,16.34,0.00
438,08/21/2024 00:25:00,16.34,0.00
439,08/21/2024 00:30:00,16.34,0.00
440,08/21/2024 00:35:00,16.30,0.00
441,08/21/2024 00:40:00,16.30,0.00
442,08/21/2024 00:45:00,16.30,0.00
443,08/21/2024 00:50:00,16.26,0.00
444,08/21/2024 00:55:00,16.21,0.00
445,08/21/2024 01:00:00,16.26,0.00
446,08/21/2024 01:05:00,16.26,0.00
447,08/21/2024 01:10:00,16.21,0.00
448,08/21/2024 01:15:00,16.17,0.00
449,08/21/2024 01:20:00,16.13,0.00
450,08/21/2024 01:25:00,16.17,0.00
451,08/21/2024 01:30:00,16.13,0.00
452,08/21/2024 01:35:00,16.17,0.00
453,08/21/2024 01:40:00,16.17,0.00
454,08/21/2024 01:45:00,16.13,0.00
455,08/21/2024 01:50:00,16.08,0.00
456,08/21/2024 01:55:00,16.13,0.00
457,08/21/2024 02:00:00,16.08,0.00
458,08/21/2024 02:05:00,16.08,0.00
459,08/21/2024 02:10:00,16.08,0.00
460,08/21/2024 02:15:00,16.04,0.00
461,08/21/2024 02:20:00,16.04,0.00
462,08/21/2024 02:25:00,16.00,0.00
463,08/21/2024 02:30:00,16.00,0.00
464,08/21/2024 02:35:00,16.00,0.00
465,08/21/2024 02:40:00,16.00,0.00
466,08/21/2024 02:45:00,16.04,0.00
467,08/21/2024 02:50:00,16.00,0.00
468,08/21/2024 02:55:00,16.00,0.00
469,08/21/2024 03:00:00,15.96,0.00
470,08/21/2024 03:05:00,16.00,0.00
471,08/21/2024 03:10:00,15.96,0.00
472,08/21/2024 03:15:00,15.91,0.00
473,08/21/2024 03:20:00,15.96,0.00
474,08/21/2024 03:25:00,15.91,0.00
475,08/21/2024 03:30:00,15.96,0.00
476,08/21/2024 03:35:00,15.91,0.00
477,08/21/2024 03:40:00,15.87,0.22
478,08/21/2024 03:45:00,15.83,0.00
479,08/21/2024 03:50:00,15.87,0.00
480,08/21/2024 03:55:00,15.87,0.00
481,08/21/2024 04:00:00,15.87,0.00
482,08/21/2024 04:05:00,15.87,0.00
483,08/21/2024 04:10:00,15.83,0.00
484,08/21/2024 04:15:00,15.83,0.00
485,08/21/2024 04:20:00,15.87,0.00
486,08/21/2024 04:25:00,15.83,0.00
487,08/21/2024 04:30:00,15.83,0.00
488,08/21/2024 04:35:00,15.87,0.00
489,08/21/2024 04:40:00,15.78,0.00
490,08/21/2024 04:45:00,15.78,0.00
491,08/21/2024 04:50:00,15.83,0.00
492,08/21/2024 04:55:00,15.78,0.00
493,08/21/2024 05:00:00,15.78,0.00
494,08/21/2024 05:05:00,15.78,0.00
495,08/21/2024 05:10:00,15.78,0.00
496,08/21/2024 05:15:00,15.74,0.00
497,08/21/2024 05:20:00,15.74,0.00
498,08/21/2024 05:25:00,15.74,0.00
499,08/21/2024 05:30:00,15.70,0.00
500,08/21/2024 05:35:00,15.74,0.00
501,08/21/2024 05:40:00,15.70,0.00
502,08/21/2024 05:45:00,15.74,0.00
503,08/21/2024 05:50:00,15.70,0.00
504,08/21/2024 05:55:00,15.70,0.00
505,08/21/2024 06:00:00,15.66,0.00
506,08/21/2024 06:05:00,15.70,0.00
507,08/21/2024 06:10:00,15.66,0.45
508,08/21/2024 06:15:00,15.66,2.04
509,08/21/2024 06:20:00,15.66,5.45
510,08/21/2024 06:25:00,15.66,12.53
511,08/21/2024 06:30:00,15.66,23.25
512,08/21/2024 06:35:00,15.66,38.32
513,08/21/2024 06:40:00,15.61,52.94
514,08/21/2024 06:45:00,15.61,70.78
515,08/21/2024 06:50:00,15.61,91.32
516,08/21/2024 06:55:00,15.61,101.44
517,08/21/2024 07:00:00,15.61,124.28
518,08/21/2024 07:05:00,15.57,132.48
519,08/21/2024 07:10:00,15.57,144.44
520,08/21/2024 07:15:00,15.57,153.52
521,08/21/2024 07:20:00,15.53,165.44
522,08/21/2024 07:25:00,15.57,167.28
523,08/21/2024 07:30:00,15.57,161.72
524,08/21/2024 07:35:00,15.57,184.64
525,08/21/2024 07:40:00,15.57,177.28
526,08/21/2024 07:45:00,15.57,184.64
527,08/21/2024 07:50:00,15.53,204.72
528,08/21/2024 07:55:00,15.53,195.60
529,08/21/2024 08:00:00,15.57,204.72
530,08/21/2024 08:05:00,15.53,212.00
531,08/21/2024 08:10:00,15.53,210.16
532,08/21/2024 08:15:00,15.57,233.12
533,08/21/2024 08:20:00,15.53,222.16
534,08/21/2024 08:25:00,15.48,228.56
535,08/21/2024 08:30:00,15.53,252.24
536,08/21/2024 08:35:00,15.53,234.00
537,08/21/2024 08:40:00,15.53,241.28
538,08/21/2024 08:45:00,15.53,237.68
539,08/21/2024 08:50:00,15.48,242.24
540,08/21/2024 08:55:00,15.53,245.84
541,08/21/2024 09:00:00,15.48,251.28
542,08/21/2024 09:05:00,15.48,267.92
543,08/21/2024 09:10:00,15.48,268.80
544,08/21/2024 09:15:00,15.48,264.24
545,08/21/2024 09:20:00,15.53,281.60
546,08/21/2024 09:25:00,15.48,292.72
547,08/21/2024 09:30:00,15.57,352.32
548,08/21/2024 09:35:00,15.53,347.68
549,08/21/2024 09:40:00,15.53,391.68
550,08/21/2024 09:45:00,15.53,395.20
551,08/21/2024 09:50:00,15.61,410.88
552,08/21/2024 09:55:00,15.57,414.40
553,08/21/2024 10:00:00,15.61,425.76
554,08/21/2024 10:05:00,15.61,434.88
555,08/21/2024 10:10:00,15.61,423.04
556,08/21/2024 10:15:00,15.61,459.36
557,08/21/2024 10:20:00,15.66,442.08
558,08/21/2024 10:25:00,15.66,469.44
559,08/21/2024 10:30:00,15.61,456.64
560,08/21/2024 10:35:00,15.70,450.24
561,08/21/2024 10:40:00,15.70,460.32
562,08/21/2024 10:45:00,15.74,463.04
563,08/21/2024 10:50:00,15.78,462.08
564,08/21/2024 10:55:00,15.78,479.36
565,08/21/2024 11:00:00,15.83,493.92
566,08/21/2024 11:05:00,15.87,498.56
567,08/21/2024 11:10:00,15.91,499.52
568,08/21/2024 11:15:00,15.96,765.12
569,08/21/2024 11:20:00,16.04,664.00
570,08/21/2024 11:25:00,16.04,543.52
571,08/21/2024 11:30:00,16.08,515.36
572,08/21/2024 11:35:00,16.08,504.48
573,08/21/2024 11:40:00,16.17,518.08
574,08/21/2024 11:45:00,16.21,539.04
575,08/21/2024 11:50:00,16.26,541.76
576,08/21/2024 11:55:00,16.30,548.16
577,08/21/2024 12:00:00,16.39,548.16
578,08/21/2024 12:05:00,16.43,544.48
579,08/21/2024 12:10:00,16.47,560.80
580,08/21/2024 12:15:00,16.47,986.24
581,08/21/2024 12:20:00,16.56,1008.00
582,08/21/2024 12:25:00,16.60,645.92
583,08/21/2024 12:30:00,16.60,688.00
584,08/21/2024 12:35:00,16.73,717.12
585,08/21/2024 12:40:00,16.81,1048.96
586,08/21/2024 12:45:00,16.94,1388.16
587,08/21/2024 12:50:00,16.94,780.48
588,08/21/2024 12:55:00,16.94,855.68
589,08/21/2024 13:00:00,17.07,1845.12
590,08/21/2024 13:05:00,17.16,1574.40
591,08/21/2024 13:10:00,17.41,4654.08
592,08/21/2024 13:15:00,17.63,6658.56
593,08/21/2024 13:20:00,17.97,7841.28
594,08/21/2024 13:25:00,18.14,8432.64
595,08/21/2024 13:30:00,18.19,8391.68
596,08/21/2024 13:35:00,18.27,11264.00
597,08/21/2024 13:40:00,18.36,8770.56
598,08/21/2024 13:45:00,18.44,12119.04
599,08/21/2024 13:50:00,18.44,9978.88
600,08/21/2024 13:55:00,18.57,10496.00
601,08/21/2024 14:00:00,18.53,10982.40
602,08/21/2024 14:05:00,18.62,10480.64
603,08/21/2024 14:10:00,18.62,10828.80
604,08/21/2024 14:15:00,18.66,13690.88
605,08/21/2024 14:20:00,18.66,17996.80
606,08/21/2024 14:25:00,18.70,10746.88
607,08/21/2024 14:30:00,18.74,11704.32
608,08/21/2024 14:35:00,18.79,11898.88
609,08/21/2024 14:40:00,18.74,10864.64
610,08/21/2024 14:45:00,18.83,8317.44
611,08/21/2024 14:50:00,18.83,11438.08
612,08/21/2024 14:55:00,18.83,10129.92
613,08/21/2024 15:00:00,18.83,9300.48
614,08/21/2024 15:05:00,18.83,7065.60
615,08/21/2024 15:10:00,18.83,12774.40
616,08/21/2024 15:15:00,18.83,9797.12
617,08/21/2024 15:20:00,18.79,8399.36
618,08/21/2024 15:25:00,18.74,9635.84
619,08/21/2024 15:30:00,18.79,6830.08
620,08/21/2024 15:35:00,18.74,9105.92
621,08/21/2024 15:40:00,18.70,10588.16
622,08/21/2024 15:45:00,18.70,6417.92
623,08/21/2024 15:50:00,18.70,11038.72
624,08/21/2024 15:55:00,18.62,6750.72
625,08/21/2024 16:00:00,18.57,7242.24
626,08/21/2024 16:05:00,18.53,5352.96
627,08/21/2024 16:10:00,17.93,2603.52
628,08/21/2024 16:15:00,17.89,4865.28
629,08/21/2024 16:20:00,17.76,1107.20
630,08/21/2024 16:25:00,17.63,709.12
631,08/21/2024 16:30:00,17.54,597.76
632,08/21/2024 16:35:00,17.50,579.04
633,08/21/2024 16:40:00,17.46,540.80
634,08/21/2024 16:45:00,17.46,525.44
635,08/21/2024 16:50:00,17.41,499.52
636,08/21/2024 16:55:00,17.41,470.40
637,08/21/2024 17:00:00,17.33,438.88
638,08/21/2024 17:05:00,17.37,445.28
639,08/21/2024 17:10:00,17.37,442.56
640,08/21/2024 17:15:00,17.29,457.12
641,08/21/2024 17:20:00,17.29,420.80
642,08/21/2024 17:25:00,17.29,405.92
643,08/21/2024 17:30:00,17.24,393.28
644,08/21/2024 17:35:00,17.20,381.44
645,08/21/2024 17:40:00,17.16,416.16
646,08/21/2024 17:45:00,17.11,319.12
647,08/21/2024 17:50:00,17.11,361.12
648,08/21/2024 17:55:00,17.11,362.08
649,08/21/2024 18:00:00,17.07,355.68
650,08/21/2024 18:05:00,17.07,340.16
651,08/21/2024 18:10:00,17.03,330.88
652,08/21/2024 18:15:00,16.99,315.44
653,08/21/2024 18:20:00,16.94,311.84
654,08/21/2024 18:25:00,16.90,310.00
655,08/21/2024 18:30:00,16.90,306.32
656,08/21/2024 18:35:00,16.90,275.20
657,08/21/2024 18:40:00,16.86,256.08
658,08/21/2024 18:45:00,16.86,276.08
659,08/21/2024 18:50:00,16.86,247.68
660,08/21/2024 18:55:00,16.81,221.28
661,08/21/2024 19:00:00,16.77,214.00
662,08/21/2024 19:05:00,16.81,183.76
663,08/21/2024 19:10:00,16.77,170.00
664,08/21/2024 19:15:00,16.77,156.24
665,08/21/2024 19:20:00,16.73,139.88
666,08/21/2024 19:25:00,16.69,116.00
667,08/21/2024 19:30:00,16.69,94.16
668,08/21/2024 19:35:00,16.69,74.04
669,08/21/2024 19:40:00,16.69,51.18
670,08/21/2024 19:45:00,16.64,34.68
671,08/21/2024 19:50:00,16.69,20.07
672,08/21/2024 19:55:00,16.60,10.23
673,08/21/2024 20:00:00,16.64,4.32
674,08/21/2024 20:05:00,16.60,1.59
675,08/21/2024 20:10:00,16.60,0.22
676,08/21/2024 20:15:00,16.56,0.00
677,08/21/2024 20:20:00,16.51,0.00
678,08/21/2024 20:25:00,16.56,0.00
679,08/21/2024 20:30:00,16.51,0.00
680,08/21/2024 20:35:00,16.51,0.00
681,08/21/2024 20:40:00,16.51,0.00
682,08/21/2024 20:45:00,16.47,0.00
683,08/21/2024 20:50:00,16.47,0.00
684,08/21/2024 20:55:00,16.47,0.00
685,08/21/2024 21:00:00,16.43,0.00
686,08/21/2024 21:05:00,16.43,0.00
687,08/21/2024 21:10:00,16.43,0.00
688,08/21/2024 21:15:00,16.47,0.00
689,08/21/2024 21:20:00,16.43,0.00
690,08/21/2024 21:25:00,16.43,0.00
691,08/21/2024 21:30:00,16.39,0.00
692,08/21/2024 21:35:00,16.39,0.00
693,08/21/2024 21:40:00,16.39,0.00
694,08/21/2024 21:45:00,16.34,0.00
695,08/21/2024 21:50:00,16.30,0.00
696,08/21/2024 21:55:00,16.34,0.22
697,08/21/2024 22:00:00,16.34,0.00
698,08/21/2024 22:05:00,16.30,0.00
699,08/21/2024 22:10:00,16.26,0.00
700,08/21/2024 22:15:00,16.26,0.00
701,08/21/2024 22:20:00,16.26,0.00
702,08/21/2024 22:25:00,16.26,0.00
703,08/21/2024 22:30:00,16.21,0.00
704,08/21/2024 22:35:00,16.21,0.00
705,08/21/2024 22:40:00,16.17,0.00
706,08/21/2024 22:45:00,16.17,0.00
707,08/21/2024 22:50:00,16.13,0.00
708,08/21/2024 22:55:00,16.17,0.00
709,08/21/2024 23:00:00,16.13,0.00
710,08/21/2024 23:05:00,16.13,0.00
711,08/21/2024 23:10:00,16.13,0.00
712,08/21/2024 23:15:00,16.13,0.00
713,08/21/2024 23:20:00,16.08,0.00
714,08/21/2024 23:25:00,16.13,0.00
715,08/21/2024 23:30:00,16.04,0.00
716,08/21/2024 23:35:00,16.04,0.00
717,08/21/2024 23:40:00,16.04,0.00
718,08/21/2024 23:45:00,16.04,0.00
719,08/21/2024 23:50:00,16.04,0.00
720,08/21/2024 23:55:00,16.00,0.00
721,08/22/2024 00:00:00,15.96,0.00
722,08/22/2024 00:05:00,16.00,0.00
723,08/22/2024 00:10:00,15.91,0.00
724,08/22/2024 00:15:00,15.96,0.00
725,08/22/2024 00:20:00,15.96,0.00
726,08/22/2024 00:25:00,15.91,0.00
727,08/22/2024 00:30:00,15.87,0.00
728,08/22/2024 00:35:00,15.87,0.00
729,08/22/2024 00:40:00,15.83,0.00
730,08/22/2024 00:45:00,15.87,0.00
731,08/22/2024 00:50:00,15.83,0.22
732,08/22/2024 00:55:00,15.78,0.00
733,08/22/2024 01:00:00,15.83,0.00
734,08/22/2024 01:05:00,15.78,0.00
735,08/22/2024 01:10:00,15.78,0.00
736,08/22/2024 01:15:00,15.74,0.00
737,08/22/2024 01:20:00,15.78,0.00
738,08/22/2024 01:25:00,15.74,0.00
739,08/22/2024 01:30:00,15.74,0.00
740,08/22/2024 01:35:00,15.66,0.00
741,08/22/2024 01:40:00,15.70,0.00
742,08/22/2024 01:45:00,15.66,0.00
743,08/22/2024 01:50:00,15.66,0.00
744,08/22/2024 01:55:00,15.61,0.00
745,08/22/2024 02:00:00,15.66,0.00
746,08/22/2024 02:05:00,15.66,0.00
747,08/22/2024 02:10:00,15.61,0.00
748,08/22/2024 02:15:00,15.61,0.00
749,08/22/2024 02:20:00,15.57,0.00
750,08/22/2024 02:25:00,15.57,0.00
751,08/22/2024 02:30:00,15.57,0.00
752,08/22/2024 02:35:00,15.57,0.00
753,08/22/2024 02:40:00,15.53,0.00
754,08/22/2024 02:45:00,15.57,0.00
755,08/22/2024 02:50:00,15.48,0.00
756,08/22/2024 02:55:00,15.48,0.00
757,08/22/2024 03:00:00,15.48,0.00
758,08/22/2024 03:05:00,15.44,0.00
759,08/22/2024 03:10:00,15.44,0.00
760,08/22/2024 03:15:00,15.44,0.00
761,08/22/2024 03:20:00,15.40,0.00
762,08/22/2024 03:25:00,15.40,0.00
763,08/22/2024 03:30:00,15.40,0.00
764,08/22/2024 03:35:00,15.40,0.00
765,08/22/2024 03:40:00,15.40,0.00
766,08/22/2024 03:45:00,15.40,0.00
767,08/22/2024 03:50:00,15.31,0.00
768,08/22/2024 03:55:00,15.36,0.00
769,08/22/2024 04:00:00,15.27,0.22
770,08/22/2024 04:05:00,15.27,0.00
771,08/22/2024 04:10:00,15.27,0.00
772,08/22/2024 04:15:00,15.31,0.00
773,08/22/2024 04:20:00,15.27,0.00
774,08/22/2024 04:25:00,15.27,0.00
775,08/22/2024 04:30:00,15.23,0.00
776,08/22/2024 04:35:00,15.23,0.00
777,08/22/2024 04:40:00,15.23,0.00
778,08/22/2024 04:45:00,15.18,0.00
779,08/22/2024 04:50:00,15.18,0.00
780,08/22/2024 04:55:00,15.18,0.00
781,08/22/2024 05:00:00,15.14,0.00
782,08/22/2024 05:05:00,15.14,0.00
783,08/22/2024 05:10:00,15.14,0.00
784,08/22/2024 05:15:00,15.10,0.00
785,08/22/2024 05:20:00,15.10,0.00
786,08/22/2024 05:25:00,15.10,0.00
787,08/22/2024 05:30:00,15.06,0.00
788,08/22/2024 05:35:00,15.06,0.00
789,08/22/2024 05:40:00,15.01,0.00
790,08/22/2024 05:45:00,15.01,0.00
791,08/22/2024 05:50:00,15.01,0.00
792,08/22/2024 05:55:00,15.01,0.00
793,08/22/2024 06:00:00,14.97,0.00
794,08/22/2024 06:05:00,14.97,0.00
795,08/22/2024 06:10:00,14.97,0.22
796,08/22/2024 06:15:00,14.93,1.59
797,08/22/2024 06:20:00,14.88,4.77
798,08/22/2024 06:25:00,14.93,11.37
799,08/22/2024 06:30:00,14.88,21.43
800,08/22/2024 06:35:00,14.88,35.59
801,08/22/2024 06:40:00,14.88,51.12
802,08/22/2024 06:45:00,14.88,65.72
803,08/22/2024 06:50:00,14.84,83.12
804,08/22/2024 06:55:00,14.84,102.36
805,08/22/2024 07:00:00,14.84,118.72
806,08/22/2024 07:05:00,14.75,129.76
807,08/22/2024 07:10:00,14.75,147.16
808,08/22/2024 07:15:00,14.80,160.80
809,08/22/2024 07:20:00,14.80,159.88
810,08/22/2024 07:25:00,14.75,167.28
811,08/22/2024 07:30:00,14.71,180.00
812,08/22/2024 07:35:00,14.71,198.32
813,08/22/2024 07:40:00,14.75,201.92
814,08/22/2024 07:45:00,14.75,202.88
815,08/22/2024 07:50:00,14.75,201.04
816,08/22/2024 07:55:00,14.75,234.96
817,08/22/2024 08:00:00,14.71,237.68
818,08/22/2024 08:05:00,14.67,244.96
819,08/22/2024 08:10:00,14.67,257.92
820,08/22/2024 08:15:00,14.71,249.52
821,08/22/2024 08:20:00,14.67,279.76
822,08/22/2024 08:25:00,14.63,267.04
823,08/22/2024 08:30:00,14.67,268.80
824,08/22/2024 08:35:00,14.63,293.36
825,08/22/2024 08:40:00,14.67,278.80
826,08/22/2024 08:45:00,14.67,267.92
827,08/22/2024 08:50:00,14.67,275.20
828,08/22/2024 08:55:00,14.63,277.92
829,08/22/2024 09:00:00,14.67,305.44
830,08/22/2024 09:05:00,14.63,109.60
831,08/22/2024 09:10:00,14.63,73.12
832,08/22/2024 09:15:00,14.63,47.02
833,08/22/2024 09:20:00,14.58,55.32
834,08/22/2024 09:25:00,14.63,69.02
835,08/22/2024 09:30:00,14.67,71.30
836,08/22/2024 09:35:00,14.63,100.64
837,08/22/2024 09:40:00,14.71,84.16
838,08/22/2024 09:45:00,14.71,113.48
839,08/22/2024 09:50:00,14.71,91.52
840,08/22/2024 09:55:00,14.71,104.40
841,08/22/2024 10:00:00,14.71,100.76
842,08/22/2024 10:05:00,14.71,197.76
843,08/22/2024 10:10:00,14.75,118.04
844,08/22/2024 10:15:00,14.75,87.88
845,08/22/2024 10:20:00,14.75,71.42
846,08/22/2024 10:25:00,14.80,102.56
847,08/22/2024 10:30:00,14.80,97.92
848,08/22/2024 10:35:00,14.88,125.44
849,08/22/2024 10:40:00,14.88,113.48
850,08/22/2024 10:45:00,14.88,98.80
851,08/22/2024 10:50:00,14.93,113.48
852,08/22/2024 10:55:00,14.97,105.28
853,08/22/2024 11:00:00,15.01,139.20
854,08/22/2024 11:05:00,15.06,267.20
855,08/22/2024 11:10:00,15.10,137.24
856,08/22/2024 11:15:00,15.14,177.60
857,08/22/2024 11:20:00,15.14,107.12
858,08/22/2024 11:25:00,15.18,122.68
859,08/22/2024 11:30:00,15.27,111.68
860,08/22/2024 11:35:00,15.27,114.40
861,08/22/2024 11:40:00,15.36,162.96
862,08/22/2024 11:45:00,15.36,122.60
863,08/22/2024 11:50:00,15.40,136.36
864,08/22/2024 11:55:00,15.48,124.52
865,08/22/2024 12:00:00,15.48,92.44
866,08/22/2024 12:05:00,15.61,114.52
867,08/22/2024 12:10:00,15.61,131.00
868,08/22/2024 12:15:00,15.66,206.24
869,08/22/2024 12:20:00,15.74,205.60
870,08/22/2024 12:25:00,15.78,136.48
871,08/22/2024 12:30:00,15.83,162.96
872,08/22/2024 12:35:00,15.91,134.64
873,08/22/2024 12:40:00,15.96,344.80
874,08/22/2024 12:45:00,16.00,296.80
875,08/22/2024 12:50:00,16.08,248.16
876,08/22/2024 12:55:00,16.13,320.24
877,08/22/2024 13:00:00,16.21,600.48
878,08/22/2024 13:05:00,16.30,670.08
879,08/22/2024 13:10:00,16.43,1354.24
880,08/22/2024 13:15:00,16.56,2272.64
881,08/22/2024 13:20:00,16.69,1739.52
882,08/22/2024 13:25:00,16.69,1852.80
883,08/22/2024 13:30:00,16.77,2638.08
884,08/22/2024 13:35:00,16.81,2165.12
885,08/22/2024 13:40:00,16.86,2252.80
886,08/22/2024 13:45:00,16.90,1998.08
887,08/22/2024 13:50:00,16.94,2161.28
888,08/22/2024 13:55:00,16.94,1752.32
889,08/22/2024 14:00:00,17.03,1999.36
890,08/22/2024 14:05:00,17.07,1939.84
891,08/22/2024 14:10:00,17.07,1604.48
892,08/22/2024 14:15:00,17.11,2150.40
893,08/22/2024 14:20:00,17.16,1746.56
894,08/22/2024 14:25:00,17.20,1813.12
895,08/22/2024 14:30:00,17.20,1968.64
896,08/22/2024 14:35:00,17.20,2023.04
897,08/22/2024 14:40:00,17.29,1944.96
898,08/22/2024 14:45:00,17.29,2068.48
899,08/22/2024 14:50:00,17.29,1684.48
900,08/22/2024 14:55:00,17.33,1972.48
901,08/22/2024 15:00:00,17.37,1753.60
902,08/22/2024 15:05:00,17.37,1748.48
903,08/22/2024 15:10:00,17.41,2158.08
904,08/22/2024 15:15:00,17.37,1937.92
905,08/22/2024 15:20:00,17.41,1950.72
906,08/22/2024 15:25:00,17.41,1535.36
907,08/22/2024 15:30:00,17.41,1791.36
908,08/22/2024 15:35:00,17.37,1555.84
909,08/22/2024 15:40:00,17.37,1564.80
910,08/22/2024 15:45:00,17.33,1491.20
911,08/22/2024 15:50:00,17.29,1538.56
912,08/22/2024 15:55:00,17.29,1437.44
913,08/22/2024 16:00:00,17.24,1418.24
914,08/22/2024 16:05:00,17.20,760.00
915,08/22/2024 16:10:00,17.16,793.28
916,08/22/2024 16:15:00,17.16,842.88
917,08/22/2024 16:20:00,17.07,337.28
918,08/22/2024 16:25:00,16.99,184.88
919,08/22/2024 16:30:00,16.94,169.28
920,08/22/2024 16:35:00,16.94,108.04
921,08/22/2024 16:40:00,16.90,147.28
922,08/22/2024 16:45:00,16.90,113.48
923,08/22/2024 16:50:00,16.86,115.32
924,08/22/2024 16:55:00,16.86,120.76
925,08/22/2024 17:00:00,16.81,135.32
926,08/22/2024 17:05:00,16.86,105.20
927,08/22/2024 17:10:00,16.81,108.84
928,08/22/2024 17:15:00,16.81,181.04
929,08/22/2024 17:20:00,16.77,177.36
930,08/22/2024 17:25:00,16.73,146.36
931,08/22/2024 17:30:00,16.73,123.48
932,08/22/2024 17:35:00,16.69,213.12
933,08/22/2024 17:40:00,16.69,117.00
934,08/22/2024 17:45:00,16.69,86.88
935,08/22/2024 17:50:00,16.64,79.50
936,08/22/2024 17:55:00,16.60,116.12
937,08/22/2024 18:00:00,16.60,100.52
938,08/22/2024 18:05:00,16.60,106.08
939,08/22/2024 18:10:00,16.56,99.60
940,08/22/2024 18:15:00,16.56,62.14
941,08/22/2024 18:20:00,16.51,58.50
942,08/22/2024 18:25:00,16.43,78.58
943,08/22/2024 18:30:00,16.47,54.80
944,08/22/2024 18:35:00,16.43,60.32
945,08/22/2024 18:40:00,16.43,47.98
946,08/22/2024 18:45:00,16.39,52.08
947,08/22/2024 18:50:00,16.34,50.26
948,08/22/2024 18:55:00,16.34,54.36
949,08/22/2024 19:00:00,16.34,41.10
950,08/22/2024 19:05:00,16.39,40.20
951,08/22/2024 19:10:00,16.30,44.74
952,08/22/2024 19:15:00,16.30,25.53
953,08/22/2024 19:20:00,16.26,26.95
954,08/22/2024 19:25:00,16.26,25.98
955,08/22/2024 19:30:00,16.26,12.08
956,08/22/2024 19:35:00,16.21,8.87
957,08/22/2024 19:40:00,16.26,7.73
958,08/22/2024 19:45:00,16.26,6.14
959,08/22/2024 19:50:00,16.21,3.18
960,08/22/2024 19:55:00,16.17,1.36
961,08/22/2024 20:00:00,16.21,0.22
962,08/22/2024 20:05:00,16.17,0.00
963,08/22/2024 20:10:00,16.17,0.00
964,08/22/2024 20:15:00,16.17,0.00
965,08/22/2024 20:20:00,16.13,0.00
966,08/22/2024 20:25:00,16.13,0.00
967,08/22/2024 20:30:00,16.08,0.00
968,08/22/2024 20:35:00,16.13,0.00
969,08/22/2024 20:40:00,16.08,0.00
970,08/22/2024 20:45:00,16.04,0.00
971,08/22/2024 20:50:00,16.08,0.00
972,08/22/2024 20:55:00,16.04,0.00
973,08/22/2024 21:00:00,16.00,0.00
974,08/22/2024 21:05:00,16.00,0.00
975,08/22/2024 21:10:00,16.04,0.00
976,08/22/2024 21:15:00,16.04,0.00
977,08/22/2024 21:20:00,16.04,0.00
978,08/22/2024 21:25:00,16.00,0.00
979,08/22/2024 21:30:00,16.00,0.00
980,08/22/2024 21:35:00,16.00,0.00
981,08/22/2024 21:40:00,15.96,0.00
982,08/22/2024 21:45:00,15.91,0.00
983,08/22/2024 21:50:00,15.96,0.00
984,08/22/2024 21:55:00,15.91,0.00
985,08/22/2024 22:00:00,15.87,0.00
986,08/22/2024 22:05:00,15.87,0.00
987,08/22/2024 22:10:00,15.91,0.00
988,08/22/2024 22:15:00,15.87,0.22
989,08/22/2024 22:20:00,15.87,0.00
990,08/22/2024 22:25:00,15.87,0.00
991,08/22/2024 22:30:00,15.83,0.00
992,08/22/2024 22:35:00,15.78,0.00
993,08/22/2024 22:40:00,15.78,0.00
994,08/22/2024 22:45:00,15.74,0.00
995,08/22/2024 22:50:00,15.78,0.00
996,08/22/2024 22:55:00,15.74,0.00
997,08/22/2024 23:00:00,15.74,0.00
998,08/22/2024 23:05:00,15.74,0.00
999,08/22/2024 23:10:00,15.70,0.00
1000,08/22/2024 23:15:00,15.70,0.00
1001,08/22/2024 23:20:00,15.74,0.00
1002,08/22/2024 23:25:00,15.70,0.00
1003,08/22/2024 23:30:00,15.66,0.00
1004,08/22/2024 23:35:00,15.66,0.00
1005,08/22/2024 23:40:00,15.66,0.00
1006,08/22/2024 23:45:00,15.61,0.00
1007,08/22/2024 23:50:00,15.66,0.00
1008,08/22/2024 23:55:00,15.66,0.00
1009,08/23/2024 00:00:00,15.61,0.00
1010,08/23/2024 00:05:00,15.57,0.00
1011,08/23/2024 00:10:00,15.57,0.00
1012,08/23/2024 00:15:00,15.57,0.00
1013,08/23/2024 00:20:00,15.53,0.00
1014,08/23/2024 00:25:00,15.53,0.00
1015,08/23/2024 00:30:00,15.53,0.00
1016,08/23/2024 00:35:00,15.48,0.00
1017,08/23/2024 00:40:00,15.48,0.00
1018,08/23/2024 00:45:00,15.48,0.00
1019,08/23/2024 00:50:00,15.48,0.00
1020,08/23/2024 00:55:00,15.44,0.00
1021,08/23/2024 01:00:00,15.48,0.00
1022,08/23/2024 01:05:00,15.48,0.00
1023,08/23/2024 01:10:00,15.48,0.22
1024,08/23/2024 01:15:00,15.40,0.00
1025,08/23/2024 01:20:00,15.44,0.00
1026,08/23/2024 01:25:00,15.40,0.00
1027,08/23/2024 01:30:00,15.44,0.00
1028,08/23/2024 01:35:00,15.36,0.00
1029,08/23/2024 01:40:00,15.36,0.00
1030,08/23/2024 01:45:00,15.40,0.00
1031,08/23/2024 01:50:00,15.31,0.00
1032,08/23/2024 01:55:00,15.36,0.00
1033,08/23/2024 02:00:00,15.31,0.00
1034,08/23/2024 02:05:00,15.31,0.00
1035,08/23/2024 02:10:00,15.27,0.00
1036,08/23/2024 02:15:00,15.27,0.00
1037,08/23/2024 02:20:00,15.31,0.00
1038,08/23/2024 02:25:00,15.27,0.00
1039,08/23/2024 02:30:00,15.27,0.00
1040,08/23/2024 02:35:00,15.27,0.00
1041,08/23/2024 02:40:00,15.23,0.00
1042,08/23/2024 02:45:00,15.27,0.00
1043,08/23/2024 02:50:00,15.18,0.00
1044,08/23/2024 02:55:00,15.18,0.00
1045,08/23/2024 03:00:00,15.23,0.00
1046,08/23/2024 03:05:00,15.18,0.00
1047,08/23/2024 03:10:00,15.18,0.00
1048,08/23/2024 03:15:00,15.18,0.00
1049,08/23/2024 03:20:00,15.18,0.00
1050,08/23/2024 03:25:00,15.18,0.00
1051,08/23/2024 03:30:00,15.14,0.00
1052,08/23/2024 03:35:00,15.18,0.00
1053,08/23/2024 03:40:00,15.10,0.00
1054,08/23/2024 03:45:00,15.14,0.00
1055,08/23/2024 03:50:00,15.10,0.00
1056,08/23/2024 03:55:00,15.06,0.00
1057,08/23/2024 04:00:00,15.10,0.00
1058,08/23/2024 04:05:00,15.14,0.00
1059,08/23/2024 04:10:00,15.10,0.00
1060,08/23/2024 04:15:00,15.06,0.00
1061,08/23/2024 04:20:00,15.06,0.22
1062,08/23/2024 04:25:00,15.06,0.00
1063,08/23/2024 04:30:00,15.06,0.00
1064,08/23/2024 04:35:00,15.01,0.00
1065,08/23/2024 04:40:00,15.01,0.00
1066,08/23/2024 04:45:00,15.01,0.00
1067,08/23/2024 04:50:00,15.01,0.00
1068,08/23/2024 04:55:00,15.01,0.00
1069,08/23/2024 05:00:00,14.97,0.00
1070,08/23/2024 05:05:00,14.97,0.00
1071,08/23/2024 05:10:00,14.93,0.00
1072,08/23/2024 05:15:00,14.97,0.00
1073,08/23/2024 05:20:00,14.93,0.00
1074,08/23/2024 05:25:00,14.93,0.00
1075,08/23/2024 05:30:00,14.93,0.00
1076,08/23/2024 05:35:00,14.93,0.00
1077,08/23/2024 05:40:00,14.84,0.00
1078,08/23/2024 05:45:00,14.88,0.00
1079,08/23/2024 05:50:00,14.84,0.00
1080,08/23/2024 05:55:00,14.80,0.00
1081,08/23/2024 06:00:00,14.84,0.00
1082,08/23/2024 06:05:00,14.80,0.00
1083,08/23/2024 06:10:00,14.84,0.00
1084,08/23/2024 06:15:00,14.84,0.00
1085,08/23/2024 06:20:00,14.75,0.22
1086,08/23/2024 06:25:00,14.75,0.90
1087,08/23/2024 06:30:00,14.75,3.18
1088,08/23/2024 06:35:00,14.80,5.00
1089,08/23/2024 06:40:00,14.75,7.73
1090,08/23/2024 06:45:00,14.75,8.87
1091,08/23/2024 06:50:00,14.75,11.37
1092,08/23/2024 06:55:00,14.71,12.08
1093,08/23/2024 07:00:00,14.71,13.44
1094,08/23/2024 07:05:00,14.71,15.04
1095,08/23/2024 07:10:00,14.67,23.25
1096,08/23/2024 07:15:00,14.71,18.25
1097,08/23/2024 07:20:00,14.63,19.61
1098,08/23/2024 07:25:00,14.67,23.25
1099,08/23/2024 07:30:00,14.67,31.50
1100,08/23/2024 07:35:00,14.71,29.68
1101,08/23/2024 07:40:00,14.58,30.13
1102,08/23/2024 07:45:00,14.67,26.44
1103,08/23/2024 07:50:00,14.67,30.13
1104,08/23/2024 07:55:00,14.58,30.13
1105,08/23/2024 08:00:00,14.58,31.04
1106,08/23/2024 08:05:00,14.58,28.71
1107,08/23/2024 08:10:00,14.58,30.59
1108,08/23/2024 08:15:00,14.58,27.80
1109,08/23/2024 08:20:00,14.58,27.86
1110,08/23/2024 08:25:00,14.58,34.23
1111,08/23/2024 08:30:00,14.58,31.04
1112,08/23/2024 08:35:00,14.58,41.10
1113,08/23/2024 08:40:00,14.54,32.86
1114,08/23/2024 08:45:00,14.58,30.59
1115,08/23/2024 08:50:00,14.54,37.41
1116,08/23/2024 08:55:00,14.58,35.59
1117,08/23/2024 09:00:00,14.54,47.02
1118,08/23/2024 09:05:00,14.63,53.44
1119,08/23/2024 09:10:00,14.58,51.18
1120,08/23/2024 09:15:00,14.58,39.23
1121,08/23/2024 09:20:00,14.54,43.38
1122,08/23/2024 09:25:00,14.63,71.30
1123,08/23/2024 09:30:00,14.58,96.08
1124,08/23/2024 09:35:00,14.58,75.06
1125,08/23/2024 09:40:00,14.63,67.26
1126,08/23/2024 09:45:00,14.67,92.44
1127,08/23/2024 09:50:00,14.63,69.14
1128,08/23/2024 09:55:00,14.67,79.60
1129,08/23/2024 10:00:00,14.71,88.80
1130,08/23/2024 10:05:00,14.71,94.28
1131,08/23/2024 10:10:00,14.71,89.72
1132,08/23/2024 10:15:00,14.75,85.16
1133,08/23/2024 10:20:00,14.75,83.36
1134,08/23/2024 10:25:00,14.75,72.32
1135,08/23/2024 10:30:00,14.84,77.78
1136,08/23/2024 10:35:00,14.80,118.04
1137,08/23/2024 10:40:00,14.80,84.24
1138,08/23/2024 10:45:00,14.88,80.52
1139,08/23/2024 10:50:00,14.88,115.32
1140,08/23/2024 10:55:00,14.93,124.52
1141,08/23/2024 11:00:00,14.97,111.68
1142,08/23/2024 11:05:00,15.01,102.56
1143,08/23/2024 11:10:00,15.06,117.24
1144,08/23/2024 11:15:00,15.10,119.04
1145,08/23/2024 11:20:00,15.14,105.28
1146,08/23/2024 11:25:00,15.18,101.64
1147,08/23/2024 11:30:00,15.23,98.92
1148,08/23/2024 11:35:00,15.31,114.52
1149,08/23/2024 11:40:00,15.31,137.36
1150,08/23/2024 11:45:00,15.36,194.24
1151,08/23/2024 11:50:00,15.40,142.84
1152,08/23/2024 11:55:00,15.40,156.60
1153,08/23/2024 12:00:00,15.44,162.96
1154,08/23/2024 12:05:00,15.48,120.88
1155,08/23/2024 12:10:00,15.57,155.68
1156,08/23/2024 12:15:00,15.61,233.60
1157,08/23/2024 12:20:00,15.70,268.64
1158,08/23/2024 12:25:00,15.74,176.72
1159,08/23/2024 12:30:00,15.78,150.24
1160,08/23/2024 12:35:00,15.83,292.96
1161,08/23/2024 12:40:00,15.91,391.84
1162,08/23/2024 12:45:00,15.96,273.84
1163,08/23/2024 12:50:00,16.08,281.12
1164,08/23/2024 12:55:00,16.13,287.52
1165,08/23/2024 13:00:00,16.13,498.24
1166,08/23/2024 13:05:00,16.17,544.00
1167,08/23/2024 13:10:00,16.26,1057.92
1168,08/23/2024 13:15:00,16.26,643.68
1169,08/23/2024 13:20:00,16.34,1651.84
1170,08/23/2024 13:25:00,16.47,1473.92
1171,08/23/2024 13:30:00,16.47,1681.92
1172,08/23/2024 13:35:00,16.56,1877.76
1173,08/23/2024 13:40:00,16.56,2113.92
1174,08/23/2024 13:45:00,16.64,2206.72
1175,08/23/2024 13:50:00,16.69,2121.60
1176,08/23/2024 13:55:00,16.64,1474.56
1177,08/23/2024 14:00:00,16.73,1309.12
1178,08/23/2024 14:05:00,16.73,855.04
1179,08/23/2024 14:10:00,16.64,748.16
1180,08/23/2024 14:15:00,16.64,495.36
1181,08/23/2024 14:20:00,16.64,592.64
1182,08/23/2024 14:25:00,16.60,1420.16
1183,08/23/2024 14:30:00,16.69,1237.12
1184,08/23/2024 14:35:00,16.69,1363.84
1185,08/23/2024 14:40:00,16.64,883.20
1186,08/23/2024 14:45:00,16.60,415.68
1187,08/23/2024 14:50:00,16.64,521.12
1188,08/23/2024 14:55:00,16.60,403.84
1189,08/23/2024 15:00:00,16.60,664.96
1190,08/23/2024 15:05:00,16.60,220.80
1191,08/23/2024 15:10:00,16.51,300.48
1192,08/23/2024 15:15:00,16.51,445.28
1193,08/23/2024 15:20:00,16.56,1056.32
1194,08/23/2024 15:25:00,16.60,1648.64
1195,08/23/2024 15:30:00,16.64,1274.56
1196,08/23/2024 15:35:00,16.56,778.56
1197,08/23/2024 15:40:00,16.56,976.96
1198,08/23/2024 15:45:00,16.60,924.16
1199,08/23/2024 15:50:00,16.47,342.56
1200,08/23/2024 15:55:00,16.43,294.96
1201,08/23/2024 16:00:00,16.43,402.08
1202,08/23/2024 16:05:00,16.43,742.40
1203,08/23/2024 16:10:00,16.39,245.36
1204,08/23/2024 16:15:00,16.39,184.88
1205,08/23/2024 16:20:00,16.34,239.92
1206,08/23/2024 16:25:00,16.34,254.48
1207,08/23/2024 16:30:00,16.30,164.80
1208,08/23/2024 16:35:00,16.30,194.24
1209,08/23/2024 16:40:00,16.30,226.08
1210,08/23/2024 16:45:00,16.30,423.04
1211,08/23/2024 16:50:00,16.26,152.04
1212,08/23/2024 16:55:00,16.26,266.32
1213,08/23/2024 17:00:00,16.26,204.24
1214,08/23/2024 17:05:00,16.21,322.32
1215,08/23/2024 17:10:00,16.17,251.76
1216,08/23/2024 17:15:00,16.13,206.08
1217,08/23/2024 17:20:00,16.13,155.68
1218,08/23/2024 17:25:00,16.13,236.32
1219,08/23/2024 17:30:00,16.08,156.60
1220,08/23/2024 17:35:00,16.08,113.48
1221,08/23/2024 17:40:00,16.00,146.48
1222,08/23/2024 17:45:00,16.04,195.84
1223,08/23/2024 17:50:00,16.00,108.04
1224,08/23/2024 17:55:00,16.00,103.36
1225,08/23/2024 18:00:00,16.00,114.40
1226,08/23/2024 18:05:00,16.00,143.64
1227,08/23/2024 18:10:00,16.00,82.32
1228,08/23/2024 18:15:00,15.96,105.20
1229,08/23/2024 18:20:00,15.96,115.32
1230,08/23/2024 18:25:00,15.91,96.08
1231,08/23/2024 18:30:00,15.91,106.08
1232,08/23/2024 18:35:00,15.91,146.36
1233,08/23/2024 18:40:00,15.87,66.76
1234,08/23/2024 18:45:00,15.91,63.96
1235,08/23/2024 18:50:00,15.87,42.08
1236,08/23/2024 18:55:00,15.87,37.02
1237,08/23/2024 19:00:00,15.83,35.65
1238,08/23/2024 19:05:00,15.83,31.04
1239,08/23/2024 19:10:00,15.83,22.34
1240,08/23/2024 19:15:00,15.83,23.25
1241,08/23/2024 19:20:00,15.83,21.43
1242,08/23/2024 19:25:00,15.78,15.75
1243,08/23/2024 19:30:00,15.74,11.40
1244,08/23/2024 19:35:00,15.78,6.82
1245,08/23/2024 19:40:00,15.70,5.00
1246,08/23/2024 19:45:00,15.74,4.32
1247,08/23/2024 19:50:00,15.78,1.81
1248,08/23/2024 19:55:00,15.74,0.90
1249,08/23/2024 20:00:00,15.74,0.00
1250,08/23/2024 20:05:00,15.74,0.00
1251,08/23/2024 20:10:00,15.70,0.00
1252,08/23/2024 20:15:00,15.70,0.00
1253,08/23/2024 20:20:00,15.70,0.00
1254,08/23/2024 20:25:00,15.70,0.00
1255,08/23/2024 20:30:00,15.66,0.00
1256,08/23/2024 20:35:00,15.66,0.00
1257,08/23/2024 20:40:00,15.66,0.00
1258,08/23/2024 20:45:00,15.61,0.00
1259,08/23/2024 20:50:00,15.57,0.00
1260,08/23/2024 20:55:00,15.61,0.00
1261,08/23/2024 21:00:00,15.57,0.00
1262,08/23/2024 21:05:00,15.57,0.00
1263,08/23/2024 21:10:00,15.57,0.00
1264,08/23/2024 21:15:00,15.57,0.00
1265,08/23/2024 21:20:00,15.57,0.00
1266,08/23/2024 21:25:00,15.57,0.00
1267,08/23/2024 21:30:00,15.57,0.00
1268,08/23/2024 21:35:00,15.53,0.00
1269,08/23/2024 21:40:00,15.53,0.00
1270,08/23/2024 21:45:00,15.48,0.00
1271,08/23/2024 21:50:00,15.48,0.00
1272,08/23/2024 21:55:00,15.44,0.00
1273,08/23/2024 22:00:00,15.44,0.00
1274,08/23/2024 22:05:00,15.53,0.00
1275,08/23/2024 22:10:00,15.40,0.00
1276,08/23/2024 22:15:00,15.44,0.00
1277,08/23/2024 22:20:00,15.40,0.00
1278,08/23/2024 22:25:00,15.44,0.00
1279,08/23/2024 22:30:00,15.40,0.00
1280,08/23/2024 22:35:00,15.36,0.22
1281,08/23/2024 22:40:00,15.36,0.00
1282,08/23/2024 22:45:00,15.36,0.00
1283,08/23/2024 22:50:00,15.31,0.00
1284,08/23/2024 22:55:00,15.31,0.00
1285,08/23/2024 23:00:00,15.27,0.00
1286,08/23/2024 23:05:00,15.31,0.00
1287,08/23/2024 23:10:00,15.27,0.00
1288,08/23/2024 23:15:00,15.27,0.00
1289,08/23/2024 23:20:00,15.27,0.00
1290,08/23/2024 23:25:00,15.23,0.00
1291,08/23/2024 23:30:00,15.27,0.00
1292,08/23/2024 23:35:00,15.23,0.00
1293,08/23/2024 23:40:00,15.23,0.00
1294,08/23/2024 23:45:00,15.18,0.00
1295,08/23/2024 23:50:00,15.18,0.00
1296,08/23/2024 23:55:00,15.18,0.00
1297,08/24/2024 00:00:00,15.14,0.00
1298,08/24/2024 00:05:00,15.14,0.00
1299,08/24/2024 00:10:00,15.10,0.00
1300,08/24/2024 00:15:00,15.14,0.00
1301,08/24/2024 00:20:00,15.10,0.00
1302,08/24/2024 00:25:00,15.10,0.00
1303,08/24/2024 00:30:00,15.06,0.00
1304,08/24/2024 00:35:00,15.10,0.00
1305,08/24/2024 00:40:00,15.06,0.00
1306,08/24/2024 00:45:00,15.10,0.00
1307,08/24/2024 00:50:00,15.06,0.00
1308,08/24/2024 00:55:00,15.06,0.00
1309,08/24/2024 01:00:00,15.01,0.00
1310,08/24/2024 01:05:00,15.01,0.00
1311,08/24/2024 01:10:00,15.01,0.00
1312,08/24/2024 01:15:00,15.06,0.00
1313,08/24/2024 01:20:00,15.01,0.00
1314,08/24/2024 01:25:00,15.06,0.00
1315,08/24/2024 01:30:00,15.01,0.00
1316,08/24/2024 01:35:00,15.01,0.00
1317,08/24/2024 01:40:00,14.97,0.00
1318,08/24/2024 01:45:00,14.97,0.22
1319,08/24/2024 01:50:00,14.97,0.00
1320,08/24/2024 01:55:00,14.97,0.00
1321,08/24/2024 02:00:00,14.93,0.00
1322,08/24/2024 02:05:00,14.93,0.00
1323,08/24/2024 02:10:00,15.01,0.00
1324,08/24/2024 02:15:00,14.97,0.00
1325,08/24/2024 02:20:00,14.97,0.00
1326,08/24/2024 02:25:00,14.93,0.00
1327,08/24/2024 02:30:00,14.93,0.00
1328,08/24/2024 02:35:00,14.97,0.00
1329,08/24/2024 02:40:00,14.97,0.00
1330,08/24/2024 02:45:00,14.93,0.00
1331,08/24/2024 02:50:00,14.93,0.00
1332,08/24/2024 02:55:00,14.93,0.00
1333,08/24/2024 03:00:00,14.93,0.00
1334,08/24/2024 03:05:00,14.88,0.00
1335,08/24/2024 03:10:00,14.93,0.00
1336,08/24/2024 03:15:00,14.93,0.00
1337,08/24/2024 03:20:00,14.97,0.00
1338,08/24/2024 03:25:00,14.93,0.00
1339,08/24/2024 03:30:00,14.88,0.00
1340,08/24/2024 03:35:00,14.88,0.00
1341,08/24/2024 03:40:00,14.93,0.00
1342,08/24/2024 03:45:00,14.93,0.00
1343,08/24/2024 03:50:00,14.88,0.00
1344,08/24/2024 03:55:00,14.93,0.00
1345,08/24/2024 04:00:00,14.93,0.00
1346,08/24/2024 04:05:00,14.93,0.00
1347,08/24/2024 04:10:00,14.88,0.00
1348,08/24/2024 04:15:00,14.88,0.00
1349,08/24/2024 04:20:00,14.93,0.00
1350,08/24/2024 04:25:00,14.93,0.00
1351,08/24/2024 04:30:00,14.84,0.00
1352,08/24/2024 04:35:00,14.88,0.00
1353,08/24/2024 04:40:00,14.88,0.22
1354,08/24/2024 04:45:00,14.93,0.00
1355,08/24/2024 04:50:00,14.88,0.00
1356,08/24/2024 04:55:00,14.88,0.00
1357,08/24/2024 05:00:00,14.97,0.00
1358,08/24/2024 05:05:00,14.88,0.00
1359,08/24/2024 05:10:00,14.88,0.00
1360,08/24/2024 05:15:00,14.84,0.00
1361,08/24/2024 05:20:00,14.93,0.00
1362,08/24/2024 05:25:00,14.88,0.00
1363,08/24/2024 05:30:00,14.84,0.00
1364,08/24/2024 05:35:00,14.88,0.00
1365,08/24/2024 05:40:00,14.88,0.00
1366,08/24/2024 05:45:00,14.88,0.00
1367,08/24/2024 05:50:00,14.88,0.00
1368,08/24/2024 05:55:00,14.84,0.00
1369,08/24/2024 06:00:00,14.88,0.00
1370,08/24/2024 06:05:00,14.84,0.00
1371,08/24/2024 06:10:00,14.84,0.00
1372,08/24/2024 06:15:00,14.84,0.00
1373,08/24/2024 06:20:00,14.84,0.00
1374,08/24/2024 06:25:00,14.88,0.90
1375,08/24/2024 06:30:00,14.84,2.50
1376,08/24/2024 06:35:00,14.84,3.63
1377,08/24/2024 06:40:00,14.84,5.91
1378,08/24/2024 06:45:00,14.84,6.59
1379,08/24/2024 06:50:00,14.88,13.22
1380,08/24/2024 06:55:00,14.84,15.49
1381,08/24/2024 07:00:00,14.84,34.68
1382,08/24/2024 07:05:00,14.84,31.50
1383,08/24/2024 07:10:00,14.84,21.43
1384,08/24/2024 07:15:00,14.84,24.68
1385,08/24/2024 07:20:00,14.84,31.50
1386,08/24/2024 07:25:00,14.88,42.92
1387,08/24/2024 07:30:00,14.84,43.84
1388,08/24/2024 07:35:00,14.88,33.32
1389,08/24/2024 07:40:00,14.88,33.32
1390,08/24/2024 07:45:00,14.84,35.59
1391,08/24/2024 07:50:00,14.84,25.98
1392,08/24/2024 07:55:00,14.88,29.68
1393,08/24/2024 08:00:00,14.84,40.20
1394,08/24/2024 08:05:00,14.84,28.26
1395,08/24/2024 08:10:00,14.80,21.43
1396,08/24/2024 08:15:00,14.84,27.80
1397,08/24/2024 08:20:00,14.84,29.22
1398,08/24/2024 08:25:00,14.84,42.02
1399,08/24/2024 08:30:00,14.84,46.56
1400,08/24/2024 08:35:00,14.84,54.80
1401,08/24/2024 08:40:00,14.84,37.87
1402,08/24/2024 08:45:00,14.80,25.07
1403,08/24/2024 08:50:00,14.80,29.22
1404,08/24/2024 08:55:00,14.80,39.29
1405,08/24/2024 09:00:00,14.84,51.12
1406,08/24/2024 09:05:00,14.84,30.13
1407,08/24/2024 09:10:00,14.84,33.32
1408,08/24/2024 09:15:00,14.84,28.31
1409,08/24/2024 09:20:00,14.80,50.26
1410,08/24/2024 09:25:00,14.84,48.90
1411,08/24/2024 09:30:00,14.88,77.68
1412,08/24/2024 09:35:00,14.84,64.94
1413,08/24/2024 09:40:00,14.84,58.56
1414,08/24/2024 09:45:00,14.84,74.08
1415,08/24/2024 09:50:00,14.88,65.90
1416,08/24/2024 09:55:00,14.93,80.52
1417,08/24/2024 10:00:00,14.93,166.56
1418,08/24/2024 10:05:00,14.93,75.06
1419,08/24/2024 10:10:00,14.93,81.42
1420,08/24/2024 10:15:00,14.97,115.32
1421,08/24/2024 10:20:00,14.97,65.44
1422,08/24/2024 10:25:00,15.01,76.88
1423,08/24/2024 10:30:00,15.01,81.42
1424,08/24/2024 10:35:00,15.01,72.32
1425,08/24/2024 10:40:00,15.06,79.60
1426,08/24/2024 10:45:00,15.06,152.84
1427,08/24/2024 10:50:00,15.10,115.32
1428,08/24/2024 10:55:00,15.10,97.00
1429,08/24/2024 11:00:00,15.18,169.28
1430,08/24/2024 11:05:00,15.23,90.64
1431,08/24/2024 11:10:00,15.23,223.36
1432,08/24/2024 11:15:00,15.27,118.16
1433,08/24/2024 11:20:00,15.31,83.24
1434,08/24/2024 11:25:00,15.31,91.52
1435,08/24/2024 11:30:00,15.36,94.28
1436,08/24/2024 11:35:00,15.44,109.84
1437,08/24/2024 11:40:00,15.48,103.48
1438,08/24/2024 11:45:00,15.53,110.76
1439,08/24/2024 11:50:00,15.57,112.56
1440,08/24/2024 11:55:00,15.61,98.92
1441,08/24/2024 12:00:00,15.66,93.36
1442,08/24/2024 12:05:00,15.66,184.00
1443,08/24/2024 12:10:00,15.74,133.60
1444,08/24/2024 12:15:00,15.78,135.56
1445,08/24/2024 12:20:00,15.87,495.84
1446,08/24/2024 12:25:00,15.91,157.52
1447,08/24/2024 12:30:00,15.96,127.24
1448,08/24/2024 12:35:00,16.08,198.80
1449,08/24/2024 12:40:00,16.08,271.76
1450,08/24/2024 12:45:00,16.17,176.56
1451,08/24/2024 12:50:00,16.17,252.48
1452,08/24/2024 12:55:00,16.30,273.60
1453,08/24/2024 13:00:00,16.34,463.04
1454,08/24/2024 13:05:00,16.47,762.88
1455,08/24/2024 13:10:00,16.60,1175.36
1456,08/24/2024 13:15:00,16.64,1539.84
1457,08/24/2024 13:20:00,16.73,1535.36
1458,08/24/2024 13:25:00,16.81,1441.92
1459,08/24/2024 13:30:00,16.86,1414.40
1460,08/24/2024 13:35:00,16.90,1629.44
1461,08/24/2024 13:40:00,16.99,1544.96
1462,08/24/2024 13:45:00,17.03,1257.28
1463,08/24/2024 13:50:00,17.07,1441.92
1464,08/24/2024 13:55:00,17.11,1474.56
1465,08/24/2024 14:00:00,17.20,1245.44
1466,08/24/2024 14:05:00,17.11,1475.20
1467,08/24/2024 14:10:00,17.20,1848.32
1468,08/24/2024 14:15:00,17.24,1250.88
1469,08/24/2024 14:20:00,17.29,1432.96
1470,08/24/2024 14:25:00,17.29,1101.76
1471,08/24/2024 14:30:00,17.29,1722.88
1472,08/24/2024 14:35:00,17.29,1444.48
1473,08/24/2024 14:40:00,17.37,1388.16
1474,08/24/2024 14:45:00,17.37,1614.72
1475,08/24/2024 14:50:00,17.33,1274.56
1476,08/24/2024 14:55:00,17.33,1293.76
1477,08/24/2024 15:00:00,17.41,1209.92
1478,08/24/2024 15:05:00,17.37,1362.56
1479,08/24/2024 15:10:00,17.37,1206.40
1480,08/24/2024 15:15:00,17.37,1569.28
1481,08/24/2024 15:20:00,17.37,1263.68
1482,08/24/2024 15:25:00,17.37,772.80
1483,08/24/2024 15:30:00,17.37,1203.52
1484,08/24/2024 15:35:00,17.37,1094.40
1485,08/24/2024 15:40:00,17.33,1521.92
1486,08/24/2024 15:45:00,17.29,1111.68
1487,08/24/2024 15:50:00,17.33,1020.80
1488,08/24/2024 15:55:00,17.24,1016.32
1489,08/24/2024 16:00:00,17.20,1006.08
1490,08/24/2024 16:05:00,17.20,728.32
1491,08/24/2024 16:10:00,17.20,790.40
1492,08/24/2024 16:15:00,17.11,377.76
1493,08/24/2024 16:20:00,17.03,115.44
1494,08/24/2024 16:25:00,17.03,117.12
1495,08/24/2024 16:30:00,16.99,155.56
1496,08/24/2024 16:35:00,16.94,119.84
1497,08/24/2024 16:40:00,16.94,67.72
1498,08/24/2024 16:45:00,16.94,227.68
1499,08/24/2024 16:50:00,16.94,107.92
1500,08/24/2024 16:55:00,16.90,94.16
1501,08/24/2024 17:00:00,16.90,102.36
1502,08/24/2024 17:05:00,16.86,83.12
1503,08/24/2024 17:10:00,16.86,127.04
1504,08/24/2024 17:15:00,16.81,65.34
1505,08/24/2024 17:20:00,16.81,96.88
1506,08/24/2024 17:25:00,16.81,95.08
1507,08/24/2024 17:30:00,16.81,99.60
1508,08/24/2024 17:35:00,16.77,79.50
1509,08/24/2024 17:40:00,16.77,68.06
1510,08/24/2024 17:45:00,16.73,69.48
1511,08/24/2024 17:50:00,16.69,137.16
1512,08/24/2024 17:55:00,16.69,89.60
1513,08/24/2024 18:00:00,16.64,66.70
1514,08/24/2024 18:05:00,16.64,76.76
1515,08/24/2024 18:10:00,16.64,58.00
1516,08/24/2024 18:15:00,16.64,73.58
1517,08/24/2024 18:20:00,16.60,94.16
1518,08/24/2024 18:25:00,16.56,115.20
1519,08/24/2024 18:30:00,16.51,74.94
1520,08/24/2024 18:35:00,16.56,60.72
1521,08/24/2024 18:40:00,16.47,75.86
1522,08/24/2024 18:45:00,16.47,53.44
1523,08/24/2024 18:50:00,16.47,77.68
1524,08/24/2024 18:55:00,16.43,45.66
1525,08/24/2024 19:00:00,16.43,37.93
1526,08/24/2024 19:05:00,16.39,26.95
1527,08/24/2024 19:10:00,16.39,26.50
1528,08/24/2024 19:15:00,16.34,15.75
1529,08/24/2024 19:20:00,16.34,17.11
1530,08/24/2024 19:25:00,16.34,26.89
1531,08/24/2024 19:30:00,16.30,22.34
1532,08/24/2024 19:35:00,16.34,10.00
1533,08/24/2024 19:40:00,16.30,4.54
1534,08/24/2024 19:45:00,16.30,3.63
1535,08/24/2024 19:50:00,16.30,1.36
1536,08/24/2024 19:55:00,16.26,0.45
1537,08/24/2024 20:00:00,16.30,0.45
1538,08/24/2024 20:05:00,16.26,0.00
1539,08/24/2024 20:10:00,16.21,0.00
1540,08/24/2024 20:15:00,16.21,0.00
1541,08/24/2024 20:20:00,16.21,0.00
1542,08/24/2024 20:25:00,16.17,0.00
1543,08/24/2024 20:30:00,16.21,0.00
1544,08/24/2024 20:35:00,16.17,0.00
1545,08/24/2024 20:40:00,16.17,0.00
1546,08/24/2024 20:45:00,16.13,0.00
1547,08/24/2024 20:50:00,16.17,0.00
1548,08/24/2024 20:55:00,16.17,0.00
1549,08/24/2024 21:00:00,16.13,0.00
1550,08/24/2024 21:05:00,16.13,0.00
1551,08/24/2024 21:10:00,16.08,0.00
1552,08/24/2024 21:15:00,16.08,0.00
1553,08/24/2024 21:20:00,16.04,0.00
1554,08/24/2024 21:25:00,16.08,0.00
1555,08/24/2024 21:30:00,16.04,0.00
1556,08/24/2024 21:35:00,16.04,0.00
1557,08/24/2024 21:40:00,16.08,0.00
1558,08/24/2024 21:45:00,16.04,0.00
1559,08/24/2024 21:50:00,16.00,0.00
1560,08/24/2024 21:55:00,16.00,0.00
1561,08/24/2024 22:00:00,16.00,0.00
1562,08/24/2024 22:05:00,16.00,0.00
1563,08/24/2024 22:10:00,16.00,0.00
1564,08/24/2024 22:15:00,15.96,0.00
1565,08/24/2024 22:20:00,15.91,0.00
1566,08/24/2024 22:25:00,15.87,0.00
1567,08/24/2024 22:30:00,15.96,0.00
1568,08/24/2024 22:35:00,15.87,0.00
1569,08/24/2024 22:40:00,15.87,0.00
1570,08/24/2024 22:45:00,15.87,0.00
1571,08/24/2024 22:50:00,15.91,0.00
1572,08/24/2024 22:55:00,15.83,0.00
1573,08/24/2024 23:00:00,15.83,0.00
1574,08/24/2024 23:05:00,15.83,0.00
1575,08/24/2024 23:10:00,15.83,0.00
1576,08/24/2024 23:15:00,15.78,0.00
1577,08/24/2024 23:20:00,15.74,0.00
1578,08/24/2024 23:25:00,15.78,0.00
1579,08/24/2024 23:30:00,15.78,0.00
1580,08/24/2024 23:35:00,15.70,0.00
1581,08/24/2024 23:40:00,15.70,0.00
1582,08/24/2024 23:45:00,15.70,0.00
1583,08/24/2024 23:50:00,15.66,0.00
1584,08/24/2024 23:55:00,15.70,0.00
1585,08/25/2024 00:00:00,15.66,0.00
1586,08/25/2024 00:05:00,15.70,0.00
1587,08/25/2024 00:10:00,15.66,0.00
1588,08/25/2024 00:15:00,15.61,0.00
1589,08/25/2024 00:20:00,15.61,0.00
1590,08/25/2024 00:25:00,15.61,0.00
1591,08/25/2024 00:30:00,15.61,0.00
1592,08/25/2024 00:35:00,15.61,0.00
1593,08/25/2024 00:40:00,15.61,0.00
1594,08/25/2024 00:45:00,15.57,0.00
1595,08/25/2024 00:50:00,15.53,0.00
1596,08/25/2024 00:55:00,15.53,0.00
1597,08/25/2024 01:00:00,15.48,0.00
1598,08/25/2024 01:05:00,15.48,0.00
1599,08/25/2024 01:10:00,15.44,0.00
1600,08/25/2024 01:15:00,15.48,0.00
1601,08/25/2024 01:20:00,15.48,0.00
1602,08/25/2024 01:25:00,15.40,0.00
1603,08/25/2024 01:30:00,15.44,0.00
1604,08/25/2024 01:35:00,15.44,0.00
1605,08/25/2024 01:40:00,15.36,0.00
1606,08/25/2024 01:45:00,15.40,0.00
1607,08/25/2024 01:50:00,15.40,0.00
1608,08/25/2024 01:55:00,15.40,0.00
1609,08/25/2024 02:00:00,15.40,0.00
1610,08/25/2024 02:05:00,15.36,0.22
1611,08/25/2024 02:10:00,15.36,0.00
1612,08/25/2024 02:15:00,15.31,0.00
1613,08/25/2024 02:20:00,15.31,0.00
1614,08/25/2024 02:25:00,15.27,0.00
1615,08/25/2024 02:30:00,15.27,0.00
1616,08/25/2024 02:35:00,15.27,0.00
1617,08/25/2024 02:40:00,15.27,0.00
1618,08/25/2024 02:45:00,15.23,0.00
1619,08/25/2024 02:50:00,15.23,0.00
1620,08/25/2024 02:55:00,15.18,0.00
1621,08/25/2024 03:00:00,15.18,0.00
1622,08/25/2024 03:05:00,15.18,0.00
1623,08/25/2024 03:10:00,15.14,0.00
1624,08/25/2024 03:15:00,15.18,0.00
1625,08/25/2024 03:20:00,15.18,0.00
1626,08/25/2024 03:25:00,15.14,0.00
1627,08/25/2024 03:30:00,15.10,0.00
1628,08/25/2024 03:35:00,15.14,0.00
1629,08/25/2024 03:40:00,15.10,0.00
1630,08/25/2024 03:45:00,15.10,0.00
1631,08/25/2024 03:50:00,15.10,0.00
1632,08/25/2024 03:55:00,15.06,0.00
1633,08/25/2024 04:00:00,15.01,0.00
1634,08/25/2024 04:05:00,15.01,0.00
1635,08/25/2024 04:10:00,15.06,0.00
1636,08/25/2024 04:15:00,15.06,0.00
1637,08/25/2024 04:20:00,15.01,0.00
1638,08/25/2024 04:25:00,15.06,0.00
1639,08/25/2024 04:30:00,15.06,0.00
1640,08/25/2024 04:35:00,15.06,0.00
1641,08/25/2024 04:40:00,15.01,0.00
1642,08/25/2024 04:45:00,15.01,0.00
1643,08/25/2024 04:50:00,15.01,0.00
1644,08/25/2024 04:55:00,15.01,0.00
1645,08/25/2024 05:00:00,15.01,0.00
1646,08/25/2024 05:05:00,14.97,0.00
1647,08/25/2024 05:10:00,14.97,0.00
1648,08/25/2024 05:15:00,14.97,0.22
1649,08/25/2024 05:20:00,14.97,0.00
1650,08/25/2024 05:25:00,14.93,0.00
1651,08/25/2024 05:30:00,14.93,0.00
1652,08/25/2024 05:35:00,14.93,0.00
1653,08/25/2024 05:40:00,14.97,0.00
1654,08/25/2024 05:45:00,14.84,0.00
1655,08/25/2024 05:50:00,14.93,0.00
1656,08/25/2024 05:55:00,14.93,0.00
1657,08/25/2024 06:00:00,14.88,0.00
1658,08/25/2024 06:05:00,14.93,0.00
1659,08/25/2024 06:10:00,14.88,0.00
1660,08/25/2024 06:15:00,14.88,0.00
1661,08/25/2024 06:20:00,14.88,0.45
1662,08/25/2024 06:25:00,14.84,0.90
1663,08/25/2024 06:30:00,14.84,3.86
1664,08/25/2024 06:35:00,14.84,3.41
1665,08/25/2024 06:40:00,14.80,16.63
1666,08/25/2024 06:45:00,14.84,5.91
1667,08/25/2024 06:50:00,14.84,25.53
1668,08/25/2024 06:55:00,14.80,13.90
1669,08/25/2024 07:00:00,14.84,17.31
1670,08/25/2024 07:05:00,14.84,28.71
1671,08/25/2024 07:10:00,14.84,16.17
1672,08/25/2024 07:15:00,14.84,29.17
1673,08/25/2024 07:20:00,14.80,40.20
1674,08/25/2024 07:25:00,14.80,34.68
1675,08/25/2024 07:30:00,14.75,19.61
1676,08/25/2024 07:35:00,14.80,33.32
1677,08/25/2024 07:40:00,14.84,23.71
1678,08/25/2024 07:45:00,14.80,42.42
1679,08/25/2024 07:50:00,14.80,27.80
1680,08/25/2024 07:55:00,14.75,37.87
1681,08/25/2024 08:00:00,14.75,43.32
1682,08/25/2024 08:05:00,14.75,39.75
1683,08/25/2024 08:10:00,14.80,36.05
1684,08/25/2024 08:15:00,14.80,29.62
1685,08/25/2024 08:20:00,14.75,66.70
1686,08/25/2024 08:25:00,14.80,95.08
1687,08/25/2024 08:30:00,14.80,37.41
1688,08/25/2024 08:35:00,14.75,53.38
1689,08/25/2024 08:40:00,14.80,78.12
1690,08/25/2024 08:45:00,14.80,30.59
1691,08/25/2024 08:50:00,14.80,59.36
1692,08/25/2024 08:55:00,14.75,32.86
1693,08/25/2024 09:00:00,14.80,50.66
1694,08/25/2024 09:05:00,14.80,42.86
1695,08/25/2024 09:10:00,14.80,52.94
1696,08/25/2024 09:15:00,14.84,53.44
1697,08/25/2024 09:20:00,14.80,58.00
1698,08/25/2024 09:25:00,14.80,83.12
1699,08/25/2024 09:30:00,14.84,74.04
1700,08/25/2024 09:35:00,14.84,55.78
1701,08/25/2024 09:40:00,14.84,90.52
1702,08/25/2024 09:45:00,14.84,103.36
1703,08/25/2024 09:50:00,14.88,75.06
1704,08/25/2024 09:55:00,14.93,82.32
1705,08/25/2024 10:00:00,14.93,73.24
1706,08/25/2024 10:05:00,14.93,99.72
1707,08/25/2024 10:10:00,14.97,76.88
1708,08/25/2024 10:15:00,14.97,85.16
1709,08/25/2024 10:20:00,15.01,100.64
1710,08/25/2024 10:25:00,15.01,96.08
1711,08/25/2024 10:30:00,15.06,93.36
1712,08/25/2024 10:35:00,15.06,76.88
1713,08/25/2024 10:40:00,15.10,121.80
1714,08/25/2024 10:45:00,15.14,84.24
1715,08/25/2024 10:50:00,15.18,91.52
1716,08/25/2024 10:55:00,15.23,89.72
1717,08/25/2024 11:00:00,15.23,114.40
1718,08/25/2024 11:05:00,15.27,96.08
1719,08/25/2024 11:10:00,15.31,123.60
1720,08/25/2024 11:15:00,15.40,110.76
1721,08/25/2024 11:20:00,15.44,85.16
1722,08/25/2024 11:25:00,15.53,116.20
1723,08/25/2024 11:30:00,15.48,94.28
1724,08/25/2024 11:35:00,15.57,136.36
1725,08/25/2024 11:40:00,15.61,97.00
1726,08/25/2024 11:45:00,15.66,107.12
1727,08/25/2024 11:50:00,15.74,101.64
1728,08/25/2024 11:55:00,15.78,124.52
1729,08/25/2024 12:00:00,15.83,161.92
1730,08/25/2024 12:05:00,15.87,110.76
1731,08/25/2024 12:10:00,15.96,114.40
1732,08/25/2024 12:15:00,15.96,178.56
1733,08/25/2024 12:20:00,16.04,432.96
1734,08/25/2024 12:25:00,16.08,133.60
1735,08/25/2024 12:30:00,16.13,138.16
1736,08/25/2024 12:35:00,16.21,192.40
1737,08/25/2024 12:40:00,16.26,181.28
1738,08/25/2024 12:45:00,16.34,261.76
1739,08/25/2024 12:50:00,16.39,238.80
1740,08/25/2024 12:55:00,16.43,284.56
1741,08/25/2024 13:00:00,16.51,383.36
1742,08/25/2024 13:05:00,16.64,1142.72
1743,08/25/2024 13:10:00,16.69,1164.48
1744,08/25/2024 13:15:00,16.73,1545.60
1745,08/25/2024 13:20:00,16.81,1452.80
1746,08/25/2024 13:25:00,16.86,1424.64
1747,08/25/2024 13:30:00,16.94,2030.72
1748,08/25/2024 13:35:00,16.99,1569.92
1749,08/25/2024 13:40:00,17.03,1401.60
1750,08/25/2024 13:45:00,17.07,1491.20
1751,08/25/2024 13:50:00,17.11,1358.08
1752,08/25/2024 13:55:00,17.11,1516.16
1753,08/25/2024 14:00:00,17.20,1514.88
1754,08/25/2024 14:05:00,17.24,1242.88
1755,08/25/2024 14:10:00,17.24,1564.80
1756,08/25/2024 14:15:00,17.24,2343.68
1757,08/25/2024 14:20:00,17.29,1504.64
1758,08/25/2024 14:25:00,17.29,1445.76
1759,08/25/2024 14:30:00,17.33,1374.72
1760,08/25/2024 14:35:00,17.33,1409.92
1761,08/25/2024 14:40:00,17.33,2046.72
1762,08/25/2024 14:45:00,17.33,1465.60
1763,08/25/2024 14:50:00,17.37,1658.24
1764,08/25/2024 14:55:00,17.41,1621.76
1765,08/25/2024 15:00:00,17.41,2143.36
1766,08/25/2024 15:05:00,17.41,1553.92
1767,08/25/2024 15:10:00,17.41,1506.56
1768,08/25/2024 15:15:00,17.41,1539.84
1769,08/25/2024 15:20:00,17.41,1248.96
1770,08/25/2024 15:25:00,17.37,1447.04
1771,08/25/2024 15:30:00,17.33,1250.88
1772,08/25/2024 15:35:00,17.33,1601.28
1773,08/25/2024 15:40:00,17.33,1126.40
1774,08/25/2024 15:45:00,17.29,1528.32
1775,08/25/2024 15:50:00,17.24,1203.52
1776,08/25/2024 15:55:00,17.24,875.20
1777,08/25/2024 16:00:00,17.20,965.12
1778,08/25/2024 16:05:00,17.16,796.48
1779,08/25/2024 16:10:00,17.16,699.20
1780,08/25/2024 16:15:00,17.07,107.24
1781,08/25/2024 16:20:00,16.99,89.72
1782,08/25/2024 16:25:00,16.99,91.52
1783,08/25/2024 16:30:00,16.94,92.44
1784,08/25/2024 16:35:00,16.94,91.44
1785,08/25/2024 16:40:00,16.90,89.60
1786,08/25/2024 16:45:00,16.86,108.84
1787,08/25/2024 16:50:00,16.86,98.72
1788,08/25/2024 16:55:00,16.86,139.88
1789,08/25/2024 17:00:00,16.81,71.30
1790,08/25/2024 17:05:00,16.77,148.08
1791,08/25/2024 17:10:00,16.77,84.04
1792,08/25/2024 17:15:00,16.73,92.32
1793,08/25/2024 17:20:00,16.73,56.62
1794,08/25/2024 17:25:00,16.69,145.32
1795,08/25/2024 17:30:00,16.64,58.00
1796,08/25/2024 17:35:00,16.69,133.52
1797,08/25/2024 17:40:00,16.64,42.02
1798,08/25/2024 17:45:00,16.64,77.22
1799,08/25/2024 17:50:00,16.64,55.72
1800,08/25/2024 17:55:00,16.56,53.44
1801,08/25/2024 18:00:00,16.51,64.88
1802,08/25/2024 18:05:00,16.47,49.36
1803,08/25/2024 18:10:00,16.51,52.02
1804,08/25/2024 18:15:00,16.47,39.29
1805,08/25/2024 18:20:00,16.47,38.38
1806,08/25/2024 18:25:00,16.47,53.84
1807,08/25/2024 18:30:00,16.39,42.02
1808,08/25/2024 18:35:00,16.39,36.96
1809,08/25/2024 18:40:00,16.39,43.38
1810,08/25/2024 18:45:00,16.34,33.77
1811,08/25/2024 18:50:00,16.34,29.22
1812,08/25/2024 18:55:00,16.34,40.65
1813,08/25/2024 19:00:00,16.30,61.64
1814,08/25/2024 19:05:00,16.30,52.48
1815,08/25/2024 19:10:00,16.26,40.20
1816,08/25/2024 19:15:00,16.30,25.53
1817,08/25/2024 19:20:00,16.21,23.71
1818,08/25/2024 19:25:00,16.21,10.23
1819,08/25/2024 19:30:00,16.21,8.18
1820,08/25/2024 19:35:00,16.17,10.46
1821,08/25/2024 19:40:00,16.17,4.32
1822,08/25/2024 19:45:00,16.17,1.81
1823,08/25/2024 19:50:00,16.17,1.81
1824,08/25/2024 19:55:00,16.13,0.22
1825,08/25/2024 20:00:00,16.13,0.00
1826,08/25/2024 20:05:00,16.17,0.00
1827,08/25/2024 20:10:00,16.08,0.00
1828,08/25/2024 20:15:00,16.04,0.00
1829,08/25/2024 20:20:00,16.08,0.22
1830,08/25/2024 20:25:00,16.08,0.00
1831,08/25/2024 20:30:00,16.08,0.00
1832,08/25/2024 20:35:00,16.04,0.00
1833,08/25/2024 20:40:00,16.08,0.00
1834,08/25/2024 20:45:00,16.04,0.00
1835,08/25/2024 20:50:00,16.04,0.00
1836,08/25/2024 20:55:00,16.00,0.00
1837,08/25/2024 21:00:00,16.00,0.00
1838,08/25/2024 21:05:00,16.00,0.00
1839,08/25/2024 21:10:00,16.00,0.00
1840,08/25/2024 21:15:00,15.96,0.00
1841,08/25/2024 21:20:00,15.96,0.00
1842,08/25/2024 21:25:00,15.96,0.00
1843,08/25/2024 21:30:00,15.96,0.00
1844,08/25/2024 21:35:00,15.87,0.00
1845,08/25/2024 21:40:00,15.91,0.00
1846,08/25/2024 21:45:00,15.91,0.00
1847,08/25/2024 21:50:00,15.96,0.00
1848,08/25/2024 21:55:00,15.91,0.00
1849,08/25/2024 22:00:00,15.87,0.00
1850,08/25/2024 22:05:00,15.87,0.00
1851,08/25/2024 22:10:00,15.83,0.00
1852,08/25/2024 22:15:00,15.87,0.00
1853,08/25/2024 22:20:00,15.83,0.00
1854,08/25/2024 22:25:00,15.83,0.00
1855,08/25/2024 22:30:00,15.83,0.00
1856,08/25/2024 22:35:00,15.83,0.00
1857,08/25/2024 22:40:00,15.83,0.00
1858,08/25/2024 22:45:00,15.83,0.00
1859,08/25/2024 22:50:00,15.78,0.00
1860,08/25/2024 22:55:00,15.74,0.00
1861,08/25/2024 23:00:00,15.78,0.00
1862,08/25/2024 23:05:00,15.74,0.00
1863,08/25/2024 23:10:00,15.74,0.00
1864,08/25/2024 23:15:00,15.70,0.00
1865,08/25/2024 23:20:00,15.74,0.00
1866,08/25/2024 23:25:00,15.70,0.00
1867,08/25/2024 23:30:00,15.70,0.22
1868,08/25/2024 23:35:00,15.70,0.00
1869,08/25/2024 23:40:00,15.66,0.00
1870,08/25/2024 23:45:00,15.70,0.00
1871,08/25/2024 23:50:00,15.66,0.00
1872,08/25/2024 23:55:00,15.66,0.00
1873,08/26/2024 00:00:00,15.61,0.00
1874,08/26/2024 00:05:00,15.61,0.00
1875,08/26/2024 00:10:00,15.61,0.00
1876,08/26/2024 00:15:00,15.61,0.00
1877,08/26/2024 00:20:00,15.61,0.00
1878,08/26/2024 00:25:00,15.61,0.00
1879,08/26/2024 00:30:00,15.61,0.00
1880,08/26/2024 00:35:00,15.53,0.00
1881,08/26/2024 00:40:00,15.57,0.00
1882,08/26/2024 00:45:00,15.61,0.00
1883,08/26/2024 00:50:00,15.53,0.00
1884,08/26/2024 00:55:00,15.53,0.00
1885,08/26/2024 01:00:00,15.53,0.00
1886,08/26/2024 01:05:00,15.53,0.00
1887,08/26/2024 01:10:00,15.53,0.00
1888,08/26/2024 01:15:00,15.48,0.00
1889,08/26/2024 01:20:00,15.48,0.00
1890,08/26/2024 01:25:00,15.48,0.00
1891,08/26/2024 01:30:00,15.48,0.00
1892,08/26/2024 01:35:00,15.48,0.00
1893,08/26/2024 01:40:00,15.44,0.00
1894,08/26/2024 01:45:00,15.44,0.00
1895,08/26/2024 01:50:00,15.44,0.00
1896,08/26/2024 01:55:00,15.44,0.00
1897,08/26/2024 02:00:00,15.44,0.00
1898,08/26/2024 02:05:00,15.44,0.00
1899,08/26/2024 02:10:00,15.40,0.00
1900,08/26/2024 02:15:00,15.40,0.00
1901,08/26/2024 02:20:00,15.36,0.00
1902,08/26/2024 02:25:00,15.40,0.00
1903,08/26/2024 02:30:00,15.40,0.00
1904,08/26/2024 02:35:00,15.44,0.00
1905,08/26/2024 02:40:00,15.36,0.00
1906,08/26/2024 02:45:00,15.40,0.00
1907,08/26/2024 02:50:00,15.40,0.00
1908,08/26/2024 02:55:00,15.36,0.00
1909,08/26/2024 03:00:00,15.36,0.00
1910,08/26/2024 03:05:00,15.40,0.00
1911,08/26/2024 03:10:00,15.36,0.00
1912,08/26/2024 03:15:00,15.36,0.00
1913,08/26/2024 03:20:00,15.40,0.00
1914,08/26/2024 03:25:00,15.36,0.00
1915,08/26/2024 03:30:00,15.36,0.00
1916,08/26/2024 03:35:00,15.31,0.00
1917,08/26/2024 03:40:00,15.36,0.00
1918,08/26/2024 03:45:00,15.31,0.00
1919,08/26/2024 03:50:00,15.31,0.00
1920,08/26/2024 03:55:00,15.36,0.00
1921,08/26/2024 04:00:00,15.36,0.00
1922,08/26/2024 04:05:00,15.36,0.00
1923,08/26/2024 04:10:00,15.36,0.00
1924,08/26/2024 04:15:00,15.31,0.00
1925,08/26/2024 04:20:00,15.31,0.00
1926,08/26/2024 04:25:00,15.31,0.00
1927,08/26/2024 04:30:00,15.31,0.00
1928,08/26/2024 04:35:00,15.27,0.00
1929,08/26/2024 04:40:00,15.27,0.00
1930,08/26/2024 04:45:00,15.27,0.00
1931,08/26/2024 04:50:00,15.31,0.00
1932,08/26/2024 04:55:00,15.31,0.00
1933,08/26/2024 05:00:00,15.27,0.00
1934,08/26/2024 05:05:00,15.31,0.00
1935,08/26/2024 05:10:00,15.27,0.00
1936,08/26/2024 05:15:00,15.27,0.00
1937,08/26/2024 05:20:00,15.27,0.00
1938,08/26/2024 05:25:00,15.31,0.00
1939,08/26/2024 05:30:00,15.23,0.00
1940,08/26/2024 05:35:00,15.23,0.22
1941,08/26/2024 05:40:00,15.27,0.00
1942,08/26/2024 05:45:00,15.23,0.00
1943,08/26/2024 05:50:00,15.23,0.00
1944,08/26/2024 05:55:00,15.23,0.00
1945,08/26/2024 06:00:00,15.27,0.00
1946,08/26/2024 06:05:00,15.23,0.00
1947,08/26/2024 06:10:00,15.27,0.00
1948,08/26/2024 06:15:00,15.23,0.00
1949,08/26/2024 06:20:00,15.18,0.45
1950,08/26/2024 06:25:00,15.23,0.45
1951,08/26/2024 06:30:00,15.23,2.95
1952,08/26/2024 06:35:00,15.27,5.91
1953,08/26/2024 06:40:00,15.14,7.96
1954,08/26/2024 06:45:00,15.18,6.82
1955,08/26/2024 06:50:00,15.18,13.19
1956,08/26/2024 06:55:00,15.23,19.10
1957,08/26/2024 07:00:00,15.18,11.14
1958,08/26/2024 07:05:00,15.23,20.52
1959,08/26/2024 07:10:00,15.23,19.56
1960,08/26/2024 07:15:00,15.18,12.05
1961,08/26/2024 07:20:00,15.14,28.71
1962,08/26/2024 07:25:00,15.14,63.00
1963,08/26/2024 07:30:00,15.18,19.61
1964,08/26/2024 07:35:00,15.18,42.02
1965,08/26/2024 07:40:00,15.18,20.07
1966,08/26/2024 07:45:00,15.14,44.74
1967,08/26/2024 07:50:00,15.23,53.84
1968,08/26/2024 07:55:00,15.18,21.43
1969,08/26/2024 08:00:00,15.18,30.13
1970,08/26/2024 08:05:00,15.18,31.04
1971,08/26/2024 08:10:00,15.18,56.62
1972,08/26/2024 08:15:00,15.14,23.71
1973,08/26/2024 08:20:00,15.14,66.18
1974,08/26/2024 08:25:00,15.18,36.05
1975,08/26/2024 08:30:00,15.18,41.10
1976,08/26/2024 08:35:00,15.14,100.52
1977,08/26/2024 08:40:00,15.10,53.84
1978,08/26/2024 08:45:00,15.18,45.20
1979,08/26/2024 08:50:00,15.18,34.68
1980,08/26/2024 08:55:00,15.14,32.86
1981,08/26/2024 09:00:00,15.10,80.40
1982,08/26/2024 09:05:00,15.18,42.92
1983,08/26/2024 09:10:00,15.18,43.84
1984,08/26/2024 09:15:00,15.18,126.12
1985,08/26/2024 09:20:00,15.18,41.56
1986,08/26/2024 09:25:00,15.14,81.30
1987,08/26/2024 09:30:00,15.14,81.42
1988,08/26/2024 09:35:00,15.18,53.04
1989,08/26/2024 09:40:00,15.18,55.32
1990,08/26/2024 09:45:00,15.23,59.02
1991,08/26/2024 09:50:00,15.23,62.26
1992,08/26/2024 09:55:00,15.27,50.78
1993,08/26/2024 10:00:00,15.27,87.00
1994,08/26/2024 10:05:00,15.23,135.44
1995,08/26/2024 10:10:00,15.31,70.00
1996,08/26/2024 10:15:00,15.27,78.70
1997,08/26/2024 10:20:00,15.31,72.32
1998,08/26/2024 10:25:00,15.36,69.60
1999,08/26/2024 10:30:00,15.40,114.40
2000,08/26/2024 10:35:00,15.36,97.00
2001,08/26/2024 10:40:00,15.40,119.96
2002,08/26/2024 10:45:00,15.40,109.84
2003,08/26/2024 10:50:00,15.44,168.40
2004,08/26/2024 10:55:00,15.48,107.12
2005,08/26/2024 11:00:00,15.53,85.04
2006,08/26/2024 11:05:00,15.53,89.84
2007,08/26/2024 11:10:00,15.57,148.28
2008,08/26/2024 11:15:00,15.66,142.84
2009,08/26/2024 11:20:00,15.70,104.28
2010,08/26/2024 11:25:00,15.70,86.08
2011,08/26/2024 11:30:00,15.78,101.64
2012,08/26/2024 11:35:00,15.78,79.60
2013,08/26/2024 11:40:00,15.83,85.04
2014,08/26/2024 11:45:00,15.91,105.28
2015,08/26/2024 11:50:00,15.96,100.64
2016,08/26/2024 11:55:00,16.04,90.64
2017,08/26/2024 12:00:00,16.04,165.52
2018,08/26/2024 12:05:00,16.08,116.20
2019,08/26/2024 12:10:00,16.13,276.56
2020,08/26/2024 12:15:00,16.21,136.36
2021,08/26/2024 12:20:00,16.26,242.64
2022,08/26/2024 12:25:00,16.34,162.96
2023,08/26/2024 12:30:00,16.34,106.20
2024,08/26/2024 12:35:00,16.43,313.20
2025,08/26/2024 12:40:00,16.47,149.32
2026,08/26/2024 12:45:00,16.51,180.32
2027,08/26/2024 12:50:00,16.60,162.84
2028,08/26/2024 12:55:00,16.64,240.64
2029,08/26/2024 13:00:00,16.73,388.96
2030,08/26/2024 13:05:00,16.86,1163.52
2031,08/26/2024 13:10:00,16.90,670.08
2032,08/26/2024 13:15:00,16.90,1429.76
2033,08/26/2024 13:20:00,17.03,1455.36
2034,08/26/2024 13:25:00,17.11,1385.60
2035,08/26/2024 13:30:00,17.16,1345.28
2036,08/26/2024 13:35:00,17.16,1539.84
2037,08/26/2024 13:40:00,17.24,1755.52
2038,08/26/2024 13:45:00,17.29,1744.64
2039,08/26/2024 13:50:00,17.37,1481.60
2040,08/26/2024 13:55:00,17.37,1760.00
2041,08/26/2024 14:00:00,17.41,1763.84
2042,08/26/2024 14:05:00,17.41,1655.04
2043,08/26/2024 14:10:00,18.62,320.00
