"","LocationYear","Date","Treatment","Treatment.Temp","Fish.Sample","Start.Temp_C","LOE.Temp_C","Length_mm","Mass_g","Fultons","Lethal.Take","Location","mean_mean","mean_min","mean_max","mean_sd","hist_julymean"
"1","Big Sur 2024",2024-08-27,"1",16.5,"BC-01",16.3,30.6,178,57.6,"1.0213215","N","Big Sur",15.98233918125,14.9575,17.92875,0.8246079585,15.752
"2","Big Sur 2024",2024-08-27,"1",16.5,"BC-02",16.3,30.6,165,54.3,"1.208782","N","Big Sur",15.98233918125,14.9575,17.92875,0.8246079585,15.752
"3","Big Sur 2024",2024-08-27,"1",16.5,"BC-03",16.3,30.6,173,56.2,"1.0854205","N","Big Sur",15.98233918125,14.9575,17.92875,0.8246079585,15.752
"4","Big Sur 2024",2024-08-27,"1",16.5,"BC-04",16.3,30.6,85,8.1,"1.3189497","N","Big Sur",15.98233918125,14.9575,17.92875,0.8246079585,15.752
"5","Big Sur 2024",2024-08-27,"1",16.5,"BC-05",16.3,30.7,90,7.6,"1.042524","N","Big Sur",15.98233918125,14.9575,17.92875,0.8246079585,15.752
"6","Big Sur 2024",2024-08-27,"1",16.5,"BC-06",16.3,30.7,104,13.3,"1.1823652","N","Big Sur",15.98233918125,14.9575,17.92875,0.8246079585,15.752
"7","Big Sur 2024",2024-08-27,"1",16.5,"BC-07",16.1,30.2,135,23.4,"0.9510745","N","Big Sur",15.98233918125,14.9575,17.92875,0.8246079585,15.752
"8","Big Sur 2024",2024-08-27,"1",16.5,"BC-08",16.1,30.8,178,59.9,"1.0621034","N","Big Sur",15.98233918125,14.9575,17.92875,0.8246079585,15.752
"9","Big Sur 2024",2024-08-27,"1",16.5,"BC-09",16.1,30.8,189,75.6,"1.1197895","N","Big Sur",15.98233918125,14.9575,17.92875,0.8246079585,15.752
"10","Big Sur 2024",2024-08-27,"1",16.5,"BC-10",16.1,30.8,201,78.1,"0.9617515","N","Big Sur",15.98233918125,14.9575,17.92875,0.8246079585,15.752
"11","Big Sur 2024",2024-08-27,"1",16.5,"BC-11",16.1,30.7,150,35.3,"1.0459259","N","Big Sur",15.98233918125,14.9575,17.92875,0.8246079585,15.752
"12","Big Sur 2024",2024-08-27,"1",16.5,"BC-12",16.1,30.7,184,69.5,"1.1156586","N","Big Sur",15.98233918125,14.9575,17.92875,0.8246079585,15.752
"13","Big Sur 2024",2024-08-27,"1",16.5,"BC-13",16.1,30.7,163,43.9,"1.0136819","N","Big Sur",15.98233918125,14.9575,17.92875,0.8246079585,15.752
"14","Big Sur 2024",2024-08-27,"1",16.5,"BC-14",16.6,30.4,170,47.6,"0.9688581","N","Big Sur",15.98233918125,14.9575,17.92875,0.8246079585,15.752
"15","Big Sur 2024",2024-08-27,"1",16.5,"BC-15",16.6,30.3,123,18.5,"0.9941602","N","Big Sur",15.98233918125,14.9575,17.92875,0.8246079585,15.752
"16","Big Sur 2024",2024-08-27,"1",16.5,"BC-16",16.6,30.3,181,69.3,"1.1686851","N","Big Sur",15.98233918125,14.9575,17.92875,0.8246079585,15.752
"17","Big Sur 2024",2024-08-27,"1",16.5,"BC-17",16.6,30.4,152,39.3,"1.1190817","N","Big Sur",15.98233918125,14.9575,17.92875,0.8246079585,15.752
"18","Big Sur 2024",2024-08-27,"1",16.5,"BC-18",16.6,30.4,107,14.1,"1.15098","N","Big Sur",15.98233918125,14.9575,17.92875,0.8246079585,15.752
"19","Big Sur 2024",2024-08-27,"1",16.5,"BC-19",16.6,30.4,110,13.3,"0.9992487","N","Big Sur",15.98233918125,14.9575,17.92875,0.8246079585,15.752
"20","Big Sur 2024",2024-08-27,"1",16.5,"BC-20",16.6,30.8,112,14.2,"1.010728","N","Big Sur",15.98233918125,14.9575,17.92875,0.8246079585,15.752
"21","Big Sur 2024",2024-08-27,"1",16.5,"BC-21",17,30.4,139,27.3,"1.0165254","N","Big Sur",15.98233918125,14.9575,17.92875,0.8246079585,15.752
"22","Big Sur 2024",2024-08-27,"1",16.5,"BC-22",17,30.6,82,6.5,"1.178886","N","Big Sur",15.98233918125,14.9575,17.92875,0.8246079585,15.752
"23","Big Sur 2024",2024-08-27,"1",16.5,"BC-23",17,30.9,112,12.5,"0.8897253","N","Big Sur",15.98233918125,14.9575,17.92875,0.8246079585,15.752
"24","Big Sur 2024",2024-08-27,"1",16.5,"BC-24",17,30.9,104,11.6,"1.0312358","N","Big Sur",15.98233918125,14.9575,17.92875,0.8246079585,15.752
"25","Big Sur 2024",2024-08-27,"1",16.5,"BC-25",17,30.9,86,7.1,"1.1162539","N","Big Sur",15.98233918125,14.9575,17.92875,0.8246079585,15.752
"26","Big Sur 2024",2024-08-27,"1",16.5,"BC-26",17,31,110,14.8,"1.1119459","N","Big Sur",15.98233918125,14.9575,17.92875,0.8246079585,15.752
"27","Big Sur 2024",2024-08-28,"3",23,"BC-27",22.6,31,156,41.1,"1.0826","N","Big Sur",15.98233918125,14.9575,17.92875,0.8246079585,15.752
"28","Big Sur 2024",2024-08-28,"3",23,"BC-28",22.6,31,162,51.3,"1.206625","N","Big Sur",15.98233918125,14.9575,17.92875,0.8246079585,15.752
"29","Big Sur 2024",2024-08-28,"3",23,"BC-29",22.6,31,151,36.2,"1.0514236","N","Big Sur",15.98233918125,14.9575,17.92875,0.8246079585,15.752
"30","Big Sur 2024",2024-08-28,"3",23,"BC-30",22.6,31.3,183,63,"1.0279862","N","Big Sur",15.98233918125,14.9575,17.92875,0.8246079585,15.752
"31","Big Sur 2024",2024-08-28,"3",23,"BC-31",22.6,31.4,103,12.7,"1.1622299","N","Big Sur",15.98233918125,14.9575,17.92875,0.8246079585,15.752
"32","Big Sur 2024",2024-08-28,"3",23,"BC-32",22.6,31.7,111,15.2,"1.1114109","N","Big Sur",15.98233918125,14.9575,17.92875,0.8246079585,15.752
"33","Big Sur 2024",2024-08-28,"3",23,"BC-33",22.6,31,106,12.3,"1.0327317","N","Big Sur",15.98233918125,14.9575,17.92875,0.8246079585,15.752
"34","Big Sur 2024",2024-08-28,"3",23,"BC-34",22.6,31,160,39.8,"0.9716797","N","Big Sur",15.98233918125,14.9575,17.92875,0.8246079585,15.752
"35","Big Sur 2024",2024-08-28,"3",23,"BC-35",22.6,31,155,38.6,"1.0365547","N","Big Sur",15.98233918125,14.9575,17.92875,0.8246079585,15.752
"36","Big Sur 2024",2024-08-28,"3",23,"BC-36",22.6,31,104,12.7,"1.1290254","N","Big Sur",15.98233918125,14.9575,17.92875,0.8246079585,15.752
"37","Big Sur 2024",2024-08-28,"3",23,"BC-37",22.6,31,108,11.9,"0.9446604","N","Big Sur",15.98233918125,14.9575,17.92875,0.8246079585,15.752
"38","Big Sur 2024",2024-08-28,"3",23,"BC-38",22.6,31,113,16.9,"1.1712548","N","Big Sur",15.98233918125,14.9575,17.92875,0.8246079585,15.752
"39","Big Sur 2024",2024-08-28,"3",23,"BC-39",22.6,31.2,236,144.2,"1.0970571","N","Big Sur",15.98233918125,14.9575,17.92875,0.8246079585,15.752
"40","Big Sur 2024",2024-08-28,"3",23,"BC-40",22.6,31.2,90,6.8,"0.9327846","N","Big Sur",15.98233918125,14.9575,17.92875,0.8246079585,15.752
"41","Big Sur 2024",2024-08-28,"3",23,"BC-41",22.7,31,152,44.2,"1.2586109","N","Big Sur",15.98233918125,14.9575,17.92875,0.8246079585,15.752
"42","Big Sur 2024",2024-08-28,"3",23,"BC-42",22.7,31.4,177,57.2,"1.0315166","N","Big Sur",15.98233918125,14.9575,17.92875,0.8246079585,15.752
"43","Big Sur 2024",2024-08-28,"3",23,"BC-43",22.7,31.5,171,54.8,"1.0959538","N","Big Sur",15.98233918125,14.9575,17.92875,0.8246079585,15.752
"44","Big Sur 2024",2024-08-28,"3",23,"BC-44",22.7,31.7,89,7.6,"1.0780616","N","Big Sur",15.98233918125,14.9575,17.92875,0.8246079585,15.752
"45","Big Sur 2024",2024-08-28,"3",23,"BC-45",22.7,31.7,173,53.8,"1.039068","N","Big Sur",15.98233918125,14.9575,17.92875,0.8246079585,15.752
"46","Big Sur 2024",2024-08-28,"3",23,"BC-46",22.7,31.7,90,7.9,"1.0836763","N","Big Sur",15.98233918125,14.9575,17.92875,0.8246079585,15.752
"47","Big Sur 2024",2024-08-28,"3",23,"BC-47",22.7,31.9,105,11.4,"0.9847749","N","Big Sur",15.98233918125,14.9575,17.92875,0.8246079585,15.752
"48","Big Sur 2024",2024-08-28,"3",23,"BC-48",22.8,31.1,201,95.3,"1.1735585","N","Big Sur",15.98233918125,14.9575,17.92875,0.8246079585,15.752
"49","Big Sur 2024",2024-08-28,"3",23,"BC-49",22.8,31.2,79,5.8,"1.1763775","N","Big Sur",15.98233918125,14.9575,17.92875,0.8246079585,15.752
"50","Big Sur 2024",2024-08-28,"3",23,"BC-50",22.8,31.6,119,16.5,"0.9791361","N","Big Sur",15.98233918125,14.9575,17.92875,0.8246079585,15.752
"51","Big Sur 2024",2024-08-28,"3",23,"BC-51",22.8,31.5,132,23.9,"1.0391449","N","Big Sur",15.98233918125,14.9575,17.92875,0.8246079585,15.752
"52","Big Sur 2024",2024-08-28,"3",23,"BC-52",22.8,31.5,110,13.9,"1.0443276","N","Big Sur",15.98233918125,14.9575,17.92875,0.8246079585,15.752
"53","Big Sur 2024",2024-08-29,"2",20,"BC-53",20.3,30.7,165,46.5,"1.0351448","N","Big Sur",15.98233918125,14.9575,17.92875,0.8246079585,15.752
"54","Big Sur 2024",2024-08-29,"2",20,"BC-54",20.3,30.7,159,43.4,"1.0796882","N","Big Sur",15.98233918125,14.9575,17.92875,0.8246079585,15.752
"55","Big Sur 2024",2024-08-29,"2",20,"BC-55",20.3,31,105,11.7,"1.01069","N","Big Sur",15.98233918125,14.9575,17.92875,0.8246079585,15.752
"56","Big Sur 2024",2024-08-29,"2",20,"BC-56",20.3,30.8,121,18.1,"1.0216978","N","Big Sur",15.98233918125,14.9575,17.92875,0.8246079585,15.752
"57","Big Sur 2024",2024-08-29,"2",20,"BC-57",20.3,30.9,96,9.8,"1.1076751","N","Big Sur",15.98233918125,14.9575,17.92875,0.8246079585,15.752
"58","Big Sur 2024",2024-08-29,"2",20,"BC-58",20.3,30.9,89,5.5,"0.7801761","N","Big Sur",15.98233918125,14.9575,17.92875,0.8246079585,15.752
"59","Big Sur 2024",2024-08-29,"2",20,"BC-59",20.3,31.1,112,16.5,"1.1744374","N","Big Sur",15.98233918125,14.9575,17.92875,0.8246079585,15.752
"60","Big Sur 2024",2024-08-29,"2",20,"BC-60",20.4,30.5,209,96.4,"1.0559374","N","Big Sur",15.98233918125,14.9575,17.92875,0.8246079585,15.752
"61","Big Sur 2024",2024-08-29,"2",20,"BC-61",20.4,30.6,112,13.7,"0.9751389","N","Big Sur",15.98233918125,14.9575,17.92875,0.8246079585,15.752
"62","Big Sur 2024",2024-08-29,"2",20,"BC-62",20.4,30.9,109,13,"1.0038385","N","Big Sur",15.98233918125,14.9575,17.92875,0.8246079585,15.752
"63","Big Sur 2024",2024-08-29,"2",20,"BC-63",20.4,31.1,118,16.7,"1.0164136","N","Big Sur",15.98233918125,14.9575,17.92875,0.8246079585,15.752
"64","Big Sur 2024",2024-08-29,"2",20,"BC-64",20.4,31.1,125,21.1,"1.08032","N","Big Sur",15.98233918125,14.9575,17.92875,0.8246079585,15.752
"65","Big Sur 2024",2024-08-29,"2",20,"BC-65",20.4,31.2,107,14,"1.142817","N","Big Sur",15.98233918125,14.9575,17.92875,0.8246079585,15.752
"66","Big Sur 2024",2024-08-29,"2",20,"BC-66",20.4,31.2,115,17.2,"1.1309279","N","Big Sur",15.98233918125,14.9575,17.92875,0.8246079585,15.752
"67","Big Sur 2024",2024-08-29,"2",20,"BC-67",20.4,30.4,159,38.6,"0.9602757","N","Big Sur",15.98233918125,14.9575,17.92875,0.8246079585,15.752
"68","Big Sur 2024",2024-08-29,"2",20,"BC-68",20.4,30.7,155,32.8,"0.8808029","N","Big Sur",15.98233918125,14.9575,17.92875,0.8246079585,15.752
"69","Big Sur 2024",2024-08-29,"2",20,"BC-69",20.4,30.7,124,20.1,"1.0542194","N","Big Sur",15.98233918125,14.9575,17.92875,0.8246079585,15.752
"70","Big Sur 2024",2024-08-29,"2",20,"BC-70",20.4,30.7,150,33.3,"0.9866667","N","Big Sur",15.98233918125,14.9575,17.92875,0.8246079585,15.752
"71","Big Sur 2024",2024-08-29,"2",20,"BC-71",20.4,31.2,93,10.3,"1.2805259","N","Big Sur",15.98233918125,14.9575,17.92875,0.8246079585,15.752
"72","Big Sur 2024",2024-08-29,"2",20,"BC-72",20.4,31.3,114,15.4,"1.0394561","N","Big Sur",15.98233918125,14.9575,17.92875,0.8246079585,15.752
"73","Big Sur 2024",2024-08-29,"2",20,"BC-73",20.4,31.3,91,9.3,"1.2341239","N","Big Sur",15.98233918125,14.9575,17.92875,0.8246079585,15.752
"74","Big Sur 2024",2024-08-29,"2",20,"BC-74",20.2,30.3,89,7.9,"1.1206167","N","Big Sur",15.98233918125,14.9575,17.92875,0.8246079585,15.752
"75","Big Sur 2024",2024-08-29,"2",20,"BC-75",20.2,30.4,96,9.1,"1.0285554","N","Big Sur",15.98233918125,14.9575,17.92875,0.8246079585,15.752
"76","Big Sur 2024",2024-08-29,"2",20,"BC-76",20.2,31,90,7.8,"1.0699588","N","Big Sur",15.98233918125,14.9575,17.92875,0.8246079585,15.752
"77","Big Sur 2024",2024-08-29,"2",20,"BC-77",20.2,31.3,127,20.1,"0.9812618","N","Big Sur",15.98233918125,14.9575,17.92875,0.8246079585,15.752
"78","Big Sur 2024",2024-08-29,"2",20,"BC-78",20.2,31.4,108,13.6,"1.0796118","N","Big Sur",15.98233918125,14.9575,17.92875,0.8246079585,15.752
"79","Big Sur 2024",2024-08-29,"2",20,"BC-79",20.2,31.4,83,7.7,"1.3466553","N","Big Sur",15.98233918125,14.9575,17.92875,0.8246079585,15.752
"80","Big Sur 2024",2024-08-30,"4",25,"BC-80",24.6,30.8,159,38.7,"0.9627634","N","Big Sur",15.98233918125,14.9575,17.92875,0.8246079585,15.752
"81","Big Sur 2024",2024-08-30,"4",25,"BC-81",24.6,31.2,184,66.6,"1.069106","N","Big Sur",15.98233918125,14.9575,17.92875,0.8246079585,15.752
"82","Big Sur 2024",2024-08-30,"4",25,"BC-82",24.6,31.2,112,14.9,"1.0605526","N","Big Sur",15.98233918125,14.9575,17.92875,0.8246079585,15.752
"83","Big Sur 2024",2024-08-30,"4",25,"BC-83",24.6,31.2,102,11.6,"1.0930939","N","Big Sur",15.98233918125,14.9575,17.92875,0.8246079585,15.752
"84","Big Sur 2024",2024-08-30,"4",25,"BC-84",24.6,31.5,121,18.3,"1.0329873","N","Big Sur",15.98233918125,14.9575,17.92875,0.8246079585,15.752
"85","Big Sur 2024",2024-08-30,"4",25,"BC-85",24.6,31.7,75,4.5,"1.0666667","N","Big Sur",15.98233918125,14.9575,17.92875,0.8246079585,15.752
"86","Big Sur 2024",2024-08-30,"4",25,"BC-86",24.6,31.7,113,14.7,"1.0187837","N","Big Sur",15.98233918125,14.9575,17.92875,0.8246079585,15.752
"87","Big Sur 2024",2024-08-30,"4",25,"BC-87",24.6,31.7,99,11,"1.1336712","N","Big Sur",15.98233918125,14.9575,17.92875,0.8246079585,15.752
"88","Big Sur 2024",2024-08-30,"4",25,"BC-88",24.6,31.7,75,5.6,"1.3274074","N","Big Sur",15.98233918125,14.9575,17.92875,0.8246079585,15.752
"89","Big Sur 2024",2024-08-30,"4",25,"BC-89",25.2,30.7,NA,2.4,"5.1440329","N","Big Sur",15.98233918125,14.9575,17.92875,0.8246079585,15.752
"90","Big Sur 2024",2024-08-30,"4",25,"BC-90",25.2,31.2,112,15.1,"1.0747882","N","Big Sur",15.98233918125,14.9575,17.92875,0.8246079585,15.752
"91","Big Sur 2024",2024-08-30,"4",25,"BC-91",25.2,31.2,102,10.4,"0.9800152","N","Big Sur",15.98233918125,14.9575,17.92875,0.8246079585,15.752
"92","Big Sur 2024",2024-08-30,"4",25,"BC-92",25.2,31.3,106,12,"1.0075431","N","Big Sur",15.98233918125,14.9575,17.92875,0.8246079585,15.752
"93","Big Sur 2024",2024-08-30,"4",25,"BC-93",25.2,31.4,104,12.1,"1.0756856","N","Big Sur",15.98233918125,14.9575,17.92875,0.8246079585,15.752
"94","Big Sur 2024",2024-08-30,"4",25,"BC-94",25.2,31.5,114,15.2,"1.0259567","N","Big Sur",15.98233918125,14.9575,17.92875,0.8246079585,15.752
"95","Big Sur 2024",2024-08-30,"4",25,"BC-95",25.2,31.5,93,8.9,"1.1064739","N","Big Sur",15.98233918125,14.9575,17.92875,0.8246079585,15.752
"96","Big Sur 2024",2024-08-30,"4",25,"BC-96",25.2,31.6,109,12.9,"0.9961167","N","Big Sur",15.98233918125,14.9575,17.92875,0.8246079585,15.752
"97","Big Sur 2024",2024-08-30,"4",25,"BC-97",25.2,31.7,100,10.4,"1.04","N","Big Sur",15.98233918125,14.9575,17.92875,0.8246079585,15.752
"98","Big Sur 2024",2024-08-30,"4",25,"BC-98",25,31.5,110,14.6,"1.0969196","N","Big Sur",15.98233918125,14.9575,17.92875,0.8246079585,15.752
"99","Big Sur 2024",2024-08-30,"4",25,"BC-99",25,31.5,106,11.7,"0.9823546","N","Big Sur",15.98233918125,14.9575,17.92875,0.8246079585,15.752
"100","Big Sur 2024",2024-08-30,"4",25,"BC-100",25,31.6,90,8,"1.0973937","N","Big Sur",15.98233918125,14.9575,17.92875,0.8246079585,15.752
"101","Big Sur 2024",2024-08-30,"4",25,"BC-101",25,31.7,85,7.4,"1.2049664","N","Big Sur",15.98233918125,14.9575,17.92875,0.8246079585,15.752
"102","Big Sur 2024",2024-08-30,"4",25,"BC-102",25,31.8,109,13.7,"1.0578914","N","Big Sur",15.98233918125,14.9575,17.92875,0.8246079585,15.752
"103","Big Sur 2024",2024-08-30,"4",25,"BC-103",25,31.9,97,9.7,"1.0628122","N","Big Sur",15.98233918125,14.9575,17.92875,0.8246079585,15.752
"104","Big Sur 2024",2024-08-30,"4",25,"BC-104",25,31.9,89,7.3,"1.0355065","N","Big Sur",15.98233918125,14.9575,17.92875,0.8246079585,15.752
"105","Carmel River 2024",2024-10-23,"3",23,"CR-01",22.1,30.5,190,59.5,"0.8674734","N","Carmel River",14.8151446042857,13.3657142857143,16.3335714285714,0.994504718857143,17.673
"106","Carmel River 2024",2024-10-23,"3",23,"CR-02",22.1,31,58,2,"1.0250523","N","Carmel River",14.8151446042857,13.3657142857143,16.3335714285714,0.994504718857143,17.673
"107","Carmel River 2024",2024-10-23,"3",23,"CR-03",22.1,31.3,79,7.3,"1.4806131","N","Carmel River",14.8151446042857,13.3657142857143,16.3335714285714,0.994504718857143,17.673
"108","Carmel River 2024",2024-10-23,"3",23,"CR-04",22.1,31.3,85,8.3,"1.3515164","N","Carmel River",14.8151446042857,13.3657142857143,16.3335714285714,0.994504718857143,17.673
"109","Carmel River 2024",2024-10-23,"3",23,"CR-05",22.1,31.3,100,10.4,"1.04","N","Carmel River",14.8151446042857,13.3657142857143,16.3335714285714,0.994504718857143,17.673
"110","Carmel River 2024",2024-10-23,"3",23,"CR-06",22.1,31.3,175,55.4,"1.0337026","N","Carmel River",14.8151446042857,13.3657142857143,16.3335714285714,0.994504718857143,17.673
"111","Carmel River 2024",2024-10-23,"3",23,"CR-07",22.1,31.4,128,22,"1.0490417","N","Carmel River",14.8151446042857,13.3657142857143,16.3335714285714,0.994504718857143,17.673
"112","Carmel River 2024",2024-10-23,"3",23,"CR-08",22.1,31.6,81,6.7,"1.2607232","N","Carmel River",14.8151446042857,13.3657142857143,16.3335714285714,0.994504718857143,17.673
"113","Carmel River 2024",2024-10-23,"3",23,"CR-09",22.6,30.4,209,89.8,"0.9836429","N","Carmel River",14.8151446042857,13.3657142857143,16.3335714285714,0.994504718857143,17.673
"114","Carmel River 2024",2024-10-23,"3",23,"CR-10",22.6,30.9,93,8.8,"1.0940416","N","Carmel River",14.8151446042857,13.3657142857143,16.3335714285714,0.994504718857143,17.673
"115","Carmel River 2024",2024-10-23,"3",23,"CR-11",22.6,30.9,91,8,"1.061612","N","Carmel River",14.8151446042857,13.3657142857143,16.3335714285714,0.994504718857143,17.673
"116","Carmel River 2024",2024-10-23,"3",23,"CR-12",22.6,30.9,162,39,"0.9173173","N","Carmel River",14.8151446042857,13.3657142857143,16.3335714285714,0.994504718857143,17.673
"117","Carmel River 2024",2024-10-23,"3",23,"CR-13",22.6,31,85,6.9,"1.1235498","N","Carmel River",14.8151446042857,13.3657142857143,16.3335714285714,0.994504718857143,17.673
"118","Carmel River 2024",2024-10-23,"3",23,"CR-14",22.6,31.3,126,20.4,"1.0198083","N","Carmel River",14.8151446042857,13.3657142857143,16.3335714285714,0.994504718857143,17.673
"119","Carmel River 2024",2024-10-23,"3",23,"CR-15",22.6,31.3,75,4.7,"1.1140741","N","Carmel River",14.8151446042857,13.3657142857143,16.3335714285714,0.994504718857143,17.673
"120","Carmel River 2024",2024-10-23,"3",23,"CR-16",22.6,31.4,83,5.8,"1.0143637","N","Carmel River",14.8151446042857,13.3657142857143,16.3335714285714,0.994504718857143,17.673
"121","Carmel River 2024",2024-10-23,"3",23,"CR-17",22,31.2,72,3.5,"0.9377143","N","Carmel River",14.8151446042857,13.3657142857143,16.3335714285714,0.994504718857143,17.673
"122","Carmel River 2024",2024-10-23,"3",23,"CR-18",22,31.3,87,7,"1.0630172","N","Carmel River",14.8151446042857,13.3657142857143,16.3335714285714,0.994504718857143,17.673
"123","Carmel River 2024",2024-10-23,"3",23,"CR-19",22,31.5,62,2.4,"1.0070155","N","Carmel River",14.8151446042857,13.3657142857143,16.3335714285714,0.994504718857143,17.673
"124","Carmel River 2024",2024-10-23,"3",23,"CR-20",22,31.5,77,4.7,"1.0294984","N","Carmel River",14.8151446042857,13.3657142857143,16.3335714285714,0.994504718857143,17.673
"125","Carmel River 2024",2024-10-23,"3",23,"CR-21",22,31.7,66,3.1,"1.0782759","N","Carmel River",14.8151446042857,13.3657142857143,16.3335714285714,0.994504718857143,17.673
"126","Carmel River 2024",2024-10-23,"3",23,"CR-22",22,31.7,77,4.6,"1.0075942","N","Carmel River",14.8151446042857,13.3657142857143,16.3335714285714,0.994504718857143,17.673
"127","Carmel River 2024",2024-10-23,"3",23,"CR-23",22,31.7,77,NA,"#VALUE!","N","Carmel River",14.8151446042857,13.3657142857143,16.3335714285714,0.994504718857143,17.673
"128","Carmel River 2024",2024-10-23,"3",23,"CR-24",22,31.9,94,8.3,"0.9992969","N","Carmel River",14.8151446042857,13.3657142857143,16.3335714285714,0.994504718857143,17.673
"129","Carmel River 2024",2024-10-23,"3",23,"CR-25",22,32.1,90,8.3,"1.138546","N","Carmel River",14.8151446042857,13.3657142857143,16.3335714285714,0.994504718857143,17.673
"130","Carmel River 2024",2024-10-24,"1",13,"CR-26",12.9,30.6,59,1.5,"0.730357","N","Carmel River",14.8151446042857,13.3657142857143,16.3335714285714,0.994504718857143,17.673
"131","Carmel River 2024",2024-10-24,"1",13,"CR-27",12.9,30.5,87,7.6,"1.1541329","N","Carmel River",14.8151446042857,13.3657142857143,16.3335714285714,0.994504718857143,17.673
"132","Carmel River 2024",2024-10-24,"1",13,"CR-28",12.9,30.5,99,10.6,"1.0924468","N","Carmel River",14.8151446042857,13.3657142857143,16.3335714285714,0.994504718857143,17.673
"133","Carmel River 2024",2024-10-24,"1",13,"CR-29",12.9,30.7,86,6.8,"1.0690883","N","Carmel River",14.8151446042857,13.3657142857143,16.3335714285714,0.994504718857143,17.673
"134","Carmel River 2024",2024-10-24,"1",13,"CR-30",12.9,30.7,86,7.9,"1.242029","N","Carmel River",14.8151446042857,13.3657142857143,16.3335714285714,0.994504718857143,17.673
"135","Carmel River 2024",2024-10-24,"1",13,"CR-31",12.9,30.7,93,7.6,"0.9448541","N","Carmel River",14.8151446042857,13.3657142857143,16.3335714285714,0.994504718857143,17.673
"136","Carmel River 2024",2024-10-24,"1",13,"CR-32",12.9,31,85,6.4,"1.0421331","N","Carmel River",14.8151446042857,13.3657142857143,16.3335714285714,0.994504718857143,17.673
"137","Carmel River 2024",2024-10-24,"1",13,"CR-33",12.9,31.1,99,11.6,"1.1955078","N","Carmel River",14.8151446042857,13.3657142857143,16.3335714285714,0.994504718857143,17.673
"138","Carmel River 2024",2024-10-24,"1",13,"CR-34",13.9,30.2,100,10.2,"1.02","N","Carmel River",14.8151446042857,13.3657142857143,16.3335714285714,0.994504718857143,17.673
"139","Carmel River 2024",2024-10-24,"1",13,"CR-35",13.9,30.8,93,9.2,"1.1437707","N","Carmel River",14.8151446042857,13.3657142857143,16.3335714285714,0.994504718857143,17.673
"140","Carmel River 2024",2024-10-24,"1",13,"CR-36",13.9,30.8,76,4,"0.9112115","N","Carmel River",14.8151446042857,13.3657142857143,16.3335714285714,0.994504718857143,17.673
"141","Carmel River 2024",2024-10-24,"1",13,"CR-37",13.9,30.8,80,5.4,"1.0546875","N","Carmel River",14.8151446042857,13.3657142857143,16.3335714285714,0.994504718857143,17.673
"142","Carmel River 2024",2024-10-24,"1",13,"CR-38",13.9,30.8,73,4.1,"1.0539385","N","Carmel River",14.8151446042857,13.3657142857143,16.3335714285714,0.994504718857143,17.673
"143","Carmel River 2024",2024-10-24,"1",13,"CR-39",13.9,30.8,129,22.8,"1.0621008","N","Carmel River",14.8151446042857,13.3657142857143,16.3335714285714,0.994504718857143,17.673
"144","Carmel River 2024",2024-10-24,"1",13,"CR-40",13.9,30.8,93,8.8,"1.0940416","N","Carmel River",14.8151446042857,13.3657142857143,16.3335714285714,0.994504718857143,17.673
"145","Carmel River 2024",2024-10-24,"1",13,"CR-41",13.9,30.8,156,38.5,"1.0141144","N","Carmel River",14.8151446042857,13.3657142857143,16.3335714285714,0.994504718857143,17.673
"146","Carmel River 2024",2024-10-24,"1",13,"CR-42",14.9,30.6,93,9.8,"1.2183645","N","Carmel River",14.8151446042857,13.3657142857143,16.3335714285714,0.994504718857143,17.673
"147","Carmel River 2024",2024-10-24,"1",13,"CR-43",14.9,30.6,83,6,"1.0493418","N","Carmel River",14.8151446042857,13.3657142857143,16.3335714285714,0.994504718857143,17.673
"148","Carmel River 2024",2024-10-24,"1",13,"CR-44",14.9,30.7,127,20.8,"1.0154351","N","Carmel River",14.8151446042857,13.3657142857143,16.3335714285714,0.994504718857143,17.673
"149","Carmel River 2024",2024-10-24,"1",13,"CR-45",14.9,30.6,81,6.1,"1.1478226","N","Carmel River",14.8151446042857,13.3657142857143,16.3335714285714,0.994504718857143,17.673
"150","Carmel River 2024",2024-10-24,"1",13,"CR-46",14.9,30.6,83,5.9,"1.0318528","N","Carmel River",14.8151446042857,13.3657142857143,16.3335714285714,0.994504718857143,17.673
"151","Carmel River 2024",2024-10-24,"1",13,"CR-47",14.9,30.6,83,6,"1.0493418","N","Carmel River",14.8151446042857,13.3657142857143,16.3335714285714,0.994504718857143,17.673
"152","Carmel River 2024",2024-10-24,"1",13,"CR-48",14.9,30.6,77,5.5,"1.2047322","N","Carmel River",14.8151446042857,13.3657142857143,16.3335714285714,0.994504718857143,17.673
"153","Carmel River 2024",2024-10-24,"1",13,"CR-49",14.9,30.7,110,13.5,"1.014275","N","Carmel River",14.8151446042857,13.3657142857143,16.3335714285714,0.994504718857143,17.673
"154","Carmel River 2024",2024-10-24,"1",13,"CR-50",14.9,30.7,93,9.7,"1.2059322","N","Carmel River",14.8151446042857,13.3657142857143,16.3335714285714,0.994504718857143,17.673
"155","Carmel River 2024",2024-10-29,"4",25,"CR-51",24.1,31,176,50,"0.9171323","N","Carmel River",14.8151446042857,13.3657142857143,16.3335714285714,0.994504718857143,17.673
"156","Carmel River 2024",2024-10-29,"4",25,"CR-52",24.1,31.6,79,3.9,"0.7910125","N","Carmel River",14.8151446042857,13.3657142857143,16.3335714285714,0.994504718857143,17.673
"157","Carmel River 2024",2024-10-29,"4",25,"CR-53",24.1,31.6,85,8.2,"1.3352331","N","Carmel River",14.8151446042857,13.3657142857143,16.3335714285714,0.994504718857143,17.673
"158","Carmel River 2024",2024-10-29,"4",25,"CR-54",24.1,31.6,119,17.8,"1.0562801","N","Carmel River",14.8151446042857,13.3657142857143,16.3335714285714,0.994504718857143,17.673
"159","Carmel River 2024",2024-10-29,"4",25,"CR-55",24.1,31.6,72,4.3,"1.152049","N","Carmel River",14.8151446042857,13.3657142857143,16.3335714285714,0.994504718857143,17.673
"160","Carmel River 2024",2024-10-29,"4",25,"CR-56",24.1,31.7,90,6.3,"0.8641975","N","Carmel River",14.8151446042857,13.3657142857143,16.3335714285714,0.994504718857143,17.673
"161","Carmel River 2024",2024-10-29,"4",25,"CR-57",24.1,31.7,94,8.2,"0.9872572","N","Carmel River",14.8151446042857,13.3657142857143,16.3335714285714,0.994504718857143,17.673
"162","Carmel River 2024",2024-10-29,"4",25,"CR-58",24.1,32,75,5,"1.1851852","N","Carmel River",14.8151446042857,13.3657142857143,16.3335714285714,0.994504718857143,17.673
"163","Carmel River 2024",2024-10-29,"4",25,"CR-59",24,31.2,101,10.8,"1.0482374","N","Carmel River",14.8151446042857,13.3657142857143,16.3335714285714,0.994504718857143,17.673
"164","Carmel River 2024",2024-10-29,"4",25,"CR-60",24,31.2,69,3.1,"0.9436576","N","Carmel River",14.8151446042857,13.3657142857143,16.3335714285714,0.994504718857143,17.673
"165","Carmel River 2024",2024-10-29,"4",25,"CR-61",24,31.2,138,26.1,"0.9931235","N","Carmel River",14.8151446042857,13.3657142857143,16.3335714285714,0.994504718857143,17.673
"166","Carmel River 2024",2024-10-29,"4",25,"CR-62",24,31.2,115,16.8,"1.1046273","N","Carmel River",14.8151446042857,13.3657142857143,16.3335714285714,0.994504718857143,17.673
"167","Carmel River 2024",2024-10-29,"4",25,"CR-63",24,31.2,118,17.1,"1.0407588","N","Carmel River",14.8151446042857,13.3657142857143,16.3335714285714,0.994504718857143,17.673
"168","Carmel River 2024",2024-10-29,"4",25,"CR-64",24,32,95,11.5,"1.3413034","N","Carmel River",14.8151446042857,13.3657142857143,16.3335714285714,0.994504718857143,17.673
"169","Carmel River 2024",2024-10-29,"4",25,"CR-65",24,32,91,7.5,"0.9952612","N","Carmel River",14.8151446042857,13.3657142857143,16.3335714285714,0.994504718857143,17.673
"170","Carmel River 2024",2024-10-29,"4",25,"CR-66",24,32,95,8.9,"1.0380522","N","Carmel River",14.8151446042857,13.3657142857143,16.3335714285714,0.994504718857143,17.673
"171","Carmel River 2024",2024-10-29,"4",25,"CR-67",24,31.2,162,44.4,"1.0443304","N","Carmel River",14.8151446042857,13.3657142857143,16.3335714285714,0.994504718857143,17.673
"172","Carmel River 2024",2024-10-29,"4",25,"CR-68",24,31.2,104,11.3,"1.0045659","N","Carmel River",14.8151446042857,13.3657142857143,16.3335714285714,0.994504718857143,17.673
"173","Carmel River 2024",2024-10-29,"4",25,"CR-69",24,31.3,103,11.4,"1.0432615","N","Carmel River",14.8151446042857,13.3657142857143,16.3335714285714,0.994504718857143,17.673
"174","Carmel River 2024",2024-10-29,"4",25,"CR-70",24,31.6,63,2.4,"0.9598196","N","Carmel River",14.8151446042857,13.3657142857143,16.3335714285714,0.994504718857143,17.673
"175","Carmel River 2024",2024-10-29,"4",25,"CR-71",24,31.6,71,3.4,"0.9499568","N","Carmel River",14.8151446042857,13.3657142857143,16.3335714285714,0.994504718857143,17.673
"176","Carmel River 2024",2024-10-29,"4",25,"CR-72",24,31.6,70,4,"1.1661808","N","Carmel River",14.8151446042857,13.3657142857143,16.3335714285714,0.994504718857143,17.673
"177","Carmel River 2024",2024-10-29,"4",25,"CR-73",24,31.6,81,5.5,"1.034922","N","Carmel River",14.8151446042857,13.3657142857143,16.3335714285714,0.994504718857143,17.673
"178","Carmel River 2024",2024-10-29,"4",25,"CR-74",24,31.6,78,6.2,"1.3064954","N","Carmel River",14.8151446042857,13.3657142857143,16.3335714285714,0.994504718857143,17.673
"179","Carmel River 2024",2024-10-29,"4",25,"CR-75",24,31.6,91,7.5,"0.9952612","N","Carmel River",14.8151446042857,13.3657142857143,16.3335714285714,0.994504718857143,17.673
"180","Carmel River 2024",2024-10-30,"2",20,"CR-76",20.2,30.8,76,6.2,"1.4123779","N","Carmel River",14.8151446042857,13.3657142857143,16.3335714285714,0.994504718857143,17.673
"181","Carmel River 2024",2024-10-30,"2",20,"CR-77",20.2,30.8,81,6.8,"1.27954","N","Carmel River",14.8151446042857,13.3657142857143,16.3335714285714,0.994504718857143,17.673
"182","Carmel River 2024",2024-10-30,"2",20,"CR-78",20.2,30.8,81,7,"1.3171735","N","Carmel River",14.8151446042857,13.3657142857143,16.3335714285714,0.994504718857143,17.673
"183","Carmel River 2024",2024-10-30,"2",20,"CR-79",20.2,30.8,89,10.5,"1.4894272","N","Carmel River",14.8151446042857,13.3657142857143,16.3335714285714,0.994504718857143,17.673
"184","Carmel River 2024",2024-10-30,"2",20,"CR-80",20.2,30.8,93,8.9,"1.1064739","N","Carmel River",14.8151446042857,13.3657142857143,16.3335714285714,0.994504718857143,17.673
"185","Carmel River 2024",2024-10-30,"2",20,"CR-81",20.2,30.8,74,4.7,"1.1598523","N","Carmel River",14.8151446042857,13.3657142857143,16.3335714285714,0.994504718857143,17.673
"186","Carmel River 2024",2024-10-30,"2",20,"CR-82",20.2,30.8,70,4.1,"1.1953353","N","Carmel River",14.8151446042857,13.3657142857143,16.3335714285714,0.994504718857143,17.673
"187","Carmel River 2024",2024-10-30,"2",20,"CR-83",20.2,31,106,11.4,"0.957166","N","Carmel River",14.8151446042857,13.3657142857143,16.3335714285714,0.994504718857143,17.673
"188","Carmel River 2024",2024-10-30,"2",20,"CR-84",19.5,30.6,148,31.6,"0.9747695","N","Carmel River",14.8151446042857,13.3657142857143,16.3335714285714,0.994504718857143,17.673
"189","Carmel River 2024",2024-10-30,"2",20,"CR-85",19.5,30.6,147,27,"0.849986","N","Carmel River",14.8151446042857,13.3657142857143,16.3335714285714,0.994504718857143,17.673
"190","Carmel River 2024",2024-10-30,"2",20,"CR-86",19.5,30.8,71,4.8,"1.3411155","N","Carmel River",14.8151446042857,13.3657142857143,16.3335714285714,0.994504718857143,17.673
"191","Carmel River 2024",2024-10-30,"2",20,"CR-87",19.5,30.8,86,7.1,"1.1162539","N","Carmel River",14.8151446042857,13.3657142857143,16.3335714285714,0.994504718857143,17.673
"192","Carmel River 2024",2024-10-30,"2",20,"CR-88",19.5,30.9,93,8.9,"1.1064739","N","Carmel River",14.8151446042857,13.3657142857143,16.3335714285714,0.994504718857143,17.673
"193","Carmel River 2024",2024-10-30,"2",20,"CR-89",19.5,30.8,83,6,"1.0493418","N","Carmel River",14.8151446042857,13.3657142857143,16.3335714285714,0.994504718857143,17.673
"194","Carmel River 2024",2024-10-30,"2",20,"CR-90",19.5,30.9,81,5.6,"1.0537388","N","Carmel River",14.8151446042857,13.3657142857143,16.3335714285714,0.994504718857143,17.673
"195","Carmel River 2024",2024-10-30,"2",20,"CR-91",19.5,30.9,140,25.8,"0.9402332","N","Carmel River",14.8151446042857,13.3657142857143,16.3335714285714,0.994504718857143,17.673
"196","Carmel River 2024",2024-10-30,"2",20,"CR-92",19.7,30.3,112,14.3,"1.0178458","N","Carmel River",14.8151446042857,13.3657142857143,16.3335714285714,0.994504718857143,17.673
"197","Carmel River 2024",2024-10-30,"2",20,"CR-93",19.7,30.8,69,3.1,"0.9436576","N","Carmel River",14.8151446042857,13.3657142857143,16.3335714285714,0.994504718857143,17.673
"198","Carmel River 2024",2024-10-30,"2",20,"CR-94",19.7,31.4,130,24.4,"1.1106054","N","Carmel River",14.8151446042857,13.3657142857143,16.3335714285714,0.994504718857143,17.673
"199","Carmel River 2024",2024-10-30,"2",20,"CR-95",19.7,31.3,71,4,"1.1175963","N","Carmel River",14.8151446042857,13.3657142857143,16.3335714285714,0.994504718857143,17.673
"200","Carmel River 2024",2024-10-30,"2",20,"CR-96",19.7,31.4,83,6.8,"1.189254","N","Carmel River",14.8151446042857,13.3657142857143,16.3335714285714,0.994504718857143,17.673
"201","Carmel River 2024",2024-10-30,"2",20,"CR-97",19.7,31.4,98,8.1,"0.8606108","N","Carmel River",14.8151446042857,13.3657142857143,16.3335714285714,0.994504718857143,17.673
"202","Carmel River 2024",2024-10-30,"2",20,"CR-98",19.7,31.3,93,8.1,"1.0070155","N","Carmel River",14.8151446042857,13.3657142857143,16.3335714285714,0.994504718857143,17.673
"203","Carmel River 2024",2024-10-30,"2",20,"CR-99",19.7,31.3,121,18.2,"1.0273426","N","Carmel River",14.8151446042857,13.3657142857143,16.3335714285714,0.994504718857143,17.673
"204","Carmel River 2024",2024-10-30,"2",20,"CR-100",19.7,31.4,80,6.3,"1.2304688","N","Carmel River",14.8151446042857,13.3657142857143,16.3335714285714,0.994504718857143,17.673
"205","Scott Creek 2024",2024-09-04,"1",18.3,"SC-01",16.3,30,213,94,"0.9727227","N","Scott Creek",16.5788370192857,14.4678571428571,21.2114285714286,1.86645470257143,15.843
"206","Scott Creek 2024",2024-09-04,"1",18.3,"SC-02",16.3,30.4,120,15.5,"0.8969907","N","Scott Creek",16.5788370192857,14.4678571428571,21.2114285714286,1.86645470257143,15.843
"207","Scott Creek 2024",2024-09-04,"1",18.3,"SC-03",16.3,30.5,79,5.2,"1.0546833","N","Scott Creek",16.5788370192857,14.4678571428571,21.2114285714286,1.86645470257143,15.843
"208","Scott Creek 2024",2024-09-04,"1",18.3,"SC-04",16.3,30.5,120,19,"1.099537","N","Scott Creek",16.5788370192857,14.4678571428571,21.2114285714286,1.86645470257143,15.843
"209","Scott Creek 2024",2024-09-04,"1",18.3,"SC-05",16.3,30.7,125,20.3,"1.03936","N","Scott Creek",16.5788370192857,14.4678571428571,21.2114285714286,1.86645470257143,15.843
"210","Scott Creek 2024",2024-09-04,"1",18.3,"SC-06",16.3,30.9,69,2.7,"0.8218953","N","Scott Creek",16.5788370192857,14.4678571428571,21.2114285714286,1.86645470257143,15.843
"211","Scott Creek 2024",2024-09-04,"1",18.3,"SC-07",16.3,31,72,3.8,"1.0180898","N","Scott Creek",16.5788370192857,14.4678571428571,21.2114285714286,1.86645470257143,15.843
"212","Scott Creek 2024",2024-09-04,"1",18.3,"SC-08",16.3,31.1,101,11.7,"1.1355905","N","Scott Creek",16.5788370192857,14.4678571428571,21.2114285714286,1.86645470257143,15.843
"213","Scott Creek 2024",2024-09-04,"1",18.3,"SC-09",19.3,30.6,76,4.8,"1.0934539","N","Scott Creek",16.5788370192857,14.4678571428571,21.2114285714286,1.86645470257143,15.843
"214","Scott Creek 2024",2024-09-04,"1",18.3,"SC-10",19.3,30.6,74,4,"0.9871084","N","Scott Creek",16.5788370192857,14.4678571428571,21.2114285714286,1.86645470257143,15.843
"215","Scott Creek 2024",2024-09-04,"1",18.3,"SC-11",19.3,30.7,93,8.1,"1.0070155","N","Scott Creek",16.5788370192857,14.4678571428571,21.2114285714286,1.86645470257143,15.843
"216","Scott Creek 2024",2024-09-04,"1",18.3,"SC-12",19.3,30.8,140,25.1,"0.914723","N","Scott Creek",16.5788370192857,14.4678571428571,21.2114285714286,1.86645470257143,15.843
"217","Scott Creek 2024",2024-09-04,"1",18.3,"SC-13",19.3,30.9,96,9.2,"1.0398582","N","Scott Creek",16.5788370192857,14.4678571428571,21.2114285714286,1.86645470257143,15.843
"218","Scott Creek 2024",2024-09-04,"1",18.3,"SC-14",19.3,30.9,93,8.1,"1.0070155","N","Scott Creek",16.5788370192857,14.4678571428571,21.2114285714286,1.86645470257143,15.843
"219","Scott Creek 2024",2024-09-04,"1",18.3,"SC-15",19.3,30.9,80,4.6,"0.8984375","N","Scott Creek",16.5788370192857,14.4678571428571,21.2114285714286,1.86645470257143,15.843
"220","Scott Creek 2024",2024-09-04,"1",18.3,"SC-16",19.3,30.9,70,3.8,"1.1078717","N","Scott Creek",16.5788370192857,14.4678571428571,21.2114285714286,1.86645470257143,15.843
"221","Scott Creek 2024",2024-09-04,"1",18.3,"SC-17",19.2,30.3,132,20.7,"0.9000125","N","Scott Creek",16.5788370192857,14.4678571428571,21.2114285714286,1.86645470257143,15.843
"222","Scott Creek 2024",2024-09-04,"1",18.3,"SC-18",19.2,30.7,73,4.2,"1.0796443","N","Scott Creek",16.5788370192857,14.4678571428571,21.2114285714286,1.86645470257143,15.843
"223","Scott Creek 2024",2024-09-04,"1",18.3,"SC-19",19.2,30.7,129,22.5,"1.0481257","N","Scott Creek",16.5788370192857,14.4678571428571,21.2114285714286,1.86645470257143,15.843
"224","Scott Creek 2024",2024-09-04,"1",18.3,"SC-20",19.2,30.8,93,8.3,"1.0318801","N","Scott Creek",16.5788370192857,14.4678571428571,21.2114285714286,1.86645470257143,15.843
"225","Scott Creek 2024",2024-09-04,"1",18.3,"SC-21",19.2,30.8,90,7.3,"1.0013717","N","Scott Creek",16.5788370192857,14.4678571428571,21.2114285714286,1.86645470257143,15.843
"226","Scott Creek 2024",2024-09-04,"1",18.3,"SC-22",19.2,31,84,5.8,"0.978566","N","Scott Creek",16.5788370192857,14.4678571428571,21.2114285714286,1.86645470257143,15.843
"227","Scott Creek 2024",2024-09-04,"1",18.3,"SC-23",19.2,31.1,86,6.1,"0.9590351","N","Scott Creek",16.5788370192857,14.4678571428571,21.2114285714286,1.86645470257143,15.843
"228","Scott Creek 2024",2024-09-04,"1",18.3,"SC-24",19.2,31,115,17.9,"1.1769541","N","Scott Creek",16.5788370192857,14.4678571428571,21.2114285714286,1.86645470257143,15.843
"229","Scott Creek 2024",2024-09-04,"1",18.3,"SC-25",19.2,31.1,79,5,"1.0141186","N","Scott Creek",16.5788370192857,14.4678571428571,21.2114285714286,1.86645470257143,15.843
"230","Scott Creek 2024",2024-09-05,"2",20,"SC-26",20.5,30.9,105,12.4,"1.0711586","N","Scott Creek",16.5788370192857,14.4678571428571,21.2114285714286,1.86645470257143,15.843
"231","Scott Creek 2024",2024-09-05,"2",20,"SC-27",20.5,31.1,94,7.4,"0.8909394","N","Scott Creek",16.5788370192857,14.4678571428571,21.2114285714286,1.86645470257143,15.843
"232","Scott Creek 2024",2024-09-05,"2",20,"SC-28",20.5,31,73,3.5,"0.8997036","N","Scott Creek",16.5788370192857,14.4678571428571,21.2114285714286,1.86645470257143,15.843
"233","Scott Creek 2024",2024-09-05,"2",20,"SC-29",20.5,31.1,91,8,"1.061612","N","Scott Creek",16.5788370192857,14.4678571428571,21.2114285714286,1.86645470257143,15.843
"234","Scott Creek 2024",2024-09-05,"2",20,"SC-30",20.5,31.2,75,3.7,"0.877037","N","Scott Creek",16.5788370192857,14.4678571428571,21.2114285714286,1.86645470257143,15.843
"235","Scott Creek 2024",2024-09-05,"2",20,"SC-31",20.5,31.3,97,10,"1.0956827","N","Scott Creek",16.5788370192857,14.4678571428571,21.2114285714286,1.86645470257143,15.843
"236","Scott Creek 2024",2024-09-05,"2",20,"SC-32",20.5,31.3,89,7,"0.9929515","N","Scott Creek",16.5788370192857,14.4678571428571,21.2114285714286,1.86645470257143,15.843
"237","Scott Creek 2024",2024-09-05,"2",20,"SC-33",20.5,31.3,86,5.6,"0.8804256","N","Scott Creek",16.5788370192857,14.4678571428571,21.2114285714286,1.86645470257143,15.843
"238","Scott Creek 2024",2024-09-05,"2",20,"SC-34",20.5,31.4,98,10,"1.0624825","N","Scott Creek",16.5788370192857,14.4678571428571,21.2114285714286,1.86645470257143,15.843
"239","Scott Creek 2024",2024-09-05,"2",20,"SC-35",20.5,31.7,191,70.9,"1.0175274","N","Scott Creek",16.5788370192857,14.4678571428571,21.2114285714286,1.86645470257143,15.843
"240","Scott Creek 2024",2024-09-05,"2",20,"SC-36",20.5,30.9,99,9.5,"0.9790796","N","Scott Creek",16.5788370192857,14.4678571428571,21.2114285714286,1.86645470257143,15.843
"241","Scott Creek 2024",2024-09-05,"2",20,"SC-37",20.5,31,74,4.5,"1.1104969","N","Scott Creek",16.5788370192857,14.4678571428571,21.2114285714286,1.86645470257143,15.843
"242","Scott Creek 2024",2024-09-05,"2",20,"SC-38",20.5,31,75,4.1,"0.9718519","N","Scott Creek",16.5788370192857,14.4678571428571,21.2114285714286,1.86645470257143,15.843
"243","Scott Creek 2024",2024-09-05,"2",20,"SC-39",20.5,31,81,5.8,"1.0913723","N","Scott Creek",16.5788370192857,14.4678571428571,21.2114285714286,1.86645470257143,15.843
"244","Scott Creek 2024",2024-09-05,"2",20,"SC-40",20.5,31.28,86,6.3,"0.9904788","N","Scott Creek",16.5788370192857,14.4678571428571,21.2114285714286,1.86645470257143,15.843
"245","Scott Creek 2024",2024-09-05,"2",20,"SC-41",20.5,31.1,95,8.8,"1.0263887","N","Scott Creek",16.5788370192857,14.4678571428571,21.2114285714286,1.86645470257143,15.843
"246","Scott Creek 2024",2024-09-05,"2",20,"SC-42",20.5,31.1,85,6.9,"1.1235498","N","Scott Creek",16.5788370192857,14.4678571428571,21.2114285714286,1.86645470257143,15.843
"247","Scott Creek 2024",2024-09-05,"2",20,"SC-43",20.5,31.1,143,28,"0.9575246","N","Scott Creek",16.5788370192857,14.4678571428571,21.2114285714286,1.86645470257143,15.843
"248","Scott Creek 2024",2024-09-05,"2",20,"SC-44",20.5,31.2,80,7.5,"1.4648438","N","Scott Creek",16.5788370192857,14.4678571428571,21.2114285714286,1.86645470257143,15.843
"249","Scott Creek 2024",2024-09-05,"2",20,"SC-45",20.5,31.1,76,4.6,"1.0478933","N","Scott Creek",16.5788370192857,14.4678571428571,21.2114285714286,1.86645470257143,15.843
"250","Scott Creek 2024",2024-09-05,"2",20,"SC-46",20.5,31.1,99,10.1,"1.0409163","N","Scott Creek",16.5788370192857,14.4678571428571,21.2114285714286,1.86645470257143,15.843
"251","Scott Creek 2024",2024-09-06,"3",23,"SC-47",22.9,31.2,89,9,"1.2766519","N","Scott Creek",16.5788370192857,14.4678571428571,21.2114285714286,1.86645470257143,15.843
"252","Scott Creek 2024",2024-09-06,"3",23,"SC-48",22.9,31.4,83,6.3,"1.1018089","N","Scott Creek",16.5788370192857,14.4678571428571,21.2114285714286,1.86645470257143,15.843
"253","Scott Creek 2024",2024-09-06,"3",23,"SC-49",22.9,31.4,88,6.9,"1.0125141","N","Scott Creek",16.5788370192857,14.4678571428571,21.2114285714286,1.86645470257143,15.843
"254","Scott Creek 2024",2024-09-06,"3",23,"SC-50",22.9,31.4,80,5.5,"1.0742188","N","Scott Creek",16.5788370192857,14.4678571428571,21.2114285714286,1.86645470257143,15.843
"255","Scott Creek 2024",2024-09-06,"3",23,"SC-51",22.9,31.4,95,8.5,"0.9913982","N","Scott Creek",16.5788370192857,14.4678571428571,21.2114285714286,1.86645470257143,15.843
"256","Scott Creek 2024",2024-09-06,"3",23,"SC-52",22.9,31.6,91,9.1,"1.2075836","N","Scott Creek",16.5788370192857,14.4678571428571,21.2114285714286,1.86645470257143,15.843
"257","Scott Creek 2024",2024-09-06,"3",23,"SC-53",22.9,31.6,74,4.5,"1.1104969","N","Scott Creek",16.5788370192857,14.4678571428571,21.2114285714286,1.86645470257143,15.843
"258","Scott Creek 2024",2024-09-06,"3",23,"SC-54",22.9,31.6,90,5.6,"0.7681756","N","Scott Creek",16.5788370192857,14.4678571428571,21.2114285714286,1.86645470257143,15.843
"259","Scott Creek 2024",2024-09-06,"3",23,"SC-55",22.9,30.8,129,21.5,"1.0015424","N","Scott Creek",16.5788370192857,14.4678571428571,21.2114285714286,1.86645470257143,15.843
"260","Scott Creek 2024",2024-09-06,"3",23,"SC-56",22.9,31.3,85,7,"1.1398331","N","Scott Creek",16.5788370192857,14.4678571428571,21.2114285714286,1.86645470257143,15.843
"261","Scott Creek 2024",2024-09-06,"3",23,"SC-57",22.9,31.4,81,5,"0.9408382","N","Scott Creek",16.5788370192857,14.4678571428571,21.2114285714286,1.86645470257143,15.843
"262","Scott Creek 2024",2024-09-06,"3",23,"SC-58",22.9,31.4,84,NA,"0","N","Scott Creek",16.5788370192857,14.4678571428571,21.2114285714286,1.86645470257143,15.843
"263","Scott Creek 2024",2024-09-06,"3",23,"SC-59",22.9,31.5,73,4.5,"1.1567618","N","Scott Creek",16.5788370192857,14.4678571428571,21.2114285714286,1.86645470257143,15.843
"264","Scott Creek 2024",2024-09-06,"3",23,"SC-60",22.9,31.5,82,5.8,"1.051929","N","Scott Creek",16.5788370192857,14.4678571428571,21.2114285714286,1.86645470257143,15.843
"265","Scott Creek 2024",2024-09-06,"3",23,"SC-61",22.9,31.4,68,3.5,"1.1131183","N","Scott Creek",16.5788370192857,14.4678571428571,21.2114285714286,1.86645470257143,15.843
"266","Scott Creek 2024",2024-09-06,"3",23,"SC-62",22.9,31.6,87,6.8,"1.0326453","N","Scott Creek",16.5788370192857,14.4678571428571,21.2114285714286,1.86645470257143,15.843
"267","Scott Creek 2024",2024-09-06,"3",23,"SC-63",22.9,31.4,64,2.4,"0.9155273","N","Scott Creek",16.5788370192857,14.4678571428571,21.2114285714286,1.86645470257143,15.843
"268","Scott Creek 2024",2024-09-06,"3",23,"SC-64",22.9,31.6,77,4.4,"0.9637858","N","Scott Creek",16.5788370192857,14.4678571428571,21.2114285714286,1.86645470257143,15.843
"269","Scott Creek 2024",2024-09-06,"3",23,"SC-65",22.9,31.6,66,2.4,"0.8347942","N","Scott Creek",16.5788370192857,14.4678571428571,21.2114285714286,1.86645470257143,15.843
"270","Scott Creek 2024",2024-09-06,"3",23,"SC-66",22.9,31.6,75,4.8,"1.1377778","N","Scott Creek",16.5788370192857,14.4678571428571,21.2114285714286,1.86645470257143,15.843
"271","Scott Creek 2024",2024-09-06,"3",23,"SC-67",22.9,31.6,79,4.3,"0.872142","N","Scott Creek",16.5788370192857,14.4678571428571,21.2114285714286,1.86645470257143,15.843
"272","Scott Creek 2024",2024-09-06,"3",23,"SC-68",22.9,31.7,76,4.2,"0.9567721","N","Scott Creek",16.5788370192857,14.4678571428571,21.2114285714286,1.86645470257143,15.843
"273","Scott Creek 2024",2024-09-06,"3",23,"SC-69",22.9,31.7,130,21.6,"0.9831589","N","Scott Creek",16.5788370192857,14.4678571428571,21.2114285714286,1.86645470257143,15.843
"274","Scott Creek 2024",2024-09-06,"3",23,"SC-70",22.9,31.7,76,4.3,"0.9795524","N","Scott Creek",16.5788370192857,14.4678571428571,21.2114285714286,1.86645470257143,15.843
"275","Scott Creek 2024",2024-09-06,"3",23,"SC-71",22.9,31.7,87,7.2,"1.0933891","N","Scott Creek",16.5788370192857,14.4678571428571,21.2114285714286,1.86645470257143,15.843
"276","Scott Creek 2024",2024-09-06,"3",23,"SC-72",22.9,31.7,89,7.7,"1.0922466","N","Scott Creek",16.5788370192857,14.4678571428571,21.2114285714286,1.86645470257143,15.843
"277","Scott Creek 2024",2024-09-10,"4",25,"SC-73",24.6,30.8,130,22,"1.0013655","N","Scott Creek",16.5788370192857,14.4678571428571,21.2114285714286,1.86645470257143,15.843
"278","Scott Creek 2024",2024-09-10,"4",25,"SC-74",24.6,31.3,103,11.7,"1.0707157","N","Scott Creek",16.5788370192857,14.4678571428571,21.2114285714286,1.86645470257143,15.843
"279","Scott Creek 2024",2024-09-10,"4",25,"SC-75",24.6,31.4,63,2.4,"0.9598196","N","Scott Creek",16.5788370192857,14.4678571428571,21.2114285714286,1.86645470257143,15.843
"280","Scott Creek 2024",2024-09-10,"4",25,"SC-76",24.6,31.5,96,10.4,"1.1754919","N","Scott Creek",16.5788370192857,14.4678571428571,21.2114285714286,1.86645470257143,15.843
"281","Scott Creek 2024",2024-09-10,"4",25,"SC-77",24.6,31.6,148,34.5,"1.0642262","N","Scott Creek",16.5788370192857,14.4678571428571,21.2114285714286,1.86645470257143,15.843
"282","Scott Creek 2024",2024-09-10,"4",25,"SC-78",24.6,31.6,68,3.1,"0.9859047","N","Scott Creek",16.5788370192857,14.4678571428571,21.2114285714286,1.86645470257143,15.843
"283","Scott Creek 2024",2024-09-10,"4",25,"SC-79",24.6,31.5,72,4.1,"1.0984654","N","Scott Creek",16.5788370192857,14.4678571428571,21.2114285714286,1.86645470257143,15.843
"284","Scott Creek 2024",2024-09-10,"4",25,"SC-80",24.6,31.5,83,6.5,"1.136787","N","Scott Creek",16.5788370192857,14.4678571428571,21.2114285714286,1.86645470257143,15.843
"285","Scott Creek 2024",2024-09-10,"4",25,"SC-81",24.5,31.3,138,28.9,"1.0996655","N","Scott Creek",16.5788370192857,14.4678571428571,21.2114285714286,1.86645470257143,15.843
"286","Scott Creek 2024",2024-09-10,"4",25,"SC-82",24.5,31.4,79,4.7,"0.9532714","N","Scott Creek",16.5788370192857,14.4678571428571,21.2114285714286,1.86645470257143,15.843
"287","Scott Creek 2024",2024-09-10,"4",25,"SC-83",24.5,31.4,136,25.2,"1.0018064","N","Scott Creek",16.5788370192857,14.4678571428571,21.2114285714286,1.86645470257143,15.843
"288","Scott Creek 2024",2024-09-10,"4",25,"SC-84",24.5,31.4,81,1.3,"0.2446179","N","Scott Creek",16.5788370192857,14.4678571428571,21.2114285714286,1.86645470257143,15.843
"289","Scott Creek 2024",2024-09-10,"4",25,"SC-85",24.5,31.7,73,4.6,"1.1824676","N","Scott Creek",16.5788370192857,14.4678571428571,21.2114285714286,1.86645470257143,15.843
"290","Scott Creek 2024",2024-09-10,"4",25,"SC-86",24.5,31.7,80,5.9,"1.1523438","N","Scott Creek",16.5788370192857,14.4678571428571,21.2114285714286,1.86645470257143,15.843
"291","Scott Creek 2024",2024-09-10,"4",25,"SC-87",24.5,31.7,70,3.6,"1.0495627","N","Scott Creek",16.5788370192857,14.4678571428571,21.2114285714286,1.86645470257143,15.843
"292","Scott Creek 2024",2024-09-10,"4",25,"SC-88",24.5,31.8,87,7.2,"1.0933891","N","Scott Creek",16.5788370192857,14.4678571428571,21.2114285714286,1.86645470257143,15.843
"293","Scott Creek 2024",2024-09-10,"4",25,"SC-89",24.5,31.3,70,3.6,"1.0495627","N","Scott Creek",16.5788370192857,14.4678571428571,21.2114285714286,1.86645470257143,15.843
"294","Scott Creek 2024",2024-09-10,"4",25,"SC-90",24.5,31.4,79,5.5,"1.1155304","N","Scott Creek",16.5788370192857,14.4678571428571,21.2114285714286,1.86645470257143,15.843
"295","Scott Creek 2024",2024-09-10,"4",25,"SC-91",24.5,31.5,78,5.6,"1.1800604","N","Scott Creek",16.5788370192857,14.4678571428571,21.2114285714286,1.86645470257143,15.843
"296","Scott Creek 2024",2024-09-10,"4",25,"SC-92",24.5,31.4,179,60.8,"1.0600943","N","Scott Creek",16.5788370192857,14.4678571428571,21.2114285714286,1.86645470257143,15.843
"297","Scott Creek 2024",2024-09-10,"4",25,"SC-93",24.5,31.8,76,4.6,"1.0478933","N","Scott Creek",16.5788370192857,14.4678571428571,21.2114285714286,1.86645470257143,15.843
"298","Scott Creek 2024",2024-09-10,"4",25,"SC-94",24.5,31.8,83,5.8,"1.0143637","N","Scott Creek",16.5788370192857,14.4678571428571,21.2114285714286,1.86645470257143,15.843
"299","Scott Creek 2024",2024-09-10,"4",25,"SC-95",24.5,31.8,81,6.2,"1.1666394","N","Scott Creek",16.5788370192857,14.4678571428571,21.2114285714286,1.86645470257143,15.843
"300","Scott Creek 2024",2024-09-10,"4",25,"SC-96",24.5,31.8,86,6.4,"1.0062007","N","Scott Creek",16.5788370192857,14.4678571428571,21.2114285714286,1.86645470257143,15.843
"301","Scott Creek 2024",2024-09-10,"4",25,"SC-97",24.5,31.8,73,3.9,"1.0025269","N","Scott Creek",16.5788370192857,14.4678571428571,21.2114285714286,1.86645470257143,15.843
"302","Napa 2025",2025-07-23,"4",25,"DC-01",24.8,31.2,71,3.5,"","N","Dry Creek",18.4203571421429,16.1542857142857,21.4021428571429,1.73266993971429,17.163
"303","Napa 2025",2025-07-23,"4",25,"DC-02",24.8,31.9,76,5,"","N","Dry Creek",18.4203571421429,16.1542857142857,21.4021428571429,1.73266993971429,17.163
"304","Napa 2025",2025-07-23,"4",25,"DC-03",24.8,31.9,85,6.1,"","N","Dry Creek",18.4203571421429,16.1542857142857,21.4021428571429,1.73266993971429,17.163
"305","Napa 2025",2025-07-23,"4",25,"DC-04",24.8,32,69,3.5,"","N","Dry Creek",18.4203571421429,16.1542857142857,21.4021428571429,1.73266993971429,17.163
"306","Napa 2025",2025-07-23,"4",25,"DC-05",24.8,32,79,5.3,"","N","Dry Creek",18.4203571421429,16.1542857142857,21.4021428571429,1.73266993971429,17.163
"307","Napa 2025",2025-07-23,"4",25,"DC-06",24.8,32,66,3.2,"","N","Dry Creek",18.4203571421429,16.1542857142857,21.4021428571429,1.73266993971429,17.163
"308","Napa 2025",2025-07-23,"4",25,"DC-07",24.8,32,75,4.4,"","N","Dry Creek",18.4203571421429,16.1542857142857,21.4021428571429,1.73266993971429,17.163
"309","Napa 2025",2025-07-23,"4",25,"DC-08",24.8,32,81,5.5,"","N","Dry Creek",18.4203571421429,16.1542857142857,21.4021428571429,1.73266993971429,17.163
"310","Napa 2025",2025-07-23,"4",25,"DC-09",24.9,31.7,85,7,"","N","Dry Creek",18.4203571421429,16.1542857142857,21.4021428571429,1.73266993971429,17.163
"311","Napa 2025",2025-07-23,"4",25,"DC-10",24.9,31.7,80,5.7,"","N","Dry Creek",18.4203571421429,16.1542857142857,21.4021428571429,1.73266993971429,17.163
"312","Napa 2025",2025-07-23,"4",25,"DC-11",24.9,31.8,90,7.4,"","N","Dry Creek",18.4203571421429,16.1542857142857,21.4021428571429,1.73266993971429,17.163
"313","Napa 2025",2025-07-23,"4",25,"DC-12",24.9,31.9,86,6.8,"","N","Dry Creek",18.4203571421429,16.1542857142857,21.4021428571429,1.73266993971429,17.163
"314","Napa 2025",2025-07-23,"4",25,"DC-13",24.9,31.9,99,9.2,"","N","Dry Creek",18.4203571421429,16.1542857142857,21.4021428571429,1.73266993971429,17.163
"315","Napa 2025",2025-07-23,"4",25,"DC-14",24.9,31.9,75,4.3,"","N","Dry Creek",18.4203571421429,16.1542857142857,21.4021428571429,1.73266993971429,17.163
"316","Napa 2025",2025-07-23,"4",25,"DC-15",24.9,31.9,83,5,"","N","Dry Creek",18.4203571421429,16.1542857142857,21.4021428571429,1.73266993971429,17.163
"317","Napa 2025",2025-07-23,"4",25,"DC-16",24.9,31.9,81,5.9,"","N","Dry Creek",18.4203571421429,16.1542857142857,21.4021428571429,1.73266993971429,17.163
"318","Napa 2025",2025-07-23,"4",25,"DC-17",24.6,31.6,86,6.6,"","N","Dry Creek",18.4203571421429,16.1542857142857,21.4021428571429,1.73266993971429,17.163
"319","Napa 2025",2025-07-23,"4",25,"DC-18",24.6,31.6,83,6.4,"","N","Dry Creek",18.4203571421429,16.1542857142857,21.4021428571429,1.73266993971429,17.163
"320","Napa 2025",2025-07-23,"4",25,"DC-19",24.6,31.6,80,4.5,"","N","Dry Creek",18.4203571421429,16.1542857142857,21.4021428571429,1.73266993971429,17.163
"321","Napa 2025",2025-07-23,"4",25,"DC-20",24.6,31.7,88,6.7,"","N","Dry Creek",18.4203571421429,16.1542857142857,21.4021428571429,1.73266993971429,17.163
"322","Napa 2025",2025-07-23,"4",25,"DC-21",24.6,31.7,79,5,"","N","Dry Creek",18.4203571421429,16.1542857142857,21.4021428571429,1.73266993971429,17.163
"323","Napa 2025",2025-07-23,"4",25,"DC-22",24.6,31.7,87,5.8,"","N","Dry Creek",18.4203571421429,16.1542857142857,21.4021428571429,1.73266993971429,17.163
"324","Napa 2025",2025-07-23,"4",25,"DC-23",24.6,31.7,81,5.2,"","N","Dry Creek",18.4203571421429,16.1542857142857,21.4021428571429,1.73266993971429,17.163
"325","Napa 2025",2025-07-23,"4",25,"DC-24",24.6,31.9,86,7.1,"","N","Dry Creek",18.4203571421429,16.1542857142857,21.4021428571429,1.73266993971429,17.163
"326","Napa 2025",2025-07-23,"4",25,"DC-25",24.6,31.9,80,5.2,"","N","Dry Creek",18.4203571421429,16.1542857142857,21.4021428571429,1.73266993971429,17.163
"327","Napa 2025",2025-07-24,"2",20,"DC-26",20.6,31.2,75,4.3,"1.0192593","Y","Dry Creek",18.4203571421429,16.1542857142857,21.4021428571429,1.73266993971429,17.163
"328","Napa 2025",2025-07-24,"2",20,"DC-27",20.6,31.2,80,5,"0.9765625","Y","Dry Creek",18.4203571421429,16.1542857142857,21.4021428571429,1.73266993971429,17.163
"329","Napa 2025",2025-07-24,"2",20,"DC-28",20.6,31.2,80,5.3,"1.0351563","N","Dry Creek",18.4203571421429,16.1542857142857,21.4021428571429,1.73266993971429,17.163
"330","Napa 2025",2025-07-24,"2",20,"DC-29",20.6,31.3,79,5.1,"1.0344009","N","Dry Creek",18.4203571421429,16.1542857142857,21.4021428571429,1.73266993971429,17.163
"331","Napa 2025",2025-07-24,"2",20,"DC-30",20.6,31.3,78,4.6,"0.9693353","N","Dry Creek",18.4203571421429,16.1542857142857,21.4021428571429,1.73266993971429,17.163
"332","Napa 2025",2025-07-24,"2",20,"DC-31",20.6,31.3,67,2.8,"0.9309656","N","Dry Creek",18.4203571421429,16.1542857142857,21.4021428571429,1.73266993971429,17.163
"333","Napa 2025",2025-07-24,"2",20,"DC-32",20.6,31.3,82,6,"1.0882024","N","Dry Creek",18.4203571421429,16.1542857142857,21.4021428571429,1.73266993971429,17.163
"334","Napa 2025",2025-07-24,"2",20,"DC-33",20.6,31.5,77,4.6,"1.0075942","Y","Dry Creek",18.4203571421429,16.1542857142857,21.4021428571429,1.73266993971429,17.163
"335","Napa 2025",2025-07-24,"2",20,"DC-34",20.4,31.2,86,6.2,"0.9747569","N","Dry Creek",18.4203571421429,16.1542857142857,21.4021428571429,1.73266993971429,17.163
"336","Napa 2025",2025-07-24,"2",20,"DC-35",20.4,31.4,80,5.2,"1.015625","N","Dry Creek",18.4203571421429,16.1542857142857,21.4021428571429,1.73266993971429,17.163
"337","Napa 2025",2025-07-24,"2",20,"DC-36",20.4,31.5,73,4.2,"1.0796443","N","Dry Creek",18.4203571421429,16.1542857142857,21.4021428571429,1.73266993971429,17.163
"338","Napa 2025",2025-07-24,"2",20,"DC-37",20.4,31.4,91,7.8,"1.0350717","N","Dry Creek",18.4203571421429,16.1542857142857,21.4021428571429,1.73266993971429,17.163
"339","Napa 2025",2025-07-24,"2",20,"DC-38",20.4,31.5,83,5.7,"0.9968747","N","Dry Creek",18.4203571421429,16.1542857142857,21.4021428571429,1.73266993971429,17.163
"340","Napa 2025",2025-07-24,"2",20,"DC-39",20.4,31.5,78,4.8,"1.0114803","N","Dry Creek",18.4203571421429,16.1542857142857,21.4021428571429,1.73266993971429,17.163
"341","Napa 2025",2025-07-24,"2",20,"DC-40",20.4,31.5,84,6.3,"1.0629252","N","Dry Creek",18.4203571421429,16.1542857142857,21.4021428571429,1.73266993971429,17.163
"342","Napa 2025",2025-07-24,"2",20,"DC-41",20.4,31.5,85,6,"0.9769998","Y","Dry Creek",18.4203571421429,16.1542857142857,21.4021428571429,1.73266993971429,17.163
"343","Napa 2025",2025-07-24,"2",20,"DC-42",20.8,30.8,70,3.5,"1.0204082","Y","Dry Creek",18.4203571421429,16.1542857142857,21.4021428571429,1.73266993971429,17.163
"344","Napa 2025",2025-07-24,"2",20,"DC-43",20.8,31.3,63,2.8,"1.1197895","N","Dry Creek",18.4203571421429,16.1542857142857,21.4021428571429,1.73266993971429,17.163
"345","Napa 2025",2025-07-24,"2",20,"DC-44",20.8,31.3,72,3.6,"0.9645062","N","Dry Creek",18.4203571421429,16.1542857142857,21.4021428571429,1.73266993971429,17.163
"346","Napa 2025",2025-07-24,"2",20,"DC-45",20.8,31.2,84,5.8,"0.978566","N","Dry Creek",18.4203571421429,16.1542857142857,21.4021428571429,1.73266993971429,17.163
"347","Napa 2025",2025-07-24,"2",20,"DC-46",20.8,31.2,78,5.4,"1.1379153","N","Dry Creek",18.4203571421429,16.1542857142857,21.4021428571429,1.73266993971429,17.163
"348","Napa 2025",2025-07-24,"2",20,"DC-47",20.8,31.2,85,6.6,"1.0746998","N","Dry Creek",18.4203571421429,16.1542857142857,21.4021428571429,1.73266993971429,17.163
"349","Napa 2025",2025-07-24,"2",20,"DC-48",20.8,31.2,75,4.6,"1.0903704","N","Dry Creek",18.4203571421429,16.1542857142857,21.4021428571429,1.73266993971429,17.163
"350","Napa 2025",2025-07-24,"2",20,"DC-49",20.8,31.2,70,3.7,"1.0787172","N","Dry Creek",18.4203571421429,16.1542857142857,21.4021428571429,1.73266993971429,17.163
"351","Napa 2025",2025-07-24,"2",20,"DC-50",20.8,31.3,86,6.7,"1.0533664","N","Dry Creek",18.4203571421429,16.1542857142857,21.4021428571429,1.73266993971429,17.163
"352","Scott Creek 2025",2025-08-20,"2",20,"SC-01A",19.6,30.7,77,4.7,"","Y","Scott Creek",16.8547269342857,14.8656428571429,20.5282142857143,1.73150598842857,15.843
"353","Scott Creek 2025",2025-08-20,"2",20,"SC-02A",19.6,31.1,177,29.5,"","Y","Scott Creek",16.8547269342857,14.8656428571429,20.5282142857143,1.73150598842857,15.843
"354","Scott Creek 2025",2025-08-20,"2",20,"SC-03A",19.6,31.1,84,6.3,"","N","Scott Creek",16.8547269342857,14.8656428571429,20.5282142857143,1.73150598842857,15.843
"355","Scott Creek 2025",2025-08-20,"2",20,"SC-04A",19.6,31.1,92,8,"","N","Scott Creek",16.8547269342857,14.8656428571429,20.5282142857143,1.73150598842857,15.843
"356","Scott Creek 2025",2025-08-20,"2",20,"SC-05A",19.6,31.2,83,6.2,"","N","Scott Creek",16.8547269342857,14.8656428571429,20.5282142857143,1.73150598842857,15.843
"357","Scott Creek 2025",2025-08-20,"2",20,"SC-06A",19.6,31.2,99,9.9,"","N","Scott Creek",16.8547269342857,14.8656428571429,20.5282142857143,1.73150598842857,15.843
"358","Scott Creek 2025",2025-08-20,"2",20,"SC-07A",19.6,31.3,76,4.3,"","N","Scott Creek",16.8547269342857,14.8656428571429,20.5282142857143,1.73150598842857,15.843
"359","Scott Creek 2025",2025-08-20,"2",20,"SC-08A",19.6,31.3,86,5.8,"","Y","Scott Creek",16.8547269342857,14.8656428571429,20.5282142857143,1.73150598842857,15.843
"360","Scott Creek 2025",2025-08-20,"2",20,"SC-09A",19.6,31.3,94,7.8,"","Y","Scott Creek",16.8547269342857,14.8656428571429,20.5282142857143,1.73150598842857,15.843
"361","Scott Creek 2025",2025-08-20,"2",20,"SC-10A",20.4,30.5,112,13.2,"","Y","Scott Creek",16.8547269342857,14.8656428571429,20.5282142857143,1.73150598842857,15.843
"362","Scott Creek 2025",2025-08-20,"2",20,"SC-11A",20.4,30.8,82,5.9,"","Y","Scott Creek",16.8547269342857,14.8656428571429,20.5282142857143,1.73150598842857,15.843
"363","Scott Creek 2025",2025-08-20,"2",20,"SC-12A",20.4,30.9,85,6.3,"","N","Scott Creek",16.8547269342857,14.8656428571429,20.5282142857143,1.73150598842857,15.843
"364","Scott Creek 2025",2025-08-20,"2",20,"SC-13A",20.4,31,75,4.2,"","N","Scott Creek",16.8547269342857,14.8656428571429,20.5282142857143,1.73150598842857,15.843
"365","Scott Creek 2025",2025-08-20,"2",20,"SC-14A",20.4,31,73,4.2,"","N","Scott Creek",16.8547269342857,14.8656428571429,20.5282142857143,1.73150598842857,15.843
"366","Scott Creek 2025",2025-08-20,"2",20,"SC-15A",20.4,31,106,12.1,"","N","Scott Creek",16.8547269342857,14.8656428571429,20.5282142857143,1.73150598842857,15.843
"367","Scott Creek 2025",2025-08-20,"2",20,"SC-16A",20.4,31.1,79,5.4,"","N","Scott Creek",16.8547269342857,14.8656428571429,20.5282142857143,1.73150598842857,15.843
"368","Scott Creek 2025",2025-08-20,"2",20,"SC-17A",20.4,31.2,91,7.4,"","Y","Scott Creek",16.8547269342857,14.8656428571429,20.5282142857143,1.73150598842857,15.843
"369","Scott Creek 2025",2025-08-20,"2",20,"SC-18A",20.4,30.7,125,20.7,"","Y","Scott Creek",16.8547269342857,14.8656428571429,20.5282142857143,1.73150598842857,15.843
"370","Scott Creek 2025",2025-08-20,"2",20,"SC-19A",20.4,30.8,65,3.1,"","N","Scott Creek",16.8547269342857,14.8656428571429,20.5282142857143,1.73150598842857,15.843
"371","Scott Creek 2025",2025-08-20,"2",20,"SC-20A",20.4,31,81,5.1,"","N","Scott Creek",16.8547269342857,14.8656428571429,20.5282142857143,1.73150598842857,15.843
"372","Scott Creek 2025",2025-08-20,"2",20,"SC-21A",20.4,31.1,76,4.4,"","N","Scott Creek",16.8547269342857,14.8656428571429,20.5282142857143,1.73150598842857,15.843
"373","Scott Creek 2025",2025-08-20,"2",20,"SC-22A",20.4,31.1,81,5.3,"","N","Scott Creek",16.8547269342857,14.8656428571429,20.5282142857143,1.73150598842857,15.843
"374","Scott Creek 2025",2025-08-20,"2",20,"SC-23A",20.4,31.2,72,3.6,"","N","Scott Creek",16.8547269342857,14.8656428571429,20.5282142857143,1.73150598842857,15.843
"375","Scott Creek 2025",2025-08-20,"2",20,"SC-24A",20.4,31.2,77,5.1,"","N","Scott Creek",16.8547269342857,14.8656428571429,20.5282142857143,1.73150598842857,15.843
"376","Scott Creek 2025",2025-08-20,"2",20,"SC-25A",20.4,31.2,64,2.3,"","N","Scott Creek",16.8547269342857,14.8656428571429,20.5282142857143,1.73150598842857,15.843
"377","Big Sur 2025",2025-08-01,"2",20,"BC-01",20,30.7,141,28.6,"","Y","Big Sur",15.8887291664286,15.0075,17.3435714285714,0.747828672285714,15.752
"378","Big Sur 2025",2025-08-01,"2",20,"BC-02",20,30.9,89,8.7,"","N","Big Sur",15.8887291664286,15.0075,17.3435714285714,0.747828672285714,15.752
"379","Big Sur 2025",2025-08-01,"2",20,"BC-03",20,30.9,111,13.9,"","N","Big Sur",15.8887291664286,15.0075,17.3435714285714,0.747828672285714,15.752
"380","Big Sur 2025",2025-08-01,"2",20,"BC-04",20,30.9,86,6.3,"","N","Big Sur",15.8887291664286,15.0075,17.3435714285714,0.747828672285714,15.752
"381","Big Sur 2025",2025-08-01,"2",20,"BC-05",20,30.9,100,10.6,"","N","Big Sur",15.8887291664286,15.0075,17.3435714285714,0.747828672285714,15.752
"382","Big Sur 2025",2025-08-01,"2",20,"BC-06",20,31,140,20.9,"","N","Big Sur",15.8887291664286,15.0075,17.3435714285714,0.747828672285714,15.752
"383","Big Sur 2025",2025-08-01,"2",20,"BC-07",20,31.3,185,61.5,"","Y","Big Sur",15.8887291664286,15.0075,17.3435714285714,0.747828672285714,15.752
"384","Big Sur 2025",2025-08-01,"2",20,"BC-08",20,31.3,73,3.8,"","Y","Big Sur",15.8887291664286,15.0075,17.3435714285714,0.747828672285714,15.752
"385","Big Sur 2025",2025-08-01,"2",20,"BC-09",20.4,30.3,91,7.4,"","Y","Big Sur",15.8887291664286,15.0075,17.3435714285714,0.747828672285714,15.752
"386","Big Sur 2025",2025-08-01,"2",20,"BC-10",20.4,30.9,96,9.5,"","N","Big Sur",15.8887291664286,15.0075,17.3435714285714,0.747828672285714,15.752
"387","Big Sur 2025",2025-08-01,"2",20,"BC-11",20.4,30.8,129,22.7,"","N","Big Sur",15.8887291664286,15.0075,17.3435714285714,0.747828672285714,15.752
"388","Big Sur 2025",2025-08-01,"2",20,"BC-12",20.4,30.8,83,6.2,"","N","Big Sur",15.8887291664286,15.0075,17.3435714285714,0.747828672285714,15.752
"389","Big Sur 2025",2025-08-01,"2",20,"BC-13",20.4,30.8,127,22.7,"","N","Big Sur",15.8887291664286,15.0075,17.3435714285714,0.747828672285714,15.752
"390","Big Sur 2025",2025-08-01,"2",20,"BC-14",20.4,30.8,109,13.7,"","N","Big Sur",15.8887291664286,15.0075,17.3435714285714,0.747828672285714,15.752
"391","Big Sur 2025",2025-08-01,"2",20,"BC-15",20.4,31,151,33.4,"","Y","Big Sur",15.8887291664286,15.0075,17.3435714285714,0.747828672285714,15.752
"392","Big Sur 2025",2025-08-01,"2",20,"BC-16",20.4,31.3,151,37.3,"","N","Big Sur",15.8887291664286,15.0075,17.3435714285714,0.747828672285714,15.752
"393","Big Sur 2025",2025-08-01,"2",20,"BC-17",20.6,30.7,127,19.7,"","Y","Big Sur",15.8887291664286,15.0075,17.3435714285714,0.747828672285714,15.752
"394","Big Sur 2025",2025-08-01,"2",20,"BC-18",20.6,30.9,156,43.4,"","N","Big Sur",15.8887291664286,15.0075,17.3435714285714,0.747828672285714,15.752
"395","Big Sur 2025",2025-08-01,"2",20,"BC-19",20.6,30.9,151,34.7,"","N","Big Sur",15.8887291664286,15.0075,17.3435714285714,0.747828672285714,15.752
"396","Big Sur 2025",2025-08-01,"2",20,"BC-20",20.6,30.9,143,28.8,"","N","Big Sur",15.8887291664286,15.0075,17.3435714285714,0.747828672285714,15.752
"397","Big Sur 2025",2025-08-01,"2",20,"BC-21",20.6,30.9,102,10.6,"","N","Big Sur",15.8887291664286,15.0075,17.3435714285714,0.747828672285714,15.752
"398","Big Sur 2025",2025-08-01,"2",20,"BC-22",20.6,31,95,9.9,"","N","Big Sur",15.8887291664286,15.0075,17.3435714285714,0.747828672285714,15.752
"399","Big Sur 2025",2025-08-01,"2",20,"BC-23",20.6,31,105,11.5,"","N","Big Sur",15.8887291664286,15.0075,17.3435714285714,0.747828672285714,15.752
"400","Big Sur 2025",2025-08-01,"2",20,"BC-24",20.6,31,83,8.4,"","N","Big Sur",15.8887291664286,15.0075,17.3435714285714,0.747828672285714,15.752
"401","Big Sur 2025",2025-08-01,"2",20,"BC-25",20.6,31.3,106,11.5,"","N","Big Sur",15.8887291664286,15.0075,17.3435714285714,0.747828672285714,15.752
"402","Carmel River 2025",2025-08-27,"2",20,"CR-01A",20.1,31.2,144,28.7,"","Y","Carmel River",19.6041184408333,17.6358333333333,21.8108333333333,1.28967702425,17.673
"403","Carmel River 2025",2025-08-27,"2",20,"CR-02A",20.1,31.4,62,2.7,"","Y","Carmel River",19.6041184408333,17.6358333333333,21.8108333333333,1.28967702425,17.673
"404","Carmel River 2025",2025-08-27,"2",20,"CR-03A",20.1,31.4,63,2.4,"","N","Carmel River",19.6041184408333,17.6358333333333,21.8108333333333,1.28967702425,17.673
"405","Carmel River 2025",2025-08-27,"2",20,"CR-04A",20.1,31.5,76,4.2,"","N","Carmel River",19.6041184408333,17.6358333333333,21.8108333333333,1.28967702425,17.673
"406","Carmel River 2025",2025-08-27,"2",20,"CR-05A",20.1,31.6,70,4.1,"","N","Carmel River",19.6041184408333,17.6358333333333,21.8108333333333,1.28967702425,17.673
"407","Carmel River 2025",2025-08-27,"2",20,"CR-06A",20.1,31.6,84,7.3,"","N","Carmel River",19.6041184408333,17.6358333333333,21.8108333333333,1.28967702425,17.673
"408","Carmel River 2025",2025-08-27,"2",20,"CR-07A",20.1,31.6,70,8.5,"","Y","Carmel River",19.6041184408333,17.6358333333333,21.8108333333333,1.28967702425,17.673
"409","Carmel River 2025",2025-08-27,"2",20,"CR-08A",20.1,31.8,85,7.2,"","Y","Carmel River",19.6041184408333,17.6358333333333,21.8108333333333,1.28967702425,17.673
"410","Carmel River 2025",2025-08-27,"2",20,"CR-09A",19.9,31.4,52,1,"","N","Carmel River",19.6041184408333,17.6358333333333,21.8108333333333,1.28967702425,17.673
"411","Carmel River 2025",2025-08-27,"2",20,"CR-10A",19.9,31.4,61,3.2,"","N","Carmel River",19.6041184408333,17.6358333333333,21.8108333333333,1.28967702425,17.673
"412","Carmel River 2025",2025-08-27,"2",20,"CR-11A",19.9,31.5,145,31.6,"","N","Carmel River",19.6041184408333,17.6358333333333,21.8108333333333,1.28967702425,17.673
"413","Carmel River 2025",2025-08-27,"2",20,"CR-12A",19.9,31.5,63,2.9,"","N","Carmel River",19.6041184408333,17.6358333333333,21.8108333333333,1.28967702425,17.673
"414","Carmel River 2025",2025-08-27,"2",20,"CR-13A",19.9,31.5,77,3.8,"","N","Carmel River",19.6041184408333,17.6358333333333,21.8108333333333,1.28967702425,17.673
"415","Carmel River 2025",2025-08-27,"2",20,"CR-14A",19.9,31.6,69,3.1,"","N","Carmel River",19.6041184408333,17.6358333333333,21.8108333333333,1.28967702425,17.673
"416","Carmel River 2025",2025-08-27,"2",20,"CR-15A",19.9,31.6,74,4.8,"","N","Carmel River",19.6041184408333,17.6358333333333,21.8108333333333,1.28967702425,17.673
"417","Carmel River 2025",2025-08-27,"2",20,"CR-16A",19.9,31.7,88,6.4,"","N","Carmel River",19.6041184408333,17.6358333333333,21.8108333333333,1.28967702425,17.673
"418","Carmel River 2025",2025-08-27,"2",20,"CR-17A",19.9,31.8,95,9.4,"","Y","Carmel River",19.6041184408333,17.6358333333333,21.8108333333333,1.28967702425,17.673
"419","E Austin 2025",2025-09-09,"4",25,"EA- 01",24.8,31.4,111,14.7,"","N","E Austin",18.5123525428571,17.1928571428571,19.89,0.948414020428571,16.112
"420","E Austin 2025",2025-09-09,"4",25,"EA-02",24.8,31.4,105,11.1,"","N","E Austin",18.5123525428571,17.1928571428571,19.89,0.948414020428571,16.112
"421","E Austin 2025",2025-09-09,"4",25,"EA-03",24.8,31.5,186,64,"","N","E Austin",18.5123525428571,17.1928571428571,19.89,0.948414020428571,16.112
"422","E Austin 2025",2025-09-09,"4",25,"EA-04",24.8,31.6,81,5.4,"","N","E Austin",18.5123525428571,17.1928571428571,19.89,0.948414020428571,16.112
"423","E Austin 2025",2025-09-09,"4",25,"EA-05",24.8,31.8,105,11.6,"","N","E Austin",18.5123525428571,17.1928571428571,19.89,0.948414020428571,16.112
"424","E Austin 2025",2025-09-09,"4",25,"EA-06",24.8,31.8,90,7.2,"","N","E Austin",18.5123525428571,17.1928571428571,19.89,0.948414020428571,16.112
"425","E Austin 2025",2025-09-09,"4",25,"EA-07",24.8,31.9,106,12.8,"","N","E Austin",18.5123525428571,17.1928571428571,19.89,0.948414020428571,16.112
"426","E Austin 2025",2025-09-09,"4",25,"EA-08",24.8,31.9,101,11.2,"","N","E Austin",18.5123525428571,17.1928571428571,19.89,0.948414020428571,16.112
"427","E Austin 2025",2025-09-09,"4",25,"EA-09",24.8,31.9,112,14.4,"","N","E Austin",18.5123525428571,17.1928571428571,19.89,0.948414020428571,16.112
"428","E Austin 2025",2025-09-09,"4",25,"EA-10",24.8,31.9,82,5.6,"","N","E Austin",18.5123525428571,17.1928571428571,19.89,0.948414020428571,16.112
"429","E Austin 2025",2025-09-09,"4",25,"EA-11",24.8,31.8,96,9.2,"","N","E Austin",18.5123525428571,17.1928571428571,19.89,0.948414020428571,16.112
"430","E Austin 2025",2025-09-09,"4",25,"EA-12",24.8,31.8,85,6,"","N","E Austin",18.5123525428571,17.1928571428571,19.89,0.948414020428571,16.112
"431","E Austin 2025",2025-09-09,"4",25,"EA-13",24.8,31.8,140,28,"","N","E Austin",18.5123525428571,17.1928571428571,19.89,0.948414020428571,16.112
"432","E Austin 2025",2025-09-09,"4",25,"EA-14",24.8,32,88,7.6,"","N","E Austin",18.5123525428571,17.1928571428571,19.89,0.948414020428571,16.112
"433","E Austin 2025",2025-09-09,"4",25,"EA-15",24.8,32,78,5.4,"","N","E Austin",18.5123525428571,17.1928571428571,19.89,0.948414020428571,16.112
"434","E Austin 2025",2025-09-09,"4",25,"EA-16",24.8,32,86,7,"","N","E Austin",18.5123525428571,17.1928571428571,19.89,0.948414020428571,16.112
"435","E Austin 2025",2025-09-09,"4",25,"EA-17",24.6,31.6,107,15.2,"","N","E Austin",18.5123525428571,17.1928571428571,19.89,0.948414020428571,16.112
"436","E Austin 2025",2025-09-09,"4",25,"EA-18",24.6,31.7,94,8.7,"","N","E Austin",18.5123525428571,17.1928571428571,19.89,0.948414020428571,16.112
"437","E Austin 2025",2025-09-09,"4",25,"EA-19",24.6,31.9,98,9.4,"","N","E Austin",18.5123525428571,17.1928571428571,19.89,0.948414020428571,16.112
"438","E Austin 2025",2025-09-09,"4",25,"EA-20",24.6,31.9,83,5.6,"","N","E Austin",18.5123525428571,17.1928571428571,19.89,0.948414020428571,16.112
"439","E Austin 2025",2025-09-09,"4",25,"EA-21",24.6,31.9,93,8.7,"","N","E Austin",18.5123525428571,17.1928571428571,19.89,0.948414020428571,16.112
"440","E Austin 2025",2025-09-09,"4",25,"EA-22",24.6,32.2,85,6.4,"","N","E Austin",18.5123525428571,17.1928571428571,19.89,0.948414020428571,16.112
"441","E Austin 2025",2025-09-09,"4",25,"EA-23",24.6,32.2,95,8.8,"","N","E Austin",18.5123525428571,17.1928571428571,19.89,0.948414020428571,16.112
"442","E Austin 2025",2025-09-09,"4",25,"EA-24",24.6,32.2,108,12.7,"","N","E Austin",18.5123525428571,17.1928571428571,19.89,0.948414020428571,16.112
"443","E Austin 2025",2025-09-10,"2",20,"EA-25",20.5,30,114,17.1,"","Y","E Austin",18.5123525428571,17.1928571428571,19.89,0.948414020428571,16.112
"444","E Austin 2025",2025-09-10,"2",20,"EA-26",20.5,31.1,88,7.3,"","Y","E Austin",18.5123525428571,17.1928571428571,19.89,0.948414020428571,16.112
"445","E Austin 2025",2025-09-10,"2",20,"EA-27",20.5,31.1,110,13.5,"","N","E Austin",18.5123525428571,17.1928571428571,19.89,0.948414020428571,16.112
"446","E Austin 2025",2025-09-10,"2",20,"EA-28",20.5,31.3,139,28.5,"","N","E Austin",18.5123525428571,17.1928571428571,19.89,0.948414020428571,16.112
"447","E Austin 2025",2025-09-10,"2",20,"EA-29",20.5,31.3,106,13.6,"","N","E Austin",18.5123525428571,17.1928571428571,19.89,0.948414020428571,16.112
"448","E Austin 2025",2025-09-10,"2",20,"EA-30",20.5,31.2,98,9.4,"","N","E Austin",18.5123525428571,17.1928571428571,19.89,0.948414020428571,16.112
"449","E Austin 2025",2025-09-10,"2",20,"EA-31",20.5,31.6,100,10.8,"","Y","E Austin",18.5123525428571,17.1928571428571,19.89,0.948414020428571,16.112
"450","E Austin 2025",2025-09-10,"2",20,"EA-32",20.5,31.6,109,13.4,"","Y","E Austin",18.5123525428571,17.1928571428571,19.89,0.948414020428571,16.112
"451","E Austin 2025",2025-09-10,"2",20,"EA-33",20.4,31.2,125,20.8,"","N","E Austin",18.5123525428571,17.1928571428571,19.89,0.948414020428571,16.112
"452","E Austin 2025",2025-09-10,"2",20,"EA-34",20.4,31.3,87,7.2,"","N","E Austin",18.5123525428571,17.1928571428571,19.89,0.948414020428571,16.112
"453","E Austin 2025",2025-09-10,"2",20,"EA-35",20.4,31.3,125,19.8,"","N","E Austin",18.5123525428571,17.1928571428571,19.89,0.948414020428571,16.112
"454","E Austin 2025",2025-09-10,"2",20,"EA-36",20.4,31.3,87,6.9,"","N","E Austin",18.5123525428571,17.1928571428571,19.89,0.948414020428571,16.112
"455","E Austin 2025",2025-09-10,"2",20,"EA-37",20.4,31.4,90,7.5,"","N","E Austin",18.5123525428571,17.1928571428571,19.89,0.948414020428571,16.112
"456","E Austin 2025",2025-09-10,"2",20,"EA-38",20.4,31.4,129,23.4,"","N","E Austin",18.5123525428571,17.1928571428571,19.89,0.948414020428571,16.112
"457","E Austin 2025",2025-09-10,"2",20,"EA-39",20.4,31.5,88,6.9,"","N","E Austin",18.5123525428571,17.1928571428571,19.89,0.948414020428571,16.112
"458","E Austin 2025",2025-09-10,"2",20,"EA-40",20.4,31.7,100,10.3,"","Y","E Austin",18.5123525428571,17.1928571428571,19.89,0.948414020428571,16.112
"459","E Austin 2025",2025-09-10,"2",20,"EA-41",19.9,30.7,153,37.9,"","Y","E Austin",18.5123525428571,17.1928571428571,19.89,0.948414020428571,16.112
"460","E Austin 2025",2025-09-10,"2",20,"EA-42",19.9,30.8,90,8.3,"","N","E Austin",18.5123525428571,17.1928571428571,19.89,0.948414020428571,16.112
"461","E Austin 2025",2025-09-10,"2",20,"EA-43",19.9,31.3,97,9.5,"","N","E Austin",18.5123525428571,17.1928571428571,19.89,0.948414020428571,16.112
"462","E Austin 2025",2025-09-10,"2",20,"EA-44",19.9,31.2,92,8.5,"","N","E Austin",18.5123525428571,17.1928571428571,19.89,0.948414020428571,16.112
"463","E Austin 2025",2025-09-10,"2",20,"EA-45",19.9,31.4,93,8.7,"","N","E Austin",18.5123525428571,17.1928571428571,19.89,0.948414020428571,16.112
"464","E Austin 2025",2025-09-10,"2",20,"EA-46",19.9,31.4,87,6.7,"","N","E Austin",18.5123525428571,17.1928571428571,19.89,0.948414020428571,16.112
"465","E Austin 2025",2025-09-10,"2",20,"EA-47",19.9,31.4,106,12.5,"","N","E Austin",18.5123525428571,17.1928571428571,19.89,0.948414020428571,16.112
"466","E Austin 2025",2025-09-10,"2",20,"EA-48",19.9,31.5,125,21.2,"","N","E Austin",18.5123525428571,17.1928571428571,19.89,0.948414020428571,16.112
"467","E Austin 2025",2025-09-10,"2",20,"EA-49",19.9,31.5,103,11,"","N","E Austin",18.5123525428571,17.1928571428571,19.89,0.948414020428571,16.112
"468","E Austin 2025",2025-09-11,"3",23,"EA-50",23.1,31.3,99,10.8,"","N","E Austin",18.5123525428571,17.1928571428571,19.89,0.948414020428571,16.112
"469","E Austin 2025",2025-09-11,"3",23,"EA-51",23.1,31.5,87,6.86,"","N","E Austin",18.5123525428571,17.1928571428571,19.89,0.948414020428571,16.112
"470","E Austin 2025",2025-09-11,"3",23,"EA-52",23.1,31.5,94,8.4,"","N","E Austin",18.5123525428571,17.1928571428571,19.89,0.948414020428571,16.112
"471","E Austin 2025",2025-09-11,"3",23,"EA-53",23.1,31.6,100,11.6,"","N","E Austin",18.5123525428571,17.1928571428571,19.89,0.948414020428571,16.112
"472","E Austin 2025",2025-09-11,"3",23,"EA-54",23.1,31.6,126,20.2,"","N","E Austin",18.5123525428571,17.1928571428571,19.89,0.948414020428571,16.112
"473","E Austin 2025",2025-09-11,"3",23,"EA-55",23.1,31.7,77,4.7,"","N","E Austin",18.5123525428571,17.1928571428571,19.89,0.948414020428571,16.112
"474","E Austin 2025",2025-09-11,"3",23,"EA-56",23.1,31.7,83,6.3,"","N","E Austin",18.5123525428571,17.1928571428571,19.89,0.948414020428571,16.112
"475","E Austin 2025",2025-09-11,"3",23,"EA-57",23.1,31.6,92,8.5,"","N","E Austin",18.5123525428571,17.1928571428571,19.89,0.948414020428571,16.112
"476","E Austin 2025",2025-09-11,"3",23,"EA-58",23.2,29.4,101,13.4,"","N","E Austin",18.5123525428571,17.1928571428571,19.89,0.948414020428571,16.112
"477","E Austin 2025",2025-09-11,"3",23,"EA-59",23.2,30.9,143,32.9,"","Y","E Austin",18.5123525428571,17.1928571428571,19.89,0.948414020428571,16.112
"478","E Austin 2025",2025-09-11,"3",23,"EA-60",23.2,31.1,105,12.8,"","N","E Austin",18.5123525428571,17.1928571428571,19.89,0.948414020428571,16.112
"479","E Austin 2025",2025-09-11,"3",23,"EA-61",23.2,31.1,94,9.5,"","N","E Austin",18.5123525428571,17.1928571428571,19.89,0.948414020428571,16.112
"480","E Austin 2025",2025-09-11,"3",23,"EA-62",23.2,31.4,91,7.2,"","N","E Austin",18.5123525428571,17.1928571428571,19.89,0.948414020428571,16.112
"481","E Austin 2025",2025-09-11,"3",23,"EA-63",23.2,31.4,90,7.2,"","N","E Austin",18.5123525428571,17.1928571428571,19.89,0.948414020428571,16.112
"482","E Austin 2025",2025-09-11,"3",23,"EA-64",23.2,31.6,98,9.5,"","N","E Austin",18.5123525428571,17.1928571428571,19.89,0.948414020428571,16.112
"483","E Austin 2025",2025-09-11,"3",23,"EA-65",23.2,31.6,98,10.1,"","N","E Austin",18.5123525428571,17.1928571428571,19.89,0.948414020428571,16.112
"484","E Austin 2025",2025-09-11,"3",23,"EA-66",23,31.44,102,10.9,"","N","E Austin",18.5123525428571,17.1928571428571,19.89,0.948414020428571,16.112
"485","E Austin 2025",2025-09-11,"3",23,"EA-67",23,31.6,115,16.4,"","N","E Austin",18.5123525428571,17.1928571428571,19.89,0.948414020428571,16.112
"486","E Austin 2025",2025-09-11,"3",23,"EA-68",23,31.6,120,20.4,"","N","E Austin",18.5123525428571,17.1928571428571,19.89,0.948414020428571,16.112
"487","E Austin 2025",2025-09-11,"3",23,"EA-69",23,31.6,92,8.1,"","N","E Austin",18.5123525428571,17.1928571428571,19.89,0.948414020428571,16.112
"488","E Austin 2025",2025-09-11,"3",23,"EA-70",23,31.6,95,8.9,"","N","E Austin",18.5123525428571,17.1928571428571,19.89,0.948414020428571,16.112
"489","E Austin 2025",2025-09-11,"3",23,"EA-71",23,31.7,97,8.3,"","N","E Austin",18.5123525428571,17.1928571428571,19.89,0.948414020428571,16.112
"490","E Austin 2025",2025-09-11,"3",23,"EA-72",23,31.8,78,5,"","N","E Austin",18.5123525428571,17.1928571428571,19.89,0.948414020428571,16.112
