Location,LocationYear,Date,mean,min,max,sd,n_day,n_day_inv,Year
Big Sur,Big Sur 2024,8/19/2024,16.635,15.44,18.1,0.764375516,1,8,2024
Big Sur,Big Sur 2024,8/20/2024,16.35454861,14.97,18.92,1.178454284,2,7,2024
Big Sur,Big Sur 2024,8/21/2024,16.49934028,15.48,18.83,0.946981588,3,6,2024
Big Sur,Big Sur 2024,8/22/2024,15.79614583,14.58,17.41,0.801097727,4,5,2024
Big Sur,Big Sur 2024,8/23/2024,15.47236111,14.54,16.73,0.618768572,5,4,2024
Big Sur,Big Sur 2024,8/24/2024,15.73041667,14.8,17.41,0.867414658,6,3,2024
Big Sur,Big Sur 2024,8/25/2024,15.78329861,14.75,17.41,0.80927241,7,2,2024
Big Sur,Big Sur 2024,8/26/2024,15.58760234,15.1,18.62,0.610498913,8,1,2024
Big Sur,Big Sur 2025,6/9/2025,16.712,14.29,18.319,1.385686905,1,54,2025
Big Sur,Big Sur 2025,6/10/2025,15.00604167,13.57,16.677,1.032355621,2,53,2025
Big Sur,Big Sur 2025,6/11/2025,15.20379167,14.218,16.844,0.834364949,3,52,2025
Big Sur,Big Sur 2025,6/12/2025,14.83641667,13.377,16.725,1.09777692,4,51,2025
Big Sur,Big Sur 2025,6/13/2025,14.91033333,13.497,16.773,1.068862527,5,50,2025
Big Sur,Big Sur 2025,6/14/2025,14.97108333,13.497,16.915,1.099625585,6,49,2025
Big Sur,Big Sur 2025,6/15/2025,14.79729167,13.161,16.82,1.200471809,7,48,2025
Big Sur,Big Sur 2025,6/16/2025,14.97904167,13.57,16.844,1.083456405,8,47,2025
Big Sur,Big Sur 2025,6/17/2025,15.203,13.762,17.177,1.163370441,9,46,2025
Big Sur,Big Sur 2025,6/18/2025,15.52270833,14.122,17.439,1.128529073,10,45,2025
Big Sur,Big Sur 2025,6/19/2025,15.739875,14.529,17.605,0.972837013,11,44,2025
Big Sur,Big Sur 2025,6/20/2025,14.86770833,13.497,16.701,0.991709305,12,43,2025
Big Sur,Big Sur 2025,6/21/2025,14.59979167,13.064,16.582,1.137786141,13,42,2025
Big Sur,Big Sur 2025,6/22/2025,14.64466667,13.161,16.677,1.182296647,14,41,2025
Big Sur,Big Sur 2025,6/23/2025,14.51983333,13.401,16.106,0.895767326,15,40,2025
Big Sur,Big Sur 2025,6/24/2025,14.49970833,13.762,15.7,0.604711248,16,39,2025
Big Sur,Big Sur 2025,6/25/2025,14.76516667,13.714,16.511,0.943219448,17,38,2025
Big Sur,Big Sur 2025,6/26/2025,14.83254167,13.425,16.654,1.072009206,18,37,2025
Big Sur,Big Sur 2025,6/27/2025,15.03220833,13.858,16.82,0.956046887,19,36,2025
Big Sur,Big Sur 2025,6/28/2025,15.03275,14.098,16.534,0.766644935,20,35,2025
Big Sur,Big Sur 2025,6/29/2025,15.034,13.762,16.892,1.051501287,21,34,2025
Big Sur,Big Sur 2025,6/30/2025,15.163,14.098,16.796,0.849776902,22,33,2025
Big Sur,Big Sur 2025,7/1/2025,15.26045833,14.146,16.963,0.908648637,23,32,2025
Big Sur,Big Sur 2025,7/2/2025,15.35825,14.433,16.82,0.755743587,24,31,2025
Big Sur,Big Sur 2025,7/3/2025,15.12179167,14.481,16.177,0.485292828,25,30,2025
Big Sur,Big Sur 2025,7/4/2025,15.16725,13.882,17.058,1.101659904,26,29,2025
Big Sur,Big Sur 2025,7/5/2025,15.44308333,14.074,17.391,1.073495182,27,28,2025
Big Sur,Big Sur 2025,7/6/2025,15.28329167,14.17,17.034,0.926042561,28,27,2025
Big Sur,Big Sur 2025,7/7/2025,15.16645833,14.457,16.463,0.585995844,29,26,2025
Big Sur,Big Sur 2025,7/8/2025,15.46129167,14.361,17.249,0.954327875,30,25,2025
Big Sur,Big Sur 2025,7/9/2025,15.46833333,14.337,17.272,0.927547241,31,24,2025
Big Sur,Big Sur 2025,7/10/2025,15.46016667,14.194,17.344,1.026041556,32,23,2025
Big Sur,Big Sur 2025,7/11/2025,15.50383333,14.673,16.749,0.668314211,33,22,2025
Big Sur,Big Sur 2025,7/12/2025,15.22095833,14.242,16.534,0.726162844,34,21,2025
Big Sur,Big Sur 2025,7/13/2025,15.36475,14.074,17.13,0.998253399,35,20,2025
Big Sur,Big Sur 2025,7/14/2025,15.53904167,14.385,17.201,0.892142242,36,19,2025
Big Sur,Big Sur 2025,7/15/2025,15.51129167,14.361,16.987,0.84791291,37,18,2025
Big Sur,Big Sur 2025,7/16/2025,15.25245833,14.84,15.772,0.295828972,38,17,2025
Big Sur,Big Sur 2025,7/17/2025,15.74295833,14.721,17.558,0.952570457,39,16,2025
Big Sur,Big Sur 2025,7/18/2025,15.91404167,14.912,17.629,0.88681087,40,15,2025
Big Sur,Big Sur 2025,7/19/2025,15.86658333,14.96,17.51,0.741129626,41,14,2025
Big Sur,Big Sur 2025,7/20/2025,15.695625,14.792,17.106,0.699359633,42,13,2025
Big Sur,Big Sur 2025,7/21/2025,15.56279167,15.055,16.201,0.380004574,43,12,2025
Big Sur,Big Sur 2025,7/22/2025,15.910125,14.888,17.558,0.886378578,44,11,2025
Big Sur,Big Sur 2025,7/23/2025,15.84070833,15.055,17.177,0.643324955,45,10,2025
Big Sur,Big Sur 2025,7/24/2025,15.97479167,14.984,17.582,0.861006538,46,9,2025
Big Sur,Big Sur 2025,7/25/2025,15.95716667,15.318,17.225,0.586847337,47,8,2025
Big Sur,Big Sur 2025,7/26/2025,15.817125,15.199,16.677,0.495676728,48,7,2025
Big Sur,Big Sur 2025,7/27/2025,15.93916667,15.199,17.296,0.692301308,49,6,2025
Big Sur,Big Sur 2025,7/28/2025,16.076,15.103,17.819,0.923058715,50,5,2025
Big Sur,Big Sur 2025,7/29/2025,16.07370833,14.84,17.938,1.015818431,51,4,2025
Big Sur,Big Sur 2025,7/30/2025,15.98745833,14.768,17.748,0.96143448,52,3,2025
Big Sur,Big Sur 2025,7/31/2025,15.932,14.96,17.677,0.896701637,53,2,2025
Big Sur,Big Sur 2025,8/1/2025,15.80895833,14.984,17.296,0.686558872,54,1,2025
Carmel River,Carmel River 2024,10/8/2024,18.73769231,16.9,19.6,0.811009092,1,16,2024
Carmel River,Carmel River 2024,10/9/2024,17.28677083,15.48,18.92,1.135080331,2,15,2024
Carmel River,Carmel River 2024,10/10/2024,16.88166667,15.57,18.06,0.832906979,3,14,2024
Carmel River,Carmel River 2024,10/11/2024,15.93270833,14.5,17.33,0.942227461,4,13,2024
Carmel River,Carmel River 2024,10/12/2024,15.3725,13.47,17.5,1.411222687,5,12,2024
Carmel River,Carmel River 2024,10/13/2024,16.32625,14.71,18.1,1.163001788,6,11,2024
Carmel River,Carmel River 2024,10/14/2024,16.5784375,15.31,17.76,0.82633793,7,10,2024
Carmel River,Carmel River 2024,10/15/2024,16.07802083,14.45,17.76,1.123344274,8,9,2024
Carmel River,Carmel River 2024,10/16/2024,16.13145833,14.88,17.33,0.845839327,9,8,2024
Carmel River,Carmel River 2024,10/17/2024,15.08854167,13.85,16.26,0.72354097,10,7,2024
Carmel River,Carmel River 2024,10/18/2024,13.828125,12.31,15.18,0.952096095,11,6,2024
Carmel River,Carmel River 2024,10/19/2024,13.23291667,11.62,15.01,1.139937133,12,5,2024
Carmel River,Carmel River 2024,10/20/2024,13.204375,11.54,15.06,1.201903589,13,4,2024
Carmel River,Carmel River 2024,10/21/2024,13.07583333,11.54,14.54,1.004004264,14,3,2024
Carmel River,Carmel River 2024,10/22/2024,13.15510417,11.49,14.84,1.13541645,15,2,2024
Carmel River,Carmel River 2024,10/23/2024,12.52608696,11.88,13.94,0.621287117,16,1,2024
Carmel River,Carmel River 2025,8/15/2025,20.66962963,17.97,26.51,1.559448821,1,12,2025
Carmel River,Carmel River 2025,8/16/2025,19.274375,17.8,20.72,1.051379856,2,11,2025
Carmel River,Carmel River 2025,8/17/2025,20.04270833,18.32,21.83,1.12374325,3,10,2025
Carmel River,Carmel River 2025,8/18/2025,19.17625,16.94,21.23,1.464103276,4,9,2025
Carmel River,Carmel River 2025,8/19/2025,18.96354167,16.77,20.93,1.40488735,5,8,2025
Carmel River,Carmel River 2025,8/20/2025,19.05729167,16.43,21.36,1.786534431,6,7,2025
Carmel River,Carmel River 2025,8/21/2025,19.73854167,17.24,21.92,1.629759138,7,6,2025
Carmel River,Carmel River 2025,8/22/2025,19.91895833,17.93,21.79,1.228251204,8,5,2025
Carmel River,Carmel River 2025,8/23/2025,19.935,18.06,21.79,1.22497069,9,4,2025
Carmel River,Carmel River 2025,8/24/2025,20.04208333,18.44,21.7,1.029151599,10,3,2025
Carmel River,Carmel River 2025,8/25/2025,19.71645833,17.89,21.7,1.238208193,11,2,2025
Carmel River,Carmel River 2025,8/26/2025,18.71458333,17.84,20.25,0.735686483,12,1,2025
E Austin,E Austin 2025,5/30/2025,20.32888889,17.59,25.61,1.376185736,1,105,2025
E Austin,E Austin 2025,5/31/2025,19.58208333,17.46,22.09,1.634549789,2,104,2025
E Austin,E Austin 2025,6/1/2025,19.41145833,17.72,21.83,1.248294137,3,103,2025
E Austin,E Austin 2025,6/2/2025,18.25416667,16.69,20.16,1.073595735,4,102,2025
E Austin,E Austin 2025,6/3/2025,17.84729167,16.56,19.69,1.071391498,5,101,2025
E Austin,E Austin 2025,6/4/2025,17.93291667,16.43,20.25,1.224835131,6,100,2025
E Austin,E Austin 2025,6/5/2025,17.14395833,16.64,17.84,0.317729576,7,99,2025
E Austin,E Austin 2025,6/6/2025,17.620625,16.13,19.86,1.301345304,8,98,2025
E Austin,E Austin 2025,6/7/2025,18.02458333,16.51,20.37,1.289776425,9,97,2025
E Austin,E Austin 2025,6/8/2025,18.09479167,16.51,20.42,1.292744054,10,96,2025
E Austin,E Austin 2025,6/9/2025,18.39458333,16.81,20.89,1.377504618,11,95,2025
E Austin,E Austin 2025,6/10/2025,18.48541667,16.94,20.98,1.33906439,12,94,2025
E Austin,E Austin 2025,6/11/2025,18.26125,16.64,20.8,1.352352757,13,93,2025
E Austin,E Austin 2025,6/12/2025,17.75645833,15.57,20.5,1.56506881,14,92,2025
E Austin,E Austin 2025,6/13/2025,17.76604167,15.7,20.55,1.611784711,15,91,2025
E Austin,E Austin 2025,6/14/2025,17.59104167,15.57,20.03,1.430341783,16,90,2025
E Austin,E Austin 2025,6/15/2025,17.83395833,15.78,20.85,1.62701494,17,89,2025
E Austin,E Austin 2025,6/16/2025,17.715625,15.53,20.68,1.609824764,18,88,2025
E Austin,E Austin 2025,6/17/2025,18.10395833,15.78,21.45,1.818192626,19,87,2025
E Austin,E Austin 2025,6/18/2025,18.86479167,16.51,22.39,1.895381834,20,86,2025
E Austin,E Austin 2025,6/19/2025,18.86375,16.73,22.01,1.643061006,21,85,2025
E Austin,E Austin 2025,6/20/2025,18.17375,16.21,21.15,1.479145275,22,84,2025
E Austin,E Austin 2025,6/21/2025,18.07833333,16.17,20.8,1.499645821,23,83,2025
E Austin,E Austin 2025,6/22/2025,18.158125,16.17,20.93,1.489737455,24,82,2025
E Austin,E Austin 2025,6/23/2025,18.409375,16.26,21.79,1.736896727,25,81,2025
E Austin,E Austin 2025,6/24/2025,18.43458333,16.86,21.32,1.462655641,26,80,2025
E Austin,E Austin 2025,6/25/2025,18.55083333,16.77,21.36,1.561537477,27,79,2025
E Austin,E Austin 2025,6/26/2025,18.76479167,16.6,21.83,1.719469227,28,78,2025
E Austin,E Austin 2025,6/27/2025,19.39625,16.99,22.82,1.96600862,29,77,2025
E Austin,E Austin 2025,6/28/2025,19.930625,17.93,22.99,1.5748359,30,76,2025
E Austin,E Austin 2025,6/29/2025,19.64416667,17.63,22.65,1.628983279,31,75,2025
E Austin,E Austin 2025,6/30/2025,19.443125,17.59,22.48,1.591319747,32,74,2025
E Austin,E Austin 2025,7/1/2025,19.22333333,17.59,22.13,1.439023507,33,73,2025
E Austin,E Austin 2025,7/2/2025,19.38541667,17.37,22.43,1.6849054,34,72,2025
E Austin,E Austin 2025,7/3/2025,19.22354167,17.37,22.01,1.414268459,35,71,2025
E Austin,E Austin 2025,7/4/2025,18.92333333,16.9,22.18,1.617738549,36,70,2025
E Austin,E Austin 2025,7/5/2025,18.7575,16.47,22.09,1.772138389,37,69,2025
E Austin,E Austin 2025,7/6/2025,19.04666667,16.94,22.52,1.74105047,38,68,2025
E Austin,E Austin 2025,7/7/2025,18.625625,17.03,21.53,1.349745297,39,67,2025
E Austin,E Austin 2025,7/8/2025,18.318125,17.5,19.95,0.724641236,40,66,2025
E Austin,E Austin 2025,7/9/2025,18.82666667,17.11,22.05,1.574943881,41,65,2025
E Austin,E Austin 2025,7/10/2025,19.305625,16.99,22.69,1.907082997,42,64,2025
E Austin,E Austin 2025,7/11/2025,19.78875,17.8,22.78,1.603863189,43,63,2025
E Austin,E Austin 2025,7/12/2025,19.546875,17.97,22.26,1.373518786,44,62,2025
E Austin,E Austin 2025,7/13/2025,19.509375,17.97,22.39,1.438261963,45,61,2025
E Austin,E Austin 2025,7/14/2025,19.42208333,17.59,22.73,1.631750083,46,60,2025
E Austin,E Austin 2025,7/15/2025,18.931875,17.84,20.98,0.920831392,47,59,2025
E Austin,E Austin 2025,7/16/2025,18.28833333,17.76,19.43,0.396196455,48,58,2025
E Austin,E Austin 2025,7/17/2025,18.36666667,17.24,20.68,1.001620673,49,57,2025
E Austin,E Austin 2025,7/18/2025,18.78791667,17.16,21.79,1.443901273,50,56,2025
E Austin,E Austin 2025,7/19/2025,18.960625,17.41,21.96,1.377040314,51,55,2025
E Austin,E Austin 2025,7/20/2025,19.20375,17.5,22.26,1.473963574,52,54,2025
E Austin,E Austin 2025,7/21/2025,19.25291667,17.41,21.92,1.533335897,53,53,2025
E Austin,E Austin 2025,7/22/2025,18.73354167,17.59,20.89,0.915612781,54,52,2025
E Austin,E Austin 2025,7/23/2025,18.42,17.54,20.2,0.741657144,55,51,2025
E Austin,E Austin 2025,7/24/2025,18.64020833,17.2,21.45,1.347303832,56,50,2025
E Austin,E Austin 2025,7/25/2025,18.82145833,17.33,21.62,1.324373781,57,49,2025
E Austin,E Austin 2025,7/26/2025,18.81479167,17.63,21.23,1.082383087,58,48,2025
E Austin,E Austin 2025,7/27/2025,18.99854167,17.5,21.75,1.322917455,59,47,2025
E Austin,E Austin 2025,7/28/2025,19.05666667,17.11,22.13,1.56526163,60,46,2025
E Austin,E Austin 2025,7/29/2025,19.06479167,16.99,22.18,1.556410204,61,45,2025
E Austin,E Austin 2025,7/30/2025,19.00270833,17.07,21.75,1.546912834,62,44,2025
E Austin,E Austin 2025,7/31/2025,19.36854167,17.5,22.01,1.463145823,63,43,2025
E Austin,E Austin 2025,8/1/2025,19.4775,17.5,22.22,1.510953623,64,42,2025
E Austin,E Austin 2025,8/2/2025,19.38020833,17.33,21.96,1.519384659,65,41,2025
E Austin,E Austin 2025,8/3/2025,19.39041667,17.37,22.18,1.489600772,66,40,2025
E Austin,E Austin 2025,8/4/2025,18.98645833,16.9,21.66,1.516894209,67,39,2025
E Austin,E Austin 2025,8/5/2025,18.97291667,16.86,21.53,1.534914175,68,38,2025
E Austin,E Austin 2025,8/6/2025,19.27333333,17.29,21.49,1.438795793,69,37,2025
E Austin,E Austin 2025,8/7/2025,19.93333333,17.89,22.56,1.519171573,70,36,2025
E Austin,E Austin 2025,8/8/2025,20.111875,18.19,22.82,1.436083113,71,35,2025
E Austin,E Austin 2025,8/9/2025,19.933125,18.19,22.52,1.319671391,72,34,2025
E Austin,E Austin 2025,8/10/2025,19.605,17.97,22.39,1.280531804,73,33,2025
E Austin,E Austin 2025,8/11/2025,19.39541667,18.02,21.96,1.124479943,74,32,2025
E Austin,E Austin 2025,8/12/2025,19.38020833,17.93,21.92,1.204881012,75,31,2025
E Austin,E Austin 2025,8/13/2025,19.631875,18.36,22.13,1.109954295,76,30,2025
E Austin,E Austin 2025,8/14/2025,19.61041667,18.14,22.31,1.243799872,77,29,2025
E Austin,E Austin 2025,8/15/2025,19.73979167,17.72,22.73,1.518516198,78,28,2025
E Austin,E Austin 2025,8/16/2025,20.145,18.27,23.34,1.461522086,79,27,2025
E Austin,E Austin 2025,8/17/2025,19.54229167,18.02,22.43,1.049920442,80,26,2025
E Austin,E Austin 2025,8/18/2025,18.73770833,16.9,21.79,1.325992586,81,25,2025
E Austin,E Austin 2025,8/19/2025,18.684375,16.69,21.45,1.377964744,82,24,2025
E Austin,E Austin 2025,8/20/2025,19.06583333,17.07,21.88,1.416574882,83,23,2025
E Austin,E Austin 2025,8/21/2025,19.39895833,17.41,22.65,1.466736484,84,22,2025
E Austin,E Austin 2025,8/22/2025,19.08854167,17.2,22.09,1.366327567,85,21,2025
E Austin,E Austin 2025,8/23/2025,18.63125,17.16,20.59,1.051079739,86,20,2025
E Austin,E Austin 2025,8/24/2025,18.88916667,17.5,21.1,1.147166413,87,19,2025
E Austin,E Austin 2025,8/25/2025,19.080625,17.72,20.98,1.067298053,88,18,2025
E Austin,E Austin 2025,8/26/2025,19.10125,18.02,20.5,0.87053328,89,17,2025
E Austin,E Austin 2025,8/27/2025,18.78854167,17.46,20.29,0.9942066,90,16,2025
E Austin,E Austin 2025,8/28/2025,18.21270833,16.43,19.86,1.176022397,91,15,2025
E Austin,E Austin 2025,8/29/2025,18.34333333,16.69,20.07,1.19241456,92,14,2025
E Austin,E Austin 2025,8/30/2025,18.58458333,16.69,20.46,1.379427816,93,13,2025
E Austin,E Austin 2025,8/31/2025,18.6075,16.47,20.42,1.328729196,94,12,2025
E Austin,E Austin 2025,9/1/2025,18.83020833,16.73,20.76,1.401357229,95,11,2025
E Austin,E Austin 2025,9/2/2025,18.67833333,17.16,19.9,0.914740594,96,10,2025
E Austin,E Austin 2025,9/3/2025,18.945625,17.89,20.46,0.89503811,97,9,2025
E Austin,E Austin 2025,9/4/2025,18.49125,17.29,19.73,0.868367569,98,8,2025
E Austin,E Austin 2025,9/5/2025,18.625,17.46,20.03,0.944103763,99,7,2025
E Austin,E Austin 2025,9/6/2025,18.17,17.24,19.13,0.701160133,100,6,2025
E Austin,E Austin 2025,9/7/2025,17.91083333,16.39,19.35,0.99158552,101,5,2025
E Austin,E Austin 2025,9/8/2025,17.99541667,16.73,19.22,0.909528656,102,4,2025
E Austin,E Austin 2025,9/9/2025,18.78041667,18.23,19.43,0.39398109,103,3,2025
E Austin,E Austin 2025,9/10/2025,18.604375,17.8,19.47,0.574722528,104,2,2025
E Austin,E Austin 2025,9/11/2025,18.60606061,17.93,20.03,0.782639522,105,1,2025
Napa,Napa 2025,5/20/2025,17.73125,16.17,23.03,1.538765198,1,64,2025
Napa,Napa 2025,5/21/2025,15.925625,13.21,18.32,1.754597494,2,63,2025
Napa,Napa 2025,5/22/2025,15.55083333,13.08,17.72,1.482829144,3,62,2025
Napa,Napa 2025,5/23/2025,15.19895833,12.61,17.2,1.603110327,4,61,2025
Napa,Napa 2025,5/24/2025,15.644375,13.68,17.54,1.4481388,5,60,2025
Napa,Napa 2025,5/25/2025,15.06895833,12.87,17.07,1.476459595,6,59,2025
Napa,Napa 2025,5/26/2025,15.59645833,13.51,17.67,1.534185611,7,58,2025
Napa,Napa 2025,5/27/2025,15.8225,13.3,18.06,1.709157438,8,57,2025
Napa,Napa 2025,5/28/2025,16.00604167,13.77,18.27,1.56440423,9,56,2025
Napa,Napa 2025,5/29/2025,16.21791667,13.25,18.7,1.992556316,10,55,2025
Napa,Napa 2025,5/30/2025,17.85208333,15.01,20.46,2.006497911,11,54,2025
Napa,Napa 2025,5/31/2025,18.71854167,15.96,21.32,1.814630834,12,53,2025
Napa,Napa 2025,6/1/2025,17.91916667,15.96,20.12,1.250422624,13,52,2025
Napa,Napa 2025,6/2/2025,16.99916667,15.1,19.52,1.374563503,14,51,2025
Napa,Napa 2025,6/3/2025,16.68895833,14.24,19.17,1.666789805,15,50,2025
Napa,Napa 2025,6/4/2025,16.975,14.58,19.52,1.60627228,16,49,2025
Napa,Napa 2025,6/5/2025,16.92645833,15.1,19.3,1.340469098,17,48,2025
Napa,Napa 2025,6/6/2025,16.825,14.54,19.22,1.73525153,18,47,2025
Napa,Napa 2025,6/7/2025,17.15,14.8,19.6,1.631094137,19,46,2025
Napa,Napa 2025,6/8/2025,17.3425,15.23,19.77,1.581282135,20,45,2025
Napa,Napa 2025,6/9/2025,17.549375,15.44,20.03,1.517721425,21,44,2025
Napa,Napa 2025,6/10/2025,17.514375,15.61,20.03,1.447311383,22,43,2025
Napa,Napa 2025,6/11/2025,17.04729167,15.01,19.86,1.49673082,23,42,2025
Napa,Napa 2025,6/12/2025,16.300625,13.51,19.05,1.813938241,24,41,2025
Napa,Napa 2025,6/13/2025,16.22895833,13.6,18.92,1.745572197,25,40,2025
Napa,Napa 2025,6/14/2025,16.11958333,13.6,18.66,1.639443287,26,39,2025
Napa,Napa 2025,6/15/2025,16.55166667,13.85,19.35,1.880411152,27,38,2025
Napa,Napa 2025,6/16/2025,16.406875,13.68,19.05,1.69005622,28,37,2025
Napa,Napa 2025,6/17/2025,16.89958333,13.94,19.99,2.014077011,29,36,2025
Napa,Napa 2025,6/18/2025,17.93791667,15.01,21.06,2.021008763,30,35,2025
Napa,Napa 2025,6/19/2025,17.92041667,15.36,20.68,1.638763102,31,34,2025
Napa,Napa 2025,6/20/2025,16.94729167,14.75,19.56,1.412126418,32,33,2025
Napa,Napa 2025,6/21/2025,16.19166667,13.73,18.87,1.615050666,33,32,2025
Napa,Napa 2025,6/22/2025,16.4375,13.81,19.26,1.753650903,34,31,2025
Napa,Napa 2025,6/23/2025,16.86395833,14.03,20.2,2.022306183,35,30,2025
Napa,Napa 2025,6/24/2025,17.136875,15.06,19.9,1.54790477,36,29,2025
Napa,Napa 2025,6/25/2025,17.135625,14.88,20.03,1.733559745,37,28,2025
Napa,Napa 2025,6/26/2025,17.71,15.31,20.68,1.818288885,38,27,2025
Napa,Napa 2025,6/27/2025,18.55416667,15.66,21.79,2.086037507,39,26,2025
Napa,Napa 2025,6/28/2025,19.39416667,16.64,22.69,1.986763468,40,25,2025
Napa,Napa 2025,6/29/2025,19.34145833,16.64,22.35,1.800594452,41,24,2025
Napa,Napa 2025,6/30/2025,19.26583333,16.99,22.09,1.65460265,42,23,2025
Napa,Napa 2025,7/1/2025,18.78833333,16.39,21.62,1.702981532,43,22,2025
Napa,Napa 2025,7/2/2025,18.87520833,16.6,21.83,1.675268146,44,21,2025
Napa,Napa 2025,7/3/2025,18.39791667,16.43,20.98,1.446151104,45,20,2025
Napa,Napa 2025,7/4/2025,17.54020833,15.1,20.55,1.707024897,46,19,2025
Napa,Napa 2025,7/5/2025,16.981875,13.94,20.25,2.080377069,47,18,2025
Napa,Napa 2025,7/6/2025,17.85,15.31,20.93,1.93275352,48,17,2025
Napa,Napa 2025,7/7/2025,17.83395833,15.7,20.55,1.617103715,49,16,2025
Napa,Napa 2025,7/8/2025,17.6075,15.14,20.89,1.874761261,50,15,2025
Napa,Napa 2025,7/9/2025,18.22708333,15.91,21.36,1.935359616,51,14,2025
Napa,Napa 2025,7/10/2025,18.93270833,16,22.18,2.087018376,52,13,2025
Napa,Napa 2025,7/11/2025,19.61979167,17.03,22.61,1.835236073,53,12,2025
Napa,Napa 2025,7/12/2025,19.495625,17.41,22.61,1.553127122,54,11,2025
Napa,Napa 2025,7/13/2025,19.01083333,16.43,22.35,1.874811574,55,10,2025
Napa,Napa 2025,7/14/2025,18.566875,15.44,22.13,2.175432612,56,9,2025
Napa,Napa 2025,7/15/2025,18.479375,16.08,21.66,1.746052577,57,8,2025
Napa,Napa 2025,7/16/2025,18.32645833,16.43,21.28,1.572260183,58,7,2025
Napa,Napa 2025,7/17/2025,18.23375,16.04,21.32,1.809400541,59,6,2025
Napa,Napa 2025,7/18/2025,18.11625,15.66,21.23,1.914813057,60,5,2025
Napa,Napa 2025,7/19/2025,18.04104167,15.61,21.1,1.894085126,61,4,2025
Napa,Napa 2025,7/20/2025,18.27125,16.21,21.02,1.642162074,62,3,2025
Napa,Napa 2025,7/21/2025,18.10395833,16.08,21.06,1.631329884,63,2,2025
Napa,Napa 2025,7/22/2025,16.46,15.83,17.72,0.586290341,64,1,2025
Scott Creek,Scott Creek 2024,8/19/2024,18.04642857,16,36.25,2.372279016,1,16,2024
Scott Creek,Scott Creek 2024,8/20/2024,16.78086806,13.98,22.39,2.406294506,2,15,2024
Scott Creek,Scott Creek 2024,8/21/2024,17.15947917,14.88,22.22,2.013173533,3,14,2024
Scott Creek,Scott Creek 2024,8/22/2024,17.21027778,15.83,21.23,1.508688169,4,13,2024
Scott Creek,Scott Creek 2024,8/23/2024,16.28211806,14.93,17.97,0.909170484,5,12,2024
Scott Creek,Scott Creek 2024,8/24/2024,17.01041667,15.23,21.45,1.787145691,6,11,2024
Scott Creek,Scott Creek 2024,8/25/2024,16.72461806,14.24,21.66,2.074659754,7,10,2024
Scott Creek,Scott Creek 2024,8/26/2024,16.92270833,14.5,22.05,2.139053234,8,9,2024
Scott Creek,Scott Creek 2024,8/27/2024,17.02041667,14.5,22.13,2.141148663,9,8,2024
Scott Creek,Scott Creek 2024,8/28/2024,16.46239583,14.2,21.32,1.888307546,10,7,2024
Scott Creek,Scott Creek 2024,8/29/2024,16.34868056,14.15,20.98,1.816484427,11,6,2024
Scott Creek,Scott Creek 2024,8/30/2024,16.15586806,13.94,20.85,1.905060182,12,5,2024
Scott Creek,Scott Creek 2024,8/31/2024,16.34201389,14.2,21.06,1.909225569,13,4,2024
Scott Creek,Scott Creek 2024,9/1/2024,16.4984375,14.2,21.49,2.03889821,14,3,2024
Scott Creek,Scott Creek 2024,9/2/2024,16.35350694,13.85,21.32,2.077696525,15,2,2024
Scott Creek,Scott Creek 2024,9/3/2024,15.61278075,13.9,21.23,1.921653849,16,1,2024
Scott Creek,Scott Creek 2025,5/20/2025,15.2942,13.161,17.51,1.461981246,1,93,2025
Scott Creek,Scott Creek 2025,5/21/2025,13.74446875,11.224,17.249,2.040268759,2,92,2025
Scott Creek,Scott Creek 2025,5/22/2025,14.16057292,12.05,17.819,1.882175185,3,91,2025
Scott Creek,Scott Creek 2025,5/23/2025,13.78159375,12.05,16.987,1.58239237,4,90,2025
Scott Creek,Scott Creek 2025,5/24/2025,13.67586458,12.025,16.892,1.621714347,5,89,2025
Scott Creek,Scott Creek 2025,5/25/2025,13.4621875,11.37,16.63,1.656014272,6,88,2025
Scott Creek,Scott Creek 2025,5/26/2025,14.13972917,12.34,17.463,1.735893251,7,87,2025
Scott Creek,Scott Creek 2025,5/27/2025,13.742125,11.759,16.915,1.621292975,8,86,2025
Scott Creek,Scott Creek 2025,5/28/2025,14.20966667,12.534,17.534,1.636108996,9,85,2025
Scott Creek,Scott Creek 2025,5/29/2025,14.61407292,12.195,18.319,2.173008616,10,84,2025
Scott Creek,Scott Creek 2025,5/30/2025,15.58371875,13.088,19.341,2.099928258,11,83,2025
Scott Creek,Scott Creek 2025,5/31/2025,16.14996875,14.026,19.651,1.875775648,12,82,2025
Scott Creek,Scott Creek 2025,6/1/2025,15.450125,14.146,18.414,1.384876968,13,81,2025
Scott Creek,Scott Creek 2025,6/2/2025,14.82648958,13.546,17.843,1.43288512,14,80,2025
Scott Creek,Scott Creek 2025,6/3/2025,14.595875,12.582,18.105,1.809824046,15,79,2025
Scott Creek,Scott Creek 2025,6/4/2025,14.44095833,12.34,17.486,1.617090844,16,78,2025
Scott Creek,Scott Creek 2025,6/5/2025,14.24090625,13.618,15.652,0.587034063,17,77,2025
Scott Creek,Scott Creek 2025,6/6/2025,14.50336458,13.473,16.129,0.89349588,18,76,2025
Scott Creek,Scott Creek 2025,6/7/2025,14.54729167,13.425,16.439,0.970193371,19,75,2025
Scott Creek,Scott Creek 2025,6/8/2025,15.29061458,13.642,18.414,1.56016498,20,74,2025
Scott Creek,Scott Creek 2025,6/9/2025,15.46023958,13.642,18.794,1.685165222,21,73,2025
Scott Creek,Scott Creek 2025,6/10/2025,15.66938542,13.954,19.08,1.691005415,22,72,2025
Scott Creek,Scott Creek 2025,6/11/2025,14.78190625,12.34,18.366,1.879948992,23,71,2025
Scott Creek,Scott Creek 2025,6/12/2025,14.409875,11.977,18.081,2.001015501,24,70,2025
Scott Creek,Scott Creek 2025,6/13/2025,14.48769792,12.05,18.152,2.034708794,25,69,2025
Scott Creek,Scott Creek 2025,6/14/2025,14.3821875,11.953,18.057,1.99909396,26,68,2025
Scott Creek,Scott Creek 2025,6/15/2025,14.44847917,11.88,18.271,2.097571899,27,67,2025
Scott Creek,Scott Creek 2025,6/16/2025,14.37942708,11.783,18.129,2.071308159,28,66,2025
Scott Creek,Scott Creek 2025,6/17/2025,14.84532292,12.316,18.937,2.24210261,29,65,2025
Scott Creek,Scott Creek 2025,6/18/2025,15.38715625,12.751,19.318,2.241034391,30,64,2025
Scott Creek,Scott Creek 2025,6/19/2025,15.40635417,13.185,19.199,1.894211448,31,63,2025
Scott Creek,Scott Creek 2025,6/20/2025,14.954625,13.353,18.557,1.707684916,32,62,2025
Scott Creek,Scott Creek 2025,6/21/2025,14.68188542,12.461,18.604,2.044400439,33,61,2025
Scott Creek,Scott Creek 2025,6/22/2025,14.54205208,12.147,18.343,2.02564127,34,60,2025
Scott Creek,Scott Creek 2025,6/23/2025,14.51546875,12.122,18.247,1.956859756,35,59,2025
Scott Creek,Scott Creek 2025,6/24/2025,14.98154167,13.016,18.604,1.845101337,36,58,2025
Scott Creek,Scott Creek 2025,6/25/2025,15.13191667,12.703,18.889,2.021160754,37,57,2025
Scott Creek,Scott Creek 2025,6/26/2025,15.3328125,12.847,19.27,2.115994345,38,56,2025
Scott Creek,Scott Creek 2025,6/27/2025,15.40721875,13.064,19.27,2.042017167,39,55,2025
Scott Creek,Scott Creek 2025,6/28/2025,15.77815625,13.594,19.651,1.95165099,40,54,2025
Scott Creek,Scott Creek 2025,6/29/2025,15.75807292,13.714,19.603,1.926588057,41,53,2025
Scott Creek,Scott Creek 2025,6/30/2025,15.72170833,13.546,19.555,1.939430296,42,52,2025
Scott Creek,Scott Creek 2025,7/1/2025,15.92383333,13.882,19.674,1.848887094,43,51,2025
Scott Creek,Scott Creek 2025,7/2/2025,15.95405208,14.122,19.603,1.74848414,44,50,2025
Scott Creek,Scott Creek 2025,7/3/2025,15.66282292,13.546,19.341,1.829350152,45,49,2025
Scott Creek,Scott Creek 2025,7/4/2025,15.60101042,13.185,19.746,2.145872643,46,48,2025
Scott Creek,Scott Creek 2025,7/5/2025,15.20705208,12.534,19.294,2.175575696,47,47,2025
Scott Creek,Scott Creek 2025,7/6/2025,15.0211875,12.485,18.937,2.048250973,48,46,2025
Scott Creek,Scott Creek 2025,7/7/2025,15.59192708,13.69,19.365,1.784786705,49,45,2025
Scott Creek,Scott Creek 2025,7/8/2025,16.01910417,14.194,19.77,1.787576245,50,44,2025
Scott Creek,Scott Creek 2025,7/9/2025,16.04166667,13.305,20.055,2.198555845,51,43,2025
Scott Creek,Scott Creek 2025,7/10/2025,16.21610417,13.666,20.174,2.083500488,52,42,2025
Scott Creek,Scott Creek 2025,7/11/2025,16.22745833,13.978,20.198,1.988095137,53,41,2025
Scott Creek,Scott Creek 2025,7/12/2025,16.33746875,14.361,20.079,1.776651161,54,40,2025
Scott Creek,Scott Creek 2025,7/13/2025,16.3340625,14.266,20.269,1.877625936,55,39,2025
Scott Creek,Scott Creek 2025,7/14/2025,16.04952083,13.594,19.984,1.953862668,56,38,2025
Scott Creek,Scott Creek 2025,7/15/2025,16.04530208,14.002,19.793,1.721188189,57,37,2025
Scott Creek,Scott Creek 2025,7/16/2025,16.25596875,14.816,19.77,1.52823029,58,36,2025
Scott Creek,Scott Creek 2025,7/17/2025,16.34903125,14.361,20.15,1.820888028,59,35,2025
Scott Creek,Scott Creek 2025,7/18/2025,16.37048958,14.457,19.984,1.708930056,60,34,2025
Scott Creek,Scott Creek 2025,7/19/2025,16.15154167,14.05,20.079,1.87925111,61,33,2025
Scott Creek,Scott Creek 2025,7/20/2025,15.69766667,13.714,18.794,1.516772548,62,32,2025
Scott Creek,Scott Creek 2025,7/21/2025,16.40126042,14.385,20.484,2.001951796,63,31,2025
Scott Creek,Scott Creek 2025,7/22/2025,15.56785417,14.625,17.296,0.830560318,64,30,2025
Scott Creek,Scott Creek 2025,7/23/2025,16.05109375,14.242,19.888,1.802248835,65,29,2025
Scott Creek,Scott Creek 2025,7/24/2025,16.050625,14.553,18.699,1.370657808,66,28,2025
Scott Creek,Scott Creek 2025,7/25/2025,16.26030208,14.697,19.341,1.422572741,67,27,2025
Scott Creek,Scott Creek 2025,7/26/2025,16.43446875,14.721,20.126,1.708080018,68,26,2025
Scott Creek,Scott Creek 2025,7/27/2025,16.41663542,14.433,20.15,1.805509627,69,25,2025
Scott Creek,Scott Creek 2025,7/28/2025,16.4348,13.882,20.46,2.117899605,70,24,2025
Scott Creek,Scott Creek 2025,7/29/2025,16.47592708,13.954,20.674,2.124012242,71,23,2025
Scott Creek,Scott Creek 2025,7/30/2025,16.53273958,14.218,20.674,1.987723979,72,22,2025
Scott Creek,Scott Creek 2025,7/31/2025,16.85090625,15.127,20.698,1.736489896,73,21,2025
Scott Creek,Scott Creek 2025,8/1/2025,16.57659375,14.457,20.531,1.861033287,74,20,2025
Scott Creek,Scott Creek 2025,8/2/2025,16.57011458,14.457,20.65,1.923673962,75,19,2025
Scott Creek,Scott Creek 2025,8/3/2025,16.374875,14.122,20.531,1.97084902,76,18,2025
Scott Creek,Scott Creek 2025,8/4/2025,16.41397917,13.954,20.579,2.137556874,77,17,2025
Scott Creek,Scott Creek 2025,8/5/2025,16.36033333,13.906,20.412,2.034255833,78,16,2025
Scott Creek,Scott Creek 2025,8/6/2025,16.5884375,13.978,20.746,2.190564223,79,15,2025
Scott Creek,Scott Creek 2025,8/7/2025,16.94066667,14.84,20.865,1.879025625,80,14,2025
Scott Creek,Scott Creek 2025,8/8/2025,16.80436458,14.936,20.531,1.651786173,81,13,2025
Scott Creek,Scott Creek 2025,8/9/2025,16.77647917,14.984,20.531,1.692088364,82,12,2025
Scott Creek,Scott Creek 2025,8/10/2025,16.74759375,14.721,20.484,1.705433216,83,11,2025
Scott Creek,Scott Creek 2025,8/11/2025,16.74525,14.745,20.484,1.748607614,84,10,2025
Scott Creek,Scott Creek 2025,8/12/2025,16.50823958,14.266,20.317,1.827587744,85,9,2025
Scott Creek,Scott Creek 2025,8/13/2025,16.53333333,14.266,20.531,1.929341664,86,8,2025
Scott Creek,Scott Creek 2025,8/14/2025,16.99102083,15.247,20.722,1.653169046,87,7,2025
Scott Creek,Scott Creek 2025,8/15/2025,16.98852083,14.984,20.865,1.894176983,88,6,2025
Scott Creek,Scott Creek 2025,8/16/2025,17.05679167,16.439,18.224,0.571869766,89,5,2025
Scott Creek,Scott Creek 2025,8/17/2025,17.1398125,15.223,20.984,1.747764667,90,4,2025
Scott Creek,Scott Creek 2025,8/18/2025,17.01157292,14.745,21.032,1.923146193,91,3,2025
Scott Creek,Scott Creek 2025,8/19/2025,16.83119792,14.409,20.889,1.927602436,92,2,2025
Scott Creek,Scott Creek 2025,8/20/2025,16.89133333,14.314,20.936,2.089484347,93,1,2025
